Customer ID,Gender,Age,Senior Citizen,Married,Dependents,City,State,Tenure in Months,Tenure Bucket,Contract,Internet Type,Payment Method,Monthly Charge,Total Charges,Total Revenue,Satisfaction Score,Churn Score,CLTV,Churned,Churn Label,Churn Category,Churn Reason,At Risk Flag
8779-QRDMV,Male,78,Yes,No,No,Los Angeles,California,1,0-12,Month-to-Month,DSL,Bank Withdrawal,39.65,39.65,59.65,3,91,5433,1,Yes,Competitor,Competitor offered more data,Normal
7495-OOKFY,Female,74,Yes,Yes,Yes,Los Angeles,California,8,0-12,Month-to-Month,Fiber Optic,Credit Card,80.65,633.3,1024.1,3,69,5302,1,Yes,Competitor,Competitor made better offer,Normal
1658-BYGOY,Male,71,Yes,No,Yes,Los Angeles,California,18,13-24,Month-to-Month,Fiber Optic,Bank Withdrawal,95.45,1752.55,1910.88,2,81,3179,1,Yes,Competitor,Competitor made better offer,Normal
4598-XLKNJ,Female,78,Yes,Yes,Yes,Inglewood,California,25,25-48,Month-to-Month,Fiber Optic,Bank Withdrawal,98.5,2514.5,2995.07,2,88,5337,1,Yes,Dissatisfaction,Limited range of services,Normal
4846-WHAFZ,Female,80,Yes,Yes,Yes,Whittier,California,37,25-48,Month-to-Month,Fiber Optic,Bank Withdrawal,76.5,2868.15,3102.36,2,67,2793,1,Yes,Price,Extra data charges,Normal
4412-YLTKF,Female,72,Yes,No,Yes,Pico Rivera,California,27,25-48,Month-to-Month,Fiber Optic,Bank Withdrawal,78.05,2135.5,2235.41,1,95,4638,1,Yes,Competitor,Competitor had better devices,Normal
0390-DCFDQ,Female,76,Yes,Yes,Yes,Los Alamitos,California,1,0-12,Month-to-Month,Fiber Optic,Mailed Check,70.45,70.45,85.73,2,76,3964,1,Yes,Other,Don't know,Normal
3445-HXXGF,Male,66,Yes,Yes,No,Sierra Madre,California,58,49-72,Month-to-Month,DSL,Bank Withdrawal,45.3,2651.2,2610.25,1,91,5444,1,Yes,Dissatisfaction,Service dissatisfaction,Normal
2656-FMOKZ,Female,70,Yes,No,Yes,Pasadena,California,15,13-24,Month-to-Month,Fiber Optic,Mailed Check,74.45,1145.7,1806.75,2,91,5717,1,Yes,Dissatisfaction,Limited range of services,Normal
2070-FNEXE,Female,77,Yes,No,Yes,Pasadena,California,7,0-12,Month-to-Month,Fiber Optic,Bank Withdrawal,76.45,503.6,681.2,2,81,4419,1,Yes,Price,Lack of affordable download/upload speed,Normal
0094-OIFMO,Female,78,Yes,No,Yes,North Hollywood,California,11,0-12,Month-to-Month,Fiber Optic,Bank Withdrawal,95.0,1120.3,1367.79,1,85,5980,1,Yes,Dissatisfaction,Product dissatisfaction,Normal
9947-OTFQU,Male,65,Yes,No,No,Covina,California,15,13-24,Month-to-Month,Fiber Optic,Bank Withdrawal,74.4,1074.3,1510.9499999999998,1,86,4616,1,Yes,Competitor,Competitor had better devices,Normal
9514-JDSKI,Male,77,Yes,Yes,No,El Monte,California,1,0-12,Month-to-Month,DSL,Bank Withdrawal,40.2,40.2,40.2,2,65,5828,1,Yes,Dissatisfaction,Limited range of services,Normal
7273-TEFQD,Male,67,Yes,No,No,La Puente,California,3,0-12,Month-to-Month,DSL,Bank Withdrawal,41.15,132.2,132.2,2,96,2314,1,Yes,Price,Long distance charges,Normal
3606-TWKGI,Male,68,Yes,No,No,Rowland Heights,California,13,13-24,Month-to-Month,Cable,Bank Withdrawal,106.9,1364.3,1799.14,1,84,2494,1,Yes,Competitor,Competitor had better devices,Normal
4385-GZQXV,Female,68,Yes,No,No,Ontario,California,16,13-24,Month-to-Month,Fiber Optic,Bank Withdrawal,94.45,1511.2,1662.08,1,81,3810,1,Yes,Competitor,Competitor had better devices,Normal
3488-PGMQJ,Male,66,Yes,No,No,Alpine,California,8,0-12,Month-to-Month,Fiber Optic,Bank Withdrawal,74.5,606.55,620.79,2,80,4345,1,Yes,Dissatisfaction,Poor expertise of online support,Normal
7534-BFESC,Male,69,Yes,No,No,San Diego,California,24,13-24,Month-to-Month,Fiber Optic,Bank Withdrawal,76.1,1712.7,2453.58,2,91,2018,1,Yes,Competitor,Competitor made better offer,Normal
8098-LLAZX,Female,74,Yes,No,No,San Diego,California,4,0-12,Month-to-Month,Fiber Optic,Bank Withdrawal,95.45,396.1,522.54,3,85,3677,1,Yes,Competitor,Competitor made better offer,Normal
0265-EDXBD,Male,76,Yes,Yes,No,San Diego,California,32,25-48,Month-to-Month,Fiber Optic,Bank Withdrawal,74.9,2303.35,3818.23,2,69,4105,1,Yes,Attitude,Attitude of support person,Normal
2840-XANRC,Male,77,Yes,Yes,No,San Diego,California,24,13-24,Month-to-Month,Cable,Bank Withdrawal,93.15,2231.05,2617.4500000000003,2,73,2212,1,Yes,Competitor,Competitor made better offer,Normal
5020-ZSTTY,Female,70,Yes,No,No,San Diego,California,54,49-72,One Year,DSL,Bank Withdrawal,82.45,4350.1,5002.42,1,83,4149,1,Yes,Competitor,Competitor made better offer,Normal
5804-LEPIM,Female,74,Yes,No,No,San Diego,California,2,0-12,Month-to-Month,Fiber Optic,Bank Withdrawal,70.35,139.05,165.39,3,73,2671,1,Yes,Other,Don't know,Normal
0623-IIHUG,Female,77,Yes,No,No,San Diego,California,21,13-24,Month-to-Month,Cable,Bank Withdrawal,41.9,840.1,840.1,1,90,4778,1,Yes,Competitor,Competitor made better offer,Normal
9057-MSWCO,Male,71,Yes,Yes,No,San Diego,California,27,25-48,Month-to-Month,Cable,Credit Card,30.75,805.1,945.1,1,91,2927,1,Yes,Competitor,Competitor made better offer,Normal
4895-TMWIR,Male,79,Yes,Yes,No,San Diego,California,11,0-12,Month-to-Month,,Mailed Check,19.95,214.75,539.69,1,80,5888,1,Yes,Competitor,Competitor made better offer,Normal
0533-BNWKF,Female,66,Yes,Yes,No,San Diego,California,55,49-72,Month-to-Month,Fiber Optic,Bank Withdrawal,85.45,4874.7,7319.799999999999,1,91,5502,1,Yes,Competitor,Competitor made better offer,Normal
0334-GDDSO,Male,77,Yes,No,No,San Diego,California,3,0-12,Month-to-Month,Fiber Optic,Bank Withdrawal,81.35,233.7,261.36,1,73,2818,1,Yes,Competitor,Competitor made better offer,Normal
5564-NEMQO,Female,80,Yes,No,No,Thermal,California,1,0-12,Month-to-Month,Fiber Optic,Bank Withdrawal,75.3,75.3,130.39,2,67,4902,1,Yes,Dissatisfaction,Network reliability,Normal
6235-VDHOM,Female,77,Yes,No,No,Riverside,California,5,0-12,Month-to-Month,DSL,Bank Withdrawal,28.45,131.05,131.05,2,89,4099,1,Yes,Dissatisfaction,Limited range of services,Normal
5609-CEBID,Female,77,Yes,No,No,Hemet,California,20,13-24,Month-to-Month,Fiber Optic,Bank Withdrawal,94.1,1782.4,2837.0,1,87,2666,1,Yes,Competitor,Competitor had better devices,Normal
5956-VKDTT,Female,72,Yes,Yes,No,Moreno Valley,California,5,0-12,Month-to-Month,Fiber Optic,Bank Withdrawal,74.35,334.8,563.6,1,82,5273,1,Yes,Dissatisfaction,Product dissatisfaction,Normal
0257-ZESQC,Female,80,Yes,Yes,No,Perris,California,27,25-48,Month-to-Month,Cable,Bank Withdrawal,75.2,1929.35,2118.89,1,91,4517,1,Yes,Attitude,Attitude of support person,Normal
2865-TCHJW,Female,74,Yes,No,No,Anaheim,California,4,0-12,Month-to-Month,Cable,Bank Withdrawal,89.2,346.2,539.6,1,74,5808,1,Yes,Competitor,Competitor had better devices,Normal
5192-EBGOV,Female,68,Yes,No,No,Brea,California,1,0-12,Month-to-Month,Fiber Optic,Bank Withdrawal,85.7,85.7,131.51,1,66,4880,1,Yes,Competitor,Competitor had better devices,Normal
3419-SNJJD,Female,78,Yes,Yes,No,Yorba Linda,California,65,49-72,Month-to-Month,Fiber Optic,Bank Withdrawal,105.25,6786.4,7981.75,1,91,4196,1,Yes,Attitude,Attitude of support person,Normal
4554-YGZIH,Male,75,Yes,Yes,No,Summerland,California,49,49-72,Month-to-Month,Fiber Optic,Credit Card,90.05,4547.25,5670.33,2,96,5059,1,Yes,Competitor,Competitor made better offer,Normal
5099-BAILX,Male,77,Yes,Yes,No,Santa Barbara,California,43,25-48,Month-to-Month,Fiber Optic,Bank Withdrawal,110.75,4687.9,5312.259999999999,2,65,2728,1,Yes,Competitor,Competitor made better offer,Normal
4913-EHYUI,Male,80,Yes,Yes,No,Alpaugh,California,56,49-72,One Year,Fiber Optic,Bank Withdrawal,104.55,5794.65,8527.449999999999,1,91,6268,1,Yes,Competitor,Competitor offered higher download speeds,Normal
1626-ERCMM,Male,75,Yes,Yes,No,Camp Nelson,California,20,13-24,Month-to-Month,Fiber Optic,Bank Withdrawal,94.55,1899.65,2005.85,1,84,5604,1,Yes,Competitor,Competitor had better devices,Normal
5644-PDMZC,Female,69,Yes,No,No,Delano,California,2,0-12,Month-to-Month,Fiber Optic,Bank Withdrawal,89.5,161.5,256.44,2,80,2065,1,Yes,Attitude,Attitude of support person,Normal
4160-AMJTL,Female,74,Yes,No,No,Fellows,California,8,0-12,Month-to-Month,,Bank Withdrawal,19.65,164.3,387.9,2,83,5432,1,Yes,Attitude,Attitude of support person,Normal
0823-HSCDJ,Male,76,Yes,No,No,Temecula,California,52,49-72,Month-to-Month,DSL,Bank Withdrawal,49.15,2550.9,2580.9,2,90,5597,1,Yes,Competitor,Competitor made better offer,Normal
0067-DKWBL,Male,69,Yes,No,No,San Diego,California,2,0-12,Month-to-Month,DSL,Bank Withdrawal,49.25,91.1,179.07999999999998,2,95,3475,1,Yes,Competitor,Competitor made better offer,Normal
5244-IRFIH,Male,72,Yes,Yes,No,San Diego,California,33,25-48,Month-to-Month,Fiber Optic,Bank Withdrawal,94.5,3105.55,4022.29,3,91,4333,1,Yes,Other,Poor expertise of online support,Normal
2684-EIWEO,Female,69,Yes,No,No,San Diego,California,30,25-48,Month-to-Month,Fiber Optic,Credit Card,91.7,2758.15,4134.55,1,90,2482,1,Yes,Competitor,Competitor made better offer,Normal
6683-VLCTZ,Male,73,Yes,No,No,San Diego,California,20,13-24,Month-to-Month,Fiber Optic,Bank Withdrawal,98.55,1842.8,2851.6,3,92,5444,1,Yes,Competitor,Competitor made better offer,Normal
0691-IFBQW,Female,65,Yes,No,No,Biola,California,46,25-48,One Year,Fiber Optic,Bank Withdrawal,110.0,4874.8,4983.820000000001,1,81,2403,1,Yes,Competitor,Competitor made better offer,Normal
3643-AHCFP,Male,74,Yes,Yes,No,Selma,California,7,0-12,Month-to-Month,Cable,Bank Withdrawal,95.6,644.35,797.72,3,83,3265,1,Yes,Competitor,Competitor made better offer,Normal
9231-ZJYAM,Female,65,Yes,No,No,Squaw Valley,California,4,0-12,Month-to-Month,Fiber Optic,Bank Withdrawal,78.85,292.8,440.52,3,72,5301,1,Yes,Other,Moved,Normal
0727-BMPLR,Female,66,Yes,No,No,Fresno,California,55,49-72,One Year,Fiber Optic,Bank Withdrawal,100.0,5509.3,7665.200000000001,3,83,5679,1,Yes,Competitor,Competitor offered higher download speeds,Normal
0947-MUGVO,Male,71,Yes,Yes,No,Jolon,California,20,13-24,Month-to-Month,Fiber Optic,Bank Withdrawal,73.65,1463.5,1570.9,1,95,5849,1,Yes,Competitor,Competitor had better devices,Normal
0781-LKXBR,Male,65,Yes,No,No,San Francisco,California,9,0-12,Month-to-Month,Fiber Optic,Bank Withdrawal,100.5,918.6,1356.99,1,70,4038,1,Yes,Competitor,Competitor had better devices,Normal
1907-UBQFC,Male,69,Yes,No,No,San Francisco,California,10,0-12,Month-to-Month,Fiber Optic,Bank Withdrawal,72.85,688.65,773.25,1,91,3189,1,Yes,Competitor,Competitor had better devices,Normal
6513-EECDB,Male,75,Yes,Yes,No,San Francisco,California,1,0-12,Month-to-Month,Fiber Optic,Bank Withdrawal,73.55,73.55,110.47,2,94,4369,1,Yes,Price,Price too high,Normal
7074-IEVOJ,Female,75,Yes,No,No,San Francisco,California,3,0-12,Month-to-Month,Fiber Optic,Bank Withdrawal,79.4,205.05,330.75,1,91,3501,1,Yes,Dissatisfaction,Product dissatisfaction,Normal
4750-ZRXIU,Female,68,Yes,No,No,Palo Alto,California,4,0-12,Month-to-Month,Cable,Bank Withdrawal,84.6,360.1,386.8200000000001,1,83,2467,1,Yes,Competitor,Competitor had better devices,Normal
7028-DVOIQ,Male,71,Yes,No,No,Birds Landing,California,35,25-48,Month-to-Month,Fiber Optic,Bank Withdrawal,99.05,3395.8,4244.85,1,82,2074,1,Yes,Other,Don't know,Normal
4208-UFFGW,Male,80,Yes,No,No,Byron,California,2,0-12,Month-to-Month,DSL,Credit Card,44.95,85.15,138.39,2,84,5900,1,Yes,Other,Don't know,Normal
9889-TMAHG,Male,66,Yes,No,No,Fremont,California,8,0-12,Month-to-Month,Fiber Optic,Credit Card,100.3,832.35,924.91,1,74,5084,1,Yes,Competitor,Competitor had better devices,Normal
8919-FYFQZ,Male,73,Yes,Yes,No,Livermore,California,44,25-48,Month-to-Month,Cable,Bank Withdrawal,30.35,1359.7,1359.7,1,96,4829,1,Yes,Competitor,Competitor had better devices,Normal
6646-QVXLR,Male,77,Yes,Yes,No,Napa,California,62,49-72,One Year,Fiber Optic,Bank Withdrawal,103.75,6383.35,6824.17,1,91,5052,1,Yes,Competitor,Competitor had better devices,Normal
9369-XFEHK,Female,76,Yes,Yes,No,Pleasanton,California,33,25-48,Month-to-Month,Cable,Bank Withdrawal,80.6,2656.5,3751.77,2,72,3601,1,Yes,Competitor,Competitor offered more data,Normal
1374-DMZUI,Female,65,Yes,No,No,San Ramon,California,4,0-12,Month-to-Month,Fiber Optic,Bank Withdrawal,94.3,424.45,622.45,2,91,5419,1,Yes,Competitor,Competitor made better offer,Normal
1989-PRJHP,Male,75,Yes,Yes,No,Pleasanton,California,27,25-48,Month-to-Month,Fiber Optic,Bank Withdrawal,75.5,1893.95,2180.15,1,65,2377,1,Yes,Competitor,Competitor had better devices,Normal
4822-RVYBB,Male,75,Yes,No,No,Berkeley,California,8,0-12,Month-to-Month,Fiber Optic,Bank Withdrawal,100.6,819.4,1143.0,1,90,5906,1,Yes,Attitude,Attitude of support person,Normal
4184-TJFAN,Female,68,Yes,Yes,No,Berkeley,California,3,0-12,Month-to-Month,Fiber Optic,Mailed Check,88.3,273.75,351.06,1,68,4486,1,Yes,Attitude,Attitude of support person,Normal
4145-UQXUQ,Female,71,Yes,No,No,Berkeley,California,8,0-12,Month-to-Month,Fiber Optic,Bank Withdrawal,92.1,729.95,1073.39,1,81,5662,1,Yes,Competitor,Competitor had better devices,Normal
1236-WFCDV,Male,74,Yes,No,No,Greenbrae,California,14,13-24,Month-to-Month,Fiber Optic,Credit Card,90.45,1266.1,1424.4399999999998,3,96,4777,1,Yes,Competitor,Competitor offered more data,Normal
1271-SJBGZ,Male,77,Yes,No,No,Forest Knolls,California,12,0-12,Month-to-Month,DSL,Bank Withdrawal,43.65,526.95,526.95,1,74,2437,1,Yes,Competitor,Competitor had better devices,Normal
4441-NIHPT,Female,73,Yes,No,No,Freedom,California,13,13-24,Month-to-Month,Fiber Optic,Bank Withdrawal,74.3,940.35,1465.16,1,90,2995,1,Yes,Competitor,Competitor had better devices,Normal
8999-BOHSE,Female,68,Yes,No,No,Gilroy,California,11,0-12,Month-to-Month,Fiber Optic,Bank Withdrawal,89.7,1047.7,1091.26,2,89,2202,1,Yes,Attitude,Attitude of support person,Normal
7029-RPUAV,Male,74,Yes,Yes,No,Los Gatos,California,17,13-24,Month-to-Month,Cable,Credit Card,100.45,1622.45,2101.51,3,87,5508,1,Yes,Competitor,Competitor offered more data,Normal
8111-SLLHI,Male,65,Yes,Yes,No,San Jose,California,39,25-48,Month-to-Month,Fiber Optic,Bank Withdrawal,105.65,4284.8,5581.55,3,96,4687,1,Yes,Attitude,Attitude of support person,Normal
5293-WXJAK,Female,73,Yes,Yes,No,San Jose,California,11,0-12,Month-to-Month,Fiber Optic,Bank Withdrawal,104.05,1133.65,1323.4,3,82,4553,1,Yes,Competitor,Competitor offered more data,Normal
4086-YQSNZ,Female,74,Yes,Yes,No,Glencoe,California,3,0-12,Month-to-Month,Fiber Optic,Bank Withdrawal,80.4,224.05,233.92,2,89,3834,1,Yes,Attitude,Attitude of service provider,Normal
8399-YNDCH,Male,80,Yes,No,No,Columbia,California,21,13-24,Month-to-Month,DSL,Bank Withdrawal,60.05,1236.15,1963.17,1,70,4716,1,Yes,Competitor,Competitor had better devices,Normal
5565-FILXA,Female,76,Yes,No,No,Escondido,California,16,13-24,Month-to-Month,Fiber Optic,Bank Withdrawal,96.15,1529.2,2149.2,2,96,5913,1,Yes,Other,Don't know,Normal
4187-CINZD,Female,73,Yes,No,No,Lakewood,California,46,25-48,One Year,Fiber Optic,Credit Card,95.25,4424.2,4706.18,2,90,3180,1,Yes,Competitor,Competitor had better devices,Normal
6818-WOBHJ,Female,70,Yes,Yes,No,Fulton,California,68,49-72,Month-to-Month,Fiber Optic,Bank Withdrawal,89.6,6127.6,7768.44,1,69,5651,1,Yes,Competitor,Competitor had better devices,Normal
9134-CEQMF,Male,75,Yes,Yes,No,Nice,California,7,0-12,Month-to-Month,Fiber Optic,Bank Withdrawal,89.5,676.7,772.11,2,89,3077,1,Yes,Dissatisfaction,Network reliability,Normal
8519-IMDHU,Male,74,Yes,Yes,No,Alderpoint,California,15,13-24,Month-to-Month,Cable,Bank Withdrawal,85.6,1345.55,2024.3,1,83,4981,1,Yes,Competitor,Competitor had better devices,Normal
3372-KWFBM,Male,76,Yes,No,No,Bayside,California,16,13-24,Month-to-Month,Fiber Optic,Bank Withdrawal,86.6,1281.0,1587.88,3,81,2508,1,Yes,Dissatisfaction,Network reliability,Normal
7206-GZCDC,Female,75,Yes,No,No,Loleta,California,1,0-12,Month-to-Month,Cable,Bank Withdrawal,69.25,69.25,98.93,2,75,4371,1,Yes,Attitude,Attitude of support person,Normal
1768-ZAIFU,Female,74,Yes,No,No,Rio Dell,California,1,0-12,Month-to-Month,Cable,Bank Withdrawal,25.2,25.2,25.2,1,67,5688,1,Yes,Competitor,Competitor made better offer,Normal
3793-MMFUH,Female,73,Yes,No,No,Davis,California,13,13-24,Month-to-Month,Fiber Optic,Bank Withdrawal,95.05,1290.0,1537.39,1,90,2230,1,Yes,Competitor,Competitor made better offer,Normal
6567-HOOPW,Female,69,Yes,No,No,Folsom,California,1,0-12,Month-to-Month,Fiber Optic,Bank Withdrawal,79.2,79.2,99.26,3,76,4363,1,Yes,Competitor,Competitor made better offer,Normal
8621-MNIHH,Female,75,Yes,Yes,No,Madison,California,34,25-48,Month-to-Month,Fiber Optic,Bank Withdrawal,94.25,3217.55,3315.4700000000003,1,88,3369,1,Yes,Competitor,Competitor had better devices,Normal
5419-CONWX,Female,65,Yes,No,No,Pleasant Grove,California,4,0-12,Month-to-Month,Fiber Optic,Credit Card,99.8,442.85,493.5700000000001,1,89,2268,1,Yes,Competitor,Competitor had better devices,Normal
7024-OHCCK,Female,77,Yes,No,No,Sheridan,California,2,0-12,Month-to-Month,Fiber Optic,Bank Withdrawal,93.85,170.85,209.39,3,72,4193,1,Yes,Other,Poor expertise of online support,Normal
5357-TZHPP,Male,67,Yes,No,No,Wheatland,California,9,0-12,Month-to-Month,Fiber Optic,Credit Card,84.4,732.5,1009.7,2,83,5745,1,Yes,Attitude,Attitude of support person,Normal
0506-LVNGN,Female,78,Yes,No,No,Rancho Cordova,California,5,0-12,Month-to-Month,Fiber Optic,Credit Card,75.55,349.65,561.3,1,90,4028,1,Yes,Competitor,Competitor had better devices,Normal
9809-IMGCQ,Male,65,Yes,No,No,Canyon Dam,California,22,13-24,Month-to-Month,Fiber Optic,Bank Withdrawal,96.7,2082.95,3066.91,1,93,4458,1,Yes,Competitor,Competitor made better offer,Normal
3254-YRILK,Male,74,Yes,No,No,Dobbins,California,19,13-24,Month-to-Month,Fiber Optic,Bank Withdrawal,88.2,1775.8,2535.23,1,69,5683,1,Yes,Competitor,Competitor had better devices,Normal
0529-ONKER,Male,70,Yes,No,No,Forest Ranch,California,15,13-24,Month-to-Month,Fiber Optic,Bank Withdrawal,75.65,1146.65,1842.35,3,96,2099,1,Yes,Attitude,Attitude of support person,Normal
5240-IJOQT,Male,69,Yes,No,No,Grass Valley,California,1,0-12,Month-to-Month,Fiber Optic,Bank Withdrawal,74.7,74.7,86.04,1,88,3348,1,Yes,Competitor,Competitor had better devices,Normal
0661-XEYAN,Female,76,Yes,No,No,Nevada City,California,1,0-12,Month-to-Month,DSL,Mailed Check,25.8,25.8,45.8,1,90,3884,1,Yes,Competitor,Competitor had better devices,Normal
2660-EMUBI,Male,71,Yes,No,No,Escondido,California,10,0-12,Month-to-Month,Fiber Optic,Bank Withdrawal,95.35,898.35,1312.05,1,75,5353,1,Yes,Competitor,Competitor made better offer,Normal
7675-OZCZG,Female,76,Yes,No,No,Fallbrook,California,3,0-12,Month-to-Month,DSL,Bank Withdrawal,45.0,127.1,227.52,3,77,4145,1,Yes,Competitor,Competitor made better offer,Normal
9391-EOYLI,Male,77,Yes,Yes,No,Lewiston,California,12,0-12,Month-to-Month,Fiber Optic,Bank Withdrawal,80.45,950.2,1033.84,2,69,5374,1,Yes,Competitor,Competitor made better offer,Normal
2761-OCIAX,Male,74,Yes,No,No,Palo Cedro,California,2,0-12,Month-to-Month,Fiber Optic,Bank Withdrawal,74.7,165.4,178.42000000000002,2,81,2803,1,Yes,Competitor,Competitor made better offer,Normal
3068-OMWZA,Male,77,Yes,No,No,Round Mountain,California,1,0-12,Month-to-Month,Fiber Optic,Bank Withdrawal,88.8,88.8,148.4,1,91,3106,1,Yes,Competitor,Competitor made better offer,Normal
4154-AQUGT,Male,76,Yes,Yes,No,San Diego,California,13,13-24,Month-to-Month,Fiber Optic,Bank Withdrawal,89.05,1169.35,1188.4599999999998,1,82,3861,1,Yes,Competitor,Competitor made better offer,Normal
8017-LXHFA,Female,77,Yes,No,No,San Diego,California,23,13-24,Month-to-Month,Fiber Optic,Bank Withdrawal,94.75,2293.6,3010.51,2,95,2740,1,Yes,Competitor,Competitor made better offer,Normal
4248-QPAVC,Female,80,Yes,Yes,No,San Diego,California,17,13-24,Month-to-Month,Fiber Optic,Bank Withdrawal,85.35,1463.45,2089.3900000000003,1,90,3209,1,Yes,Competitor,Competitor made better offer,Normal
4690-LLKUA,Male,68,Yes,No,No,San Diego,California,17,13-24,Month-to-Month,DSL,Bank Withdrawal,45.05,770.6,1466.41,1,93,3797,1,Yes,Competitor,Competitor made better offer,Normal
9490-DFPMD,Female,79,Yes,No,No,San Diego,California,42,25-48,Month-to-Month,Fiber Optic,Bank Withdrawal,84.65,3541.35,3941.61,2,90,4871,1,Yes,Competitor,Competitor made better offer,Normal
8580-AECUZ,Male,65,Yes,No,No,San Diego,California,1,0-12,Month-to-Month,Fiber Optic,Bank Withdrawal,79.1,79.1,121.4,3,92,5001,1,Yes,Competitor,Competitor made better offer,Normal
5047-LHVLY,Male,68,Yes,No,No,San Diego,California,1,0-12,Month-to-Month,Cable,Mailed Check,50.15,50.15,89.93,2,91,3438,1,Yes,Competitor,Competitor made better offer,Normal
8375-DKEBR,Female,72,Yes,No,No,Hermosa Beach,California,1,0-12,Month-to-Month,Fiber Optic,Bank Withdrawal,69.6,69.6,104.11,1,96,3438,1,Yes,Competitor,Competitor had better devices,Normal
7279-BUYWN,Female,66,Yes,No,No,Buena Park,California,41,25-48,Month-to-Month,Fiber Optic,Bank Withdrawal,113.2,4689.5,5835.45,1,89,3380,1,Yes,Attitude,Attitude of support person,Normal
7156-MHUGY,Male,68,Yes,No,No,Buena Park,California,13,13-24,Month-to-Month,Fiber Optic,Bank Withdrawal,90.5,1201.15,1650.7400000000002,1,76,5394,1,Yes,Competitor,Competitor had better devices,Normal
9606-PBKBQ,Male,69,Yes,Yes,No,Long Beach,California,32,25-48,Month-to-Month,Fiber Optic,Bank Withdrawal,85.0,2642.05,2784.16,1,94,4584,1,Yes,Attitude,Attitude of support person,Normal
3536-IQCTX,Male,76,Yes,Yes,No,South Pasadena,California,32,25-48,Month-to-Month,Fiber Optic,Bank Withdrawal,85.3,2661.1,4248.3,1,75,2712,1,Yes,Competitor,Competitor had better devices,Normal
3132-TVFDZ,Male,70,Yes,Yes,No,Glendale,California,57,49-72,Month-to-Month,Cable,Bank Withdrawal,44.85,2572.95,2560.88,2,82,5172,1,Yes,Attitude,Attitude of support person,Normal
8080-DDEMJ,Male,71,Yes,No,No,Glendale,California,1,0-12,Month-to-Month,Cable,Bank Withdrawal,45.1,45.1,60.38,2,79,4499,1,Yes,Attitude,Attitude of support person,Normal
6702-OHFWR,Male,75,Yes,No,No,Reseda,California,1,0-12,Month-to-Month,DSL,Bank Withdrawal,43.3,43.3,43.3,3,91,4972,1,Yes,Other,Poor expertise of online support,Normal
4510-PYUSH,Female,67,Yes,No,No,Sylmar,California,38,25-48,Month-to-Month,DSL,Credit Card,57.15,2250.65,3242.4500000000003,1,75,3110,1,Yes,Attitude,Attitude of support person,Normal
8840-DQLGN,Female,65,Yes,Yes,No,Burbank,California,35,25-48,Month-to-Month,Cable,Bank Withdrawal,100.5,3653.35,4212.65,1,81,4745,1,Yes,Attitude,Attitude of support person,Normal
4193-ORFCL,Female,80,Yes,No,No,North Hollywood,California,1,0-12,Month-to-Month,DSL,Credit Card,45.1,45.1,60.34,1,70,2740,1,Yes,Competitor,Competitor had better devices,Normal
7776-QWNFX,Male,71,Yes,Yes,No,Chino,California,30,25-48,Month-to-Month,DSL,Bank Withdrawal,50.4,1527.5,1667.0,3,83,4795,1,Yes,Attitude,Attitude of support person,Normal
6689-TCZHQ,Female,70,Yes,No,No,Claremont,California,5,0-12,Month-to-Month,Fiber Optic,Bank Withdrawal,78.95,378.4,439.75,3,65,4054,1,Yes,Attitude,Attitude of support person,Normal
9497-QCMMS,Male,73,Yes,No,No,San Diego,California,1,0-12,Month-to-Month,Fiber Optic,Bank Withdrawal,93.55,93.55,123.72,1,81,5536,1,Yes,Competitor,Competitor made better offer,Normal
3424-NMNBO,Male,78,Yes,Yes,No,San Diego,California,58,49-72,One Year,Fiber Optic,Bank Withdrawal,108.85,6287.25,9151.29,1,91,4739,1,Yes,Competitor,Competitor made better offer,Normal
4514-GFCFI,Female,76,Yes,No,No,San Diego,California,16,13-24,Month-to-Month,Fiber Optic,Bank Withdrawal,84.75,1350.15,1630.3100000000002,2,91,5136,1,Yes,Attitude,Attitude of support person,Normal
8000-REIQB,Female,73,Yes,No,No,San Diego,California,1,0-12,Month-to-Month,Fiber Optic,Bank Withdrawal,69.95,69.95,102.45,2,94,3208,1,Yes,Competitor,Competitor made better offer,Normal
4795-KTRTH,Female,68,Yes,Yes,No,San Diego,California,5,0-12,Month-to-Month,Fiber Optic,Bank Withdrawal,81.0,371.65,577.41,1,91,4287,1,Yes,Competitor,Competitor made better offer,Normal
9961-JBNMK,Male,79,Yes,No,No,Desert Center,California,21,13-24,Month-to-Month,Fiber Optic,Bank Withdrawal,96.8,2030.3,2907.77,1,87,4317,1,Yes,Dissatisfaction,Product dissatisfaction,Normal
6179-GJPSO,Female,67,Yes,No,No,Escondido,California,43,25-48,Month-to-Month,Fiber Optic,Credit Card,108.15,4600.7,5969.389999999999,1,86,2833,1,Yes,Competitor,Competitor made better offer,Normal
8290-YWKHZ,Female,69,Yes,Yes,No,Fallbrook,California,32,25-48,Month-to-Month,Fiber Optic,Bank Withdrawal,93.2,2931.0,3992.8,3,90,5247,1,Yes,Competitor,Competitor made better offer,Normal
8051-HJRLT,Female,72,Yes,No,No,Wrightwood,California,1,0-12,Month-to-Month,Fiber Optic,Bank Withdrawal,70.55,70.55,88.75,3,82,2146,1,Yes,Attitude,Attitude of service provider,Normal
4021-RQSNY,Male,75,Yes,Yes,No,Moreno Valley,California,29,25-48,Month-to-Month,Fiber Optic,Bank Withdrawal,98.5,3004.15,3754.22,3,72,5137,1,Yes,Attitude,Attitude of service provider,Normal
9061-TIHDA,Male,67,Yes,Yes,No,Murrieta,California,13,13-24,Month-to-Month,Cable,Bank Withdrawal,95.25,1233.65,1597.66,1,90,2982,1,Yes,Competitor,Competitor had better devices,Normal
8699-ASUFO,Male,72,Yes,Yes,No,Nuevo,California,7,0-12,Month-to-Month,Fiber Optic,Credit Card,74.4,527.9,557.88,3,96,4969,1,Yes,Attitude,Attitude of service provider,Normal
4695-WJZUE,Female,68,Yes,No,No,Irvine,California,2,0-12,Month-to-Month,Fiber Optic,Bank Withdrawal,88.55,179.25,222.39,1,80,3685,1,Yes,Competitor,Competitor had better devices,Normal
3988-RQIXO,Female,68,Yes,No,No,Corona Del Mar,California,1,0-12,Month-to-Month,Fiber Optic,Bank Withdrawal,91.3,91.3,134.91,3,71,2371,1,Yes,Attitude,Attitude of service provider,Normal
5931-FLJJF,Male,75,Yes,Yes,No,Midway City,California,7,0-12,Month-to-Month,Fiber Optic,Credit Card,70.1,467.55,559.67,2,83,3669,1,Yes,Attitude,Attitude of service provider,Normal
3207-OYBWH,Male,74,Yes,Yes,No,Newport Beach,California,57,49-72,Month-to-Month,Fiber Optic,Bank Withdrawal,95.25,5427.05,8259.33,2,86,6259,1,Yes,Attitude,Attitude of support person,Normal
7216-EWTRS,Female,78,Yes,Yes,No,Newport Beach,California,1,0-12,Month-to-Month,Fiber Optic,Bank Withdrawal,100.8,100.8,118.15,1,65,3128,1,Yes,Attitude,Attitude of service provider,Normal
2528-HFYZX,Male,66,Yes,Yes,No,Santa Ana,California,17,13-24,Month-to-Month,Fiber Optic,Bank Withdrawal,76.45,1233.4,1251.25,1,92,3266,1,Yes,Competitor,Competitor had better devices,Normal
4140-MUHUG,Female,73,Yes,No,No,Oak View,California,3,0-12,Month-to-Month,Fiber Optic,Bank Withdrawal,86.85,220.95,276.09,2,70,3561,1,Yes,Attitude,Attitude of service provider,Normal
1587-FKLZB,Male,79,Yes,Yes,No,Santa Barbara,California,66,49-72,Month-to-Month,Fiber Optic,Credit Card,99.5,6822.15,8726.91,1,96,4479,1,Yes,Competitor,Competitor had better devices,Normal
5440-FLBQG,Male,69,Yes,Yes,No,Santa Barbara,California,69,49-72,Two Year,Fiber Optic,Bank Withdrawal,108.4,7318.2,10690.92,3,73,4708,1,Yes,Attitude,Attitude of service provider,Normal
2774-LVQUS,Female,65,Yes,Yes,No,Temecula,California,15,13-24,Month-to-Month,Fiber Optic,Bank Withdrawal,83.05,1258.3,2030.25,3,70,2596,1,Yes,Competitor,Competitor made better offer,Normal
4612-THJBS,Female,68,Yes,No,No,Terra Bella,California,56,49-72,One Year,Fiber Optic,Bank Withdrawal,104.75,5510.65,7447.129999999999,3,93,5605,1,Yes,Attitude,Attitude of service provider,Normal
4094-NSEDU,Female,79,Yes,No,No,Temecula,California,21,13-24,Month-to-Month,Fiber Optic,Bank Withdrawal,94.25,1973.75,2417.9,2,73,4819,1,Yes,Competitor,Competitor made better offer,Normal
1846-XWOQN,Female,80,Yes,No,No,Bradley,California,1,0-12,Month-to-Month,Fiber Optic,Bank Withdrawal,70.15,70.15,118.12,2,71,2825,1,Yes,Competitor,Competitor made better offer,Normal
3757-NJYBX,Male,77,Yes,Yes,No,Nipomo,California,32,25-48,Month-to-Month,Fiber Optic,Bank Withdrawal,106.35,3520.75,3774.19,2,65,4113,1,Yes,Other,Moved,Normal
9898-KZQDZ,Female,65,Yes,Yes,No,Lee Vining,California,40,25-48,Month-to-Month,Fiber Optic,Credit Card,94.55,3640.45,5620.45,1,95,5676,1,Yes,Competitor,Competitor had better devices,Normal
8263-JQAIK,Male,66,Yes,No,No,Palmdale,California,2,0-12,Month-to-Month,DSL,Credit Card,24.45,47.5,47.5,3,77,5573,1,Yes,Competitor,Competitor offered more data,Normal
2205-YMZZJ,Male,75,Yes,No,No,Clovis,California,7,0-12,Month-to-Month,Fiber Optic,Bank Withdrawal,84.8,546.95,823.52,3,70,2015,1,Yes,Competitor,Competitor made better offer,Normal
1254-IZEYF,Female,74,Yes,No,No,Cutler,California,31,25-48,Month-to-Month,Fiber Optic,Bank Withdrawal,99.95,3186.65,4406.81,3,96,5362,1,Yes,Competitor,Competitor made better offer,Normal
9221-OTIVJ,Female,80,Yes,No,No,Dunlap,California,14,13-24,Month-to-Month,Fiber Optic,Bank Withdrawal,104.85,1531.4,1950.84,1,86,2292,1,Yes,Dissatisfaction,Product dissatisfaction,Normal
5908-QMGOE,Male,74,Yes,No,No,Fowler,California,15,13-24,Month-to-Month,Fiber Optic,Credit Card,74.2,1133.9,1443.5400000000002,1,80,4553,1,Yes,Competitor,Competitor had better devices,Normal
0397-GZBBC,Male,70,Yes,Yes,No,South Dos Palos,California,59,49-72,Month-to-Month,Fiber Optic,Bank Withdrawal,93.85,5574.75,6202.639999999999,2,85,5390,1,Yes,Price,Price too high,Normal
7641-EUYET,Male,76,Yes,Yes,No,Tranquillity,California,46,25-48,Month-to-Month,Fiber Optic,Bank Withdrawal,100.7,4541.2,6753.619999999999,1,72,5712,1,Yes,Dissatisfaction,Product dissatisfaction,Normal
8922-LIEGH,Female,72,Yes,No,No,Jolon,California,25,25-48,Month-to-Month,Fiber Optic,Bank Withdrawal,89.7,2187.55,3073.2200000000003,3,82,4078,1,Yes,Dissatisfaction,Poor expertise of online support,Normal
8245-UMPYT,Female,66,Yes,No,No,Lockwood,California,16,13-24,Month-to-Month,Fiber Optic,Bank Withdrawal,96.4,1581.2,2047.76,3,80,2688,1,Yes,Dissatisfaction,Poor expertise of phone support,Normal
5186-SAMNZ,Male,75,Yes,No,No,Marina,California,1,0-12,Month-to-Month,Fiber Optic,Bank Withdrawal,69.5,69.5,190.7,2,77,3273,1,Yes,Price,Price too high,Normal
5373-SFODM,Male,65,Yes,Yes,No,San Lucas,California,36,25-48,Month-to-Month,Fiber Optic,Credit Card,85.25,3132.75,4016.19,2,82,3041,1,Yes,Dissatisfaction,Product dissatisfaction,Normal
0022-TCJCI,Male,79,Yes,No,No,Daly City,California,45,25-48,One Year,DSL,Credit Card,62.7,2791.5,3271.65,1,92,2654,1,Yes,Dissatisfaction,Limited range of services,Normal
5130-IEKQT,Male,73,Yes,No,No,San Francisco,California,25,25-48,Month-to-Month,Fiber Optic,Credit Card,105.95,2655.25,3813.75,2,91,4283,1,Yes,Price,Price too high,Normal
3269-ATYWD,Male,79,Yes,No,No,San Francisco,California,39,25-48,Month-to-Month,Fiber Optic,Bank Withdrawal,95.65,3759.05,5544.32,1,65,4892,1,Yes,Other,Don't know,Normal
0354-WYROK,Female,70,Yes,Yes,No,San Francisco,California,31,25-48,Month-to-Month,Fiber Optic,Bank Withdrawal,98.9,2911.3,4397.75,2,91,4050,1,Yes,Other,Don't know,Normal
7576-OYWBN,Male,71,Yes,No,No,San Mateo,California,3,0-12,Month-to-Month,Fiber Optic,Bank Withdrawal,76.05,231.8,322.55,1,67,2930,1,Yes,Competitor,Competitor had better devices,Normal
5539-TMZLF,Male,69,Yes,No,No,Concord,California,1,0-12,Month-to-Month,Fiber Optic,Bank Withdrawal,69.75,69.75,103.59,1,69,5057,1,Yes,Competitor,Competitor had better devices,Normal
3336-JORSO,Female,70,Yes,No,No,Hayward,California,33,25-48,Month-to-Month,Fiber Optic,Bank Withdrawal,110.45,3655.45,4294.37,1,80,3401,1,Yes,Dissatisfaction,Product dissatisfaction,Normal
6861-XWTWQ,Male,71,Yes,Yes,No,Napa,California,7,0-12,Month-to-Month,Fiber Optic,Bank Withdrawal,99.25,665.45,965.89,2,90,2487,1,Yes,Attitude,Attitude of support person,Normal
4283-FUTGF,Male,67,Yes,No,No,El Sobrante,California,19,13-24,Month-to-Month,Fiber Optic,Bank Withdrawal,79.85,1471.75,1790.5700000000002,3,65,3715,1,Yes,Dissatisfaction,Network reliability,Normal
2397-BRLOM,Male,67,Yes,Yes,No,San Rafael,California,8,0-12,Month-to-Month,Fiber Optic,Credit Card,80.45,583.45,799.37,1,91,3443,1,Yes,Other,Don't know,Normal
8510-AWCXC,Female,69,Yes,No,No,Novato,California,13,13-24,Month-to-Month,Fiber Optic,Bank Withdrawal,100.8,1308.1,1401.9599999999998,1,65,3269,1,Yes,Attitude,Attitude of support person,Normal
8225-BTJAU,Male,75,Yes,No,No,Stinson Beach,California,10,0-12,Month-to-Month,Fiber Optic,Bank Withdrawal,79.25,793.55,868.65,1,87,3856,1,Yes,Competitor,Competitor had better devices,Normal
1724-BQUHA,Male,67,Yes,No,No,Los Gatos,California,5,0-12,Month-to-Month,Fiber Optic,Bank Withdrawal,89.5,477.7,706.3,2,66,2718,1,Yes,Attitude,Attitude of support person,Normal
4826-XTSOH,Male,66,Yes,Yes,No,Moss Landing,California,1,0-12,Month-to-Month,Fiber Optic,Bank Withdrawal,86.05,86.05,124.83,1,96,4843,1,Yes,Competitor,Competitor had better devices,Normal
2408-WITXK,Female,67,Yes,No,No,San Jose,California,10,0-12,Month-to-Month,DSL,Bank Withdrawal,34.7,329.8,329.8,1,92,3244,1,Yes,Other,Deceased,Normal
2634-HCZGT,Male,71,Yes,Yes,No,San Jose,California,53,49-72,One Year,Cable,Bank Withdrawal,60.05,3229.65,4478.16,1,77,5271,1,Yes,Other,Moved,Normal
7503-QQRVF,Male,74,Yes,Yes,No,San Jose,California,16,13-24,Month-to-Month,Fiber Optic,Credit Card,74.3,1178.25,1596.17,1,81,2076,1,Yes,Competitor,Competitor had better devices,Normal
0709-TVGUR,Female,70,Yes,No,No,Stockton,California,9,0-12,Month-to-Month,Fiber Optic,Bank Withdrawal,74.55,622.9,747.6899999999999,1,69,3145,1,Yes,Competitor,Competitor had better devices,Normal
3001-CBHLQ,Male,76,Yes,Yes,No,Angels Camp,California,32,25-48,Month-to-Month,Fiber Optic,Bank Withdrawal,104.9,3351.55,4710.14,1,79,3966,1,Yes,Attitude,Attitude of support person,Normal
4102-OQUPX,Male,67,Yes,Yes,No,Sheep Ranch,California,1,0-12,Month-to-Month,Fiber Optic,Bank Withdrawal,74.4,74.4,121.76,3,91,5429,1,Yes,Competitor,Competitor made better offer,Normal
3999-QGRJH,Male,80,Yes,No,No,Ballico,California,8,0-12,Month-to-Month,Fiber Optic,Bank Withdrawal,69.7,560.85,679.97,1,88,3068,1,Yes,Dissatisfaction,Product dissatisfaction,Normal
2454-RPBRZ,Female,67,Yes,Yes,No,Catheys Valley,California,12,0-12,Month-to-Month,Fiber Optic,Bank Withdrawal,98.1,1060.2,1378.7,3,90,2709,1,Yes,Dissatisfaction,Service dissatisfaction,Normal
2265-CYWIV,Female,68,Yes,Yes,No,Hickman,California,4,0-12,Month-to-Month,Fiber Optic,Bank Withdrawal,99.6,347.65,397.5,1,77,4708,1,Yes,Dissatisfaction,Network reliability,Normal
4550-VBOFE,Male,69,Yes,Yes,No,Soulsbyville,California,70,49-72,Month-to-Month,Fiber Optic,Bank Withdrawal,102.95,7101.5,8307.76,1,91,5005,1,Yes,Competitor,Competitor had better devices,Normal
7409-KIUTL,Female,80,Yes,No,No,Escondido,California,1,0-12,Month-to-Month,Fiber Optic,Bank Withdrawal,71.0,71.0,99.64,3,72,5345,1,Yes,Competitor,Competitor made better offer,Normal
1732-VHUBQ,Female,73,Yes,Yes,No,Escondido,California,47,25-48,Month-to-Month,Fiber Optic,Bank Withdrawal,70.55,3309.25,4548.91,3,82,4457,1,Yes,Competitor,Competitor made better offer,Normal
0679-IDSTG,Female,73,Yes,Yes,No,Branscomb,California,1,0-12,Month-to-Month,Fiber Optic,Bank Withdrawal,69.25,69.25,106.55,1,87,4568,1,Yes,Competitor,Competitor had better devices,Normal
8802-UNOJF,Male,65,Yes,No,No,Philo,California,12,0-12,Month-to-Month,Cable,Credit Card,83.8,1029.75,1408.73,1,78,5565,1,Yes,Competitor,Competitor had better devices,Normal
6313-GIDIT,Male,73,Yes,No,No,Point Arena,California,53,49-72,Month-to-Month,DSL,Bank Withdrawal,54.45,2854.55,2834.3900000000003,2,65,6280,1,Yes,Price,Price too high,Normal
2845-AFFTX,Male,78,Yes,Yes,No,Westport,California,41,25-48,Month-to-Month,Fiber Optic,Bank Withdrawal,99.8,4259.3,5175.38,1,76,4726,1,Yes,Dissatisfaction,Product dissatisfaction,Normal
2815-CPTUL,Male,68,Yes,No,No,Gasquet,California,5,0-12,Month-to-Month,Fiber Optic,Credit Card,70.25,331.9,330.77,2,89,3684,1,Yes,Price,Price too high,Normal
1891-FZYSA,Male,65,Yes,Yes,No,Piercy,California,69,49-72,Month-to-Month,Fiber Optic,Bank Withdrawal,89.95,6143.15,7373.82,1,82,6363,1,Yes,Competitor,Competitor had better devices,Normal
9685-WKZGT,Male,67,Yes,No,No,Carmichael,California,14,13-24,Month-to-Month,Fiber Optic,Bank Withdrawal,74.95,1036.75,1225.94,3,70,2075,1,Yes,Price,Extra data charges,Normal
6022-UGGSO,Female,70,Yes,No,No,Citrus Heights,California,32,25-48,Month-to-Month,Fiber Optic,Bank Withdrawal,74.4,2276.95,3295.68,1,90,2091,1,Yes,Competitor,Competitor had better devices,Normal
3923-CSIHK,Female,69,Yes,Yes,No,Herald,California,50,49-72,Month-to-Month,Cable,Bank Withdrawal,71.05,3444.85,3674.85,3,94,5746,1,Yes,Other,Poor expertise of online support,Normal
3677-IYRBF,Female,73,Yes,No,No,Newcastle,California,2,0-12,Month-to-Month,DSL,Bank Withdrawal,30.4,78.65,78.65,1,90,4002,1,Yes,Attitude,Attitude of support person,Normal
8118-LSUEL,Male,74,Yes,No,No,Roseville,California,23,13-24,Month-to-Month,Fiber Optic,Bank Withdrawal,106.4,2483.5,2888.76,1,79,5507,1,Yes,Dissatisfaction,Product dissatisfaction,Normal
5277-ZLOOR,Female,78,Yes,No,No,Applegate,California,2,0-12,Month-to-Month,Fiber Optic,Bank Withdrawal,85.55,187.45,198.43,3,86,5512,1,Yes,Dissatisfaction,Network reliability,Normal
4248-HCETZ,Male,77,Yes,Yes,No,Sacramento,California,30,25-48,Month-to-Month,Fiber Optic,Credit Card,79.65,2365.15,2552.05,3,73,2174,1,Yes,Attitude,Attitude of support person,Normal
9174-FKWZE,Female,70,Yes,No,No,Sacramento,California,1,0-12,Month-to-Month,,Bank Withdrawal,19.45,19.45,42.370000000000005,1,78,3848,1,Yes,Dissatisfaction,Limited range of services,Normal
5307-DZCVC,Female,78,Yes,Yes,No,Sacramento,California,32,25-48,Month-to-Month,Fiber Optic,Credit Card,85.95,2628.6,4195.0,3,74,2431,1,Yes,Price,Extra data charges,Normal
8679-JOEVF,Female,75,Yes,No,No,Sacramento,California,16,13-24,Month-to-Month,DSL,Bank Withdrawal,59.4,1023.9,1613.1799999999998,1,87,5556,1,Yes,Price,Price too high,Normal
4803-AXVYP,Female,75,Yes,No,No,Butte City,California,38,25-48,Month-to-Month,Fiber Optic,Bank Withdrawal,99.55,3734.25,5535.07,1,91,3474,1,Yes,Dissatisfaction,Service dissatisfaction,Normal
5649-ANRML,Male,76,Yes,No,No,Clipper Mills,California,2,0-12,Month-to-Month,Fiber Optic,Credit Card,95.1,180.25,206.17,3,90,4486,1,Yes,Other,Poor expertise of online support,Normal
7395-IGJOS,Male,70,Yes,Yes,No,Quincy,California,17,13-24,Month-to-Month,Fiber Optic,Bank Withdrawal,81.5,1329.2,1490.7,2,79,3443,1,Yes,Competitor,Competitor made better offer,Normal
7890-VYYWG,Male,67,Yes,Yes,No,Sutter,California,3,0-12,Month-to-Month,DSL,Credit Card,36.45,93.7,93.7,1,89,3766,1,Yes,Competitor,Competitor had better devices,Normal
9907-SWKKF,Female,69,Yes,No,No,Twain,California,1,0-12,Month-to-Month,DSL,Credit Card,25.05,25.05,25.05,1,65,4842,1,Yes,Competitor,Competitor had better devices,Normal
6397-JNZZG,Female,70,Yes,Yes,No,Adin,California,43,25-48,Month-to-Month,DSL,Credit Card,55.55,2342.2,2342.2,1,85,2573,1,Yes,Competitor,Competitor had better devices,Normal
7779-LGOVN,Male,74,Yes,Yes,No,Paskenta,California,10,0-12,Month-to-Month,Cable,Bank Withdrawal,86.65,856.65,1321.65,1,84,4990,1,Yes,Dissatisfaction,Limited range of services,Normal
9710-ZUSHQ,Female,77,Yes,No,No,Red Bluff,California,37,25-48,Month-to-Month,Fiber Optic,Bank Withdrawal,106.75,4056.75,5605.2,1,92,5849,1,Yes,Price,Lack of affordable download/upload speed,Normal
3902-FOIGH,Male,66,Yes,Yes,No,Doyle,California,12,0-12,Month-to-Month,Fiber Optic,Bank Withdrawal,101.35,1218.55,1800.55,1,68,3967,1,Yes,Dissatisfaction,Product dissatisfaction,Normal
3318-OSATS,Male,70,Yes,No,No,Sierra City,California,35,25-48,Month-to-Month,Fiber Optic,Bank Withdrawal,95.45,3474.05,4782.55,2,91,2080,1,Yes,Other,Don't know,Normal
2636-ALXXZ,Female,68,Yes,No,No,Tahoe Vista,California,1,0-12,Month-to-Month,Fiber Optic,Bank Withdrawal,69.6,69.6,115.4,2,74,2151,1,Yes,Dissatisfaction,Poor expertise of online support,Normal
9885-CSMWE,Female,65,Yes,No,No,Los Angeles,California,1,0-12,Month-to-Month,Fiber Optic,Bank Withdrawal,78.45,78.45,96.82,1,67,2139,1,Yes,Dissatisfaction,Product dissatisfaction,Normal
8058-JMEQO,Female,76,Yes,No,No,San Diego,California,9,0-12,Month-to-Month,Fiber Optic,Bank Withdrawal,84.45,762.5,878.69,3,95,3543,1,Yes,Competitor,Competitor made better offer,Normal
7657-DYEPJ,Male,73,Yes,No,No,Los Angeles,California,38,25-48,One Year,Cable,Credit Card,70.15,2497.35,2715.85,3,82,2645,1,Yes,Price,Lack of affordable download/upload speed,Normal
8276-MQBYC,Male,70,Yes,No,No,Los Angeles,California,51,49-72,Month-to-Month,Fiber Optic,Bank Withdrawal,97.8,4913.3,5907.29,2,81,6204,1,Yes,Price,Long distance charges,Normal
6015-VVHHE,Female,68,Yes,No,No,Los Angeles,California,5,0-12,Month-to-Month,Fiber Optic,Credit Card,83.15,446.05,655.2,3,96,2516,1,Yes,Dissatisfaction,Service dissatisfaction,Normal
2516-VQRRV,Female,77,Yes,No,No,Culver City,California,2,0-12,Month-to-Month,Fiber Optic,Credit Card,75.45,158.4,205.32,3,65,3350,1,Yes,Price,Long distance charges,Normal
7580-UGXNC,Female,73,Yes,No,No,Culver City,California,2,0-12,Month-to-Month,DSL,Credit Card,54.85,104.2,155.68,1,96,3016,1,Yes,Price,Extra data charges,Normal
5178-LMXOP,Male,71,Yes,Yes,No,Gardena,California,1,0-12,Month-to-Month,Fiber Optic,Bank Withdrawal,95.1,95.1,99.99,1,70,5795,1,Yes,Price,Price too high,Normal
7056-IMHCC,Male,69,Yes,Yes,No,Torrance,California,53,49-72,Month-to-Month,Fiber Optic,Bank Withdrawal,101.9,5549.4,5970.219999999999,1,94,5884,1,Yes,Price,Price too high,Normal
8749-JMNKX,Male,80,Yes,Yes,No,Montebello,California,51,49-72,Month-to-Month,Fiber Optic,Bank Withdrawal,93.8,4750.95,5880.09,1,83,4788,1,Yes,Dissatisfaction,Limited range of services,Normal
0917-EZOLA,Male,66,Yes,Yes,No,Lakewood,California,72,49-72,Two Year,Fiber Optic,Bank Withdrawal,104.15,7689.95,8124.11,3,74,5925,1,Yes,Price,Extra data charges,Normal
8414-MYSHR,Male,79,Yes,No,No,Arcadia,California,5,0-12,Month-to-Month,Fiber Optic,Bank Withdrawal,91.4,449.75,472.7,1,78,2834,1,Yes,Dissatisfaction,Network reliability,Normal
4988-IQIGL,Male,80,Yes,No,No,Canoga Park,California,1,0-12,Month-to-Month,Fiber Optic,Bank Withdrawal,75.35,75.35,103.84,3,92,4403,1,Yes,Attitude,Attitude of support person,Normal
4706-AXVKM,Female,78,Yes,No,No,Stevenson Ranch,California,11,0-12,Month-to-Month,Fiber Optic,Credit Card,84.8,906.85,951.95,2,67,5118,1,Yes,Price,Extra data charges,Normal
5889-JTMUL,Female,67,Yes,Yes,No,Castaic,California,50,49-72,Month-to-Month,Fiber Optic,Bank Withdrawal,95.05,4888.7,6516.7,3,92,5863,1,Yes,Price,Price too high,Normal
9026-RNUJS,Male,73,Yes,No,No,Van Nuys,California,5,0-12,Month-to-Month,DSL,Bank Withdrawal,50.35,237.25,330.7,1,81,4618,1,Yes,Dissatisfaction,Product dissatisfaction,Normal
1624-NALOJ,Male,75,Yes,No,No,North Hollywood,California,5,0-12,Month-to-Month,Fiber Optic,Bank Withdrawal,89.8,502.6,684.4000000000001,1,88,2960,1,Yes,Other,Moved,Normal
6210-KBBPI,Male,67,Yes,No,No,West Covina,California,9,0-12,Month-to-Month,Fiber Optic,Credit Card,99.45,919.4,1015.34,1,93,2313,1,Yes,Competitor,Competitor had better devices,Normal
2260-USTRB,Female,75,Yes,No,No,Campo,California,2,0-12,Month-to-Month,Fiber Optic,Bank Withdrawal,70.2,115.95,135.05,1,67,2767,1,Yes,Competitor,Competitor offered more data,Normal
8623-TMRBY,Male,80,Yes,Yes,No,Chula Vista,California,51,49-72,Month-to-Month,Cable,Bank Withdrawal,84.2,4146.05,6368.63,2,74,6245,1,Yes,Competitor,Competitor offered more data,Normal
6900-PXRMS,Male,72,Yes,Yes,No,Spring Valley,California,26,25-48,Month-to-Month,Fiber Optic,Bank Withdrawal,105.75,2710.25,2833.01,1,91,3157,1,Yes,Dissatisfaction,Product dissatisfaction,Normal
3346-BRMIS,Female,70,Yes,Yes,No,Bonsall,California,18,13-24,Month-to-Month,DSL,Bank Withdrawal,48.35,810.7,810.7,2,92,2167,1,Yes,Dissatisfaction,Service dissatisfaction,Normal
2722-JMONI,Female,73,Yes,Yes,No,Escondido,California,1,0-12,Month-to-Month,Cable,Bank Withdrawal,49.55,49.55,73.78999999999999,1,76,4989,1,Yes,Dissatisfaction,Limited range of services,Normal
7579-OOPEC,Female,75,Yes,Yes,No,Pala,California,2,0-12,Month-to-Month,DSL,Credit Card,50.15,115.1,128.82,1,78,5461,1,Yes,Competitor,Competitor had better devices,Normal
1771-OADNZ,Male,70,Yes,Yes,No,Pauma Valley,California,29,25-48,Month-to-Month,Fiber Optic,Bank Withdrawal,95.9,2745.2,3821.22,3,95,2151,1,Yes,Price,Extra data charges,Normal
0612-RTZZA,Female,77,Yes,No,No,Vista,California,1,0-12,Month-to-Month,DSL,Bank Withdrawal,25.25,25.25,25.25,2,87,4628,1,Yes,Price,Price too high,Normal
4433-JCGCG,Male,80,Yes,Yes,No,San Diego,California,46,25-48,Month-to-Month,Fiber Optic,Bank Withdrawal,101.0,4680.05,4926.610000000001,1,88,2436,1,Yes,Competitor,Competitor made better offer,Normal
9488-HGMJH,Female,78,Yes,No,No,Indian Wells,California,1,0-12,Month-to-Month,Fiber Optic,Bank Withdrawal,71.15,71.15,115.9,3,85,5287,1,Yes,Competitor,Competitor made better offer,Normal
4818-QIUFN,Female,69,Yes,No,No,Desert Hot Springs,California,20,13-24,Month-to-Month,Fiber Optic,Bank Withdrawal,79.15,1520.9,1757.3000000000002,1,95,4997,1,Yes,Attitude,Attitude of support person,Normal
6961-VCPMC,Male,71,Yes,Yes,No,North Palm Springs,California,46,25-48,Month-to-Month,Fiber Optic,Bank Withdrawal,80.4,3605.2,5861.719999999999,3,75,4876,1,Yes,Competitor,Competitor offered more data,Normal
4424-TKOPW,Male,70,Yes,No,No,Crestline,California,2,0-12,Month-to-Month,Fiber Optic,Bank Withdrawal,93.85,196.75,247.13,1,70,4998,1,Yes,Price,Lack of affordable download/upload speed,Normal
4201-JMNGR,Female,66,Yes,No,No,Lucerne Valley,California,1,0-12,Month-to-Month,Cable,Bank Withdrawal,55.8,55.8,82.02,1,87,5527,1,Yes,Dissatisfaction,Service dissatisfaction,Normal
1866-RZZQS,Male,77,Yes,No,No,Redlands,California,41,25-48,Month-to-Month,Fiber Optic,Bank Withdrawal,98.4,4187.75,5912.21,1,91,2169,1,Yes,Competitor,Competitor had better devices,Normal
8631-NBHFZ,Male,71,Yes,Yes,No,Running Springs,California,66,49-72,Two Year,DSL,Credit Card,79.4,5154.6,7286.58,1,73,5910,1,Yes,Competitor,Competitor offered higher download speeds,Normal
4958-XCBDQ,Male,68,Yes,No,No,Victorville,California,35,25-48,Month-to-Month,Fiber Optic,Bank Withdrawal,101.4,3496.3,4885.45,3,92,3689,1,Yes,Competitor,Competitor offered more data,Normal
8337-UPOAQ,Male,71,Yes,Yes,No,Wrightwood,California,10,0-12,Month-to-Month,Fiber Optic,Bank Withdrawal,89.8,914.3,1083.1,2,76,5124,1,Yes,Competitor,Competitor made better offer,Normal
6712-OAWRH,Female,79,Yes,No,No,San Bernardino,California,26,25-48,Month-to-Month,Fiber Optic,Bank Withdrawal,91.25,2351.8,3253.74,3,76,5154,1,Yes,Attitude,Attitude of support person,Normal
5914-DVBWJ,Female,80,Yes,No,No,Riverside,California,18,13-24,Month-to-Month,Fiber Optic,Bank Withdrawal,85.45,1505.85,1548.33,1,91,5145,1,Yes,Competitor,Competitor offered more data,Normal
8644-XLFBW,Male,65,Yes,No,No,Lake Elsinore,California,1,0-12,Month-to-Month,Fiber Optic,Bank Withdrawal,71.65,71.65,100.11,2,84,5674,1,Yes,Competitor,Competitor offered more data,Normal
1833-VGRUM,Female,70,Yes,No,No,Perris,California,1,0-12,Month-to-Month,Fiber Optic,Bank Withdrawal,74.2,74.2,123.15,2,71,4684,1,Yes,Price,Price too high,Normal
8374-XGEJJ,Male,68,Yes,Yes,No,Temecula,California,43,25-48,Month-to-Month,Fiber Optic,Bank Withdrawal,101.0,4388.4,5882.15,1,87,3123,1,Yes,Dissatisfaction,Product dissatisfaction,Normal
6946-LMSQS,Male,80,Yes,Yes,No,Temecula,California,25,25-48,One Year,Fiber Optic,Bank Withdrawal,89.05,2177.45,3018.2,1,90,2673,1,Yes,Competitor,Competitor made better offer,Normal
4039-HEUNW,Male,77,Yes,Yes,No,Irvine,California,36,25-48,Month-to-Month,Fiber Optic,Bank Withdrawal,96.5,3436.1,4034.06,3,82,4652,1,Yes,Price,Lack of affordable download/upload speed,Normal
0812-WUPTB,Male,65,Yes,Yes,No,Corona Del Mar,California,1,0-12,Month-to-Month,Fiber Optic,Credit Card,70.85,70.85,120.45,2,69,3022,1,Yes,Price,Long distance charges,Normal
2403-BCASL,Male,66,Yes,Yes,No,Santa Ana,California,41,25-48,One Year,Cable,Bank Withdrawal,111.95,4534.9,6381.539999999999,2,93,3711,1,Yes,Other,Don't know,Normal
3871-IKPYH,Male,70,Yes,No,No,Camarillo,California,1,0-12,Month-to-Month,Fiber Optic,Bank Withdrawal,69.1,69.1,85.28999999999999,3,83,2767,1,Yes,Other,Moved,Normal
1304-NECVQ,Female,69,Yes,No,No,Somis,California,2,0-12,Month-to-Month,Fiber Optic,Bank Withdrawal,78.55,149.55,237.47000000000003,2,92,5203,1,Yes,Competitor,Competitor made better offer,Normal
5655-JSMZM,Male,66,Yes,No,No,Coalinga,California,49,49-72,Month-to-Month,Fiber Optic,Bank Withdrawal,96.2,4718.25,6303.889999999999,2,74,5904,1,Yes,Attitude,Attitude of support person,Normal
4505-EXZHB,Female,75,Yes,No,No,Ducor,California,6,0-12,Month-to-Month,Fiber Optic,Bank Withdrawal,74.4,434.1,507.56,1,91,3964,1,Yes,Competitor,Competitor offered more data,Normal
8972-HJWNV,Female,75,Yes,Yes,No,Huron,California,7,0-12,Month-to-Month,Fiber Optic,Bank Withdrawal,84.55,646.85,796.86,1,80,5245,1,Yes,Competitor,Competitor made better offer,Normal
2860-RANUS,Female,67,Yes,No,No,Mc Kittrick,California,20,13-24,Month-to-Month,Fiber Optic,Credit Card,85.8,1727.5,2313.3,1,75,3336,1,Yes,Price,Price too high,Normal
0406-BPDVR,Female,75,Yes,Yes,No,Visalia,California,54,49-72,One Year,Fiber Optic,Credit Card,101.5,5373.1,7181.56,2,68,6405,1,Yes,Price,Lack of affordable download/upload speed,Normal
5276-KQWHG,Female,74,Yes,No,No,Woody,California,2,0-12,Month-to-Month,Fiber Optic,Bank Withdrawal,69.6,131.65,162.29000000000002,3,74,4596,1,Yes,Price,Extra data charges,Normal
9667-EQRXU,Female,74,Yes,No,No,Boron,California,30,25-48,Month-to-Month,Cable,Bank Withdrawal,40.3,1172.95,1272.95,2,94,3016,1,Yes,Other,Don't know,Normal
0946-CLJTI,Male,67,Yes,Yes,No,Palmdale,California,58,49-72,Month-to-Month,Fiber Optic,Bank Withdrawal,98.7,5812.6,5997.04,1,91,4662,1,Yes,Competitor,Competitor had better devices,Normal
0324-BRPCJ,Female,74,Yes,Yes,No,Palmdale,California,68,49-72,Month-to-Month,Cable,Bank Withdrawal,100.2,6851.65,8302.09,1,70,4481,1,Yes,Competitor,Competitor offered more data,Normal
9189-JWSHV,Female,69,Yes,Yes,No,Helm,California,24,13-24,Month-to-Month,Fiber Optic,Bank Withdrawal,93.55,2264.05,2585.17,2,91,4937,1,Yes,Price,Price too high,Normal
0576-WNXXC,Male,70,Yes,Yes,No,Parlier,California,27,25-48,Month-to-Month,Fiber Optic,Bank Withdrawal,95.55,2510.2,3576.43,1,75,2999,1,Yes,Dissatisfaction,Service dissatisfaction,Normal
5482-PLVPE,Female,79,Yes,No,No,Daly City,California,2,0-12,Month-to-Month,DSL,Bank Withdrawal,24.35,41.85,41.85,1,72,3278,1,Yes,Competitor,Competitor had better devices,Normal
4902-OHLSK,Female,76,Yes,No,No,Half Moon Bay,California,29,25-48,Month-to-Month,Fiber Optic,Bank Withdrawal,98.65,2862.75,3471.17,1,93,4235,1,Yes,Attitude,Attitude of support person,Normal
0495-ZBNGW,Male,78,Yes,Yes,No,Loma Mar,California,5,0-12,Month-to-Month,Fiber Optic,Bank Withdrawal,79.9,343.95,397.25,2,90,4324,1,Yes,Competitor,Competitor offered more data,Normal
2357-COQEK,Female,79,Yes,No,No,Atherton,California,28,25-48,Month-to-Month,Fiber Optic,Bank Withdrawal,103.3,2890.65,3678.57,2,78,4136,1,Yes,Competitor,Competitor made better offer,Normal
2034-CGRHZ,Male,73,Yes,No,No,San Francisco,California,24,13-24,Month-to-Month,Fiber Optic,Credit Card,102.95,2496.7,2574.22,3,66,5245,1,Yes,Attitude,Attitude of support person,Normal
9360-AHGNL,Female,74,Yes,Yes,No,Concord,California,43,25-48,One Year,Fiber Optic,Credit Card,109.55,4830.25,5206.5,2,69,5863,1,Yes,Dissatisfaction,Limited range of services,Normal
5485-WUYWF,Male,73,Yes,No,No,Crockett,California,2,0-12,Month-to-Month,Cable,Bank Withdrawal,66.4,94.55,105.69,1,87,4522,1,Yes,Price,Long distance charges,Normal
2632-UCGVD,Male,71,Yes,Yes,No,Fairfield,California,66,49-72,Month-to-Month,Fiber Optic,Credit Card,100.05,6871.9,10162.0,2,72,4512,1,Yes,Price,Extra data charges,Normal
6425-YQLLO,Female,68,Yes,Yes,No,Pinole,California,66,49-72,One Year,Fiber Optic,Credit Card,105.95,6975.25,8806.75,2,86,6117,1,Yes,Other,Don't know,Normal
2091-RFFBA,Female,70,Yes,No,No,Port Costa,California,31,25-48,Month-to-Month,Fiber Optic,Bank Withdrawal,73.9,2217.15,2695.48,1,75,2560,1,Yes,Attitude,Attitude of support person,Normal
6899-PPEEA,Female,66,Yes,No,No,Vallejo,California,37,25-48,Month-to-Month,Fiber Optic,Bank Withdrawal,96.55,3580.3,3702.4,2,81,4448,1,Yes,Attitude,Attitude of service provider,Normal
4597-NUCQV,Male,65,Yes,No,No,Oakland,California,24,13-24,Month-to-Month,Fiber Optic,Bank Withdrawal,101.25,2440.15,3135.67,3,87,4287,1,Yes,Attitude,Attitude of support person,Normal
3754-DXMRT,Male,78,Yes,No,No,San Pablo,California,2,0-12,Month-to-Month,DSL,Bank Withdrawal,44.15,92.65,179.97,2,86,5655,1,Yes,Attitude,Attitude of support person,Normal
7130-VTEWQ,Female,74,Yes,No,No,San Rafael,California,8,0-12,Month-to-Month,Fiber Optic,Bank Withdrawal,75.75,606.25,716.65,3,92,4174,1,Yes,Competitor,Competitor offered more data,Normal
7903-CMPEY,Male,78,Yes,Yes,No,Corte Madera,California,1,0-12,Month-to-Month,Fiber Optic,Bank Withdrawal,80.3,80.3,97.81,1,87,4138,1,Yes,Competitor,Competitor had better devices,Normal
1704-NRWYE,Female,79,Yes,No,No,Point Reyes Station,California,9,0-12,Month-to-Month,Fiber Optic,Bank Withdrawal,80.85,751.65,1141.71,2,71,5242,1,Yes,Attitude,Attitude of support person,Normal
7481-ATQQS,Female,76,Yes,No,No,Boulder Creek,California,49,49-72,Month-to-Month,Fiber Optic,Credit Card,90.85,4515.85,6714.970000000001,2,70,5651,1,Yes,Attitude,Attitude of support person,Normal
0023-HGHWL,Male,67,Yes,No,No,Morgan Hill,California,1,0-12,Month-to-Month,Cable,Bank Withdrawal,25.1,25.1,25.1,3,85,5437,1,Yes,Competitor,Competitor made better offer,Normal
1792-UXAFY,Female,80,Yes,No,No,San Jose,California,17,13-24,Month-to-Month,Fiber Optic,Bank Withdrawal,89.15,1496.9,2013.19,1,89,5082,1,Yes,Dissatisfaction,Service dissatisfaction,Normal
6161-UUUTA,Male,77,Yes,No,No,Stockton,California,3,0-12,Month-to-Month,Fiber Optic,Bank Withdrawal,79.9,260.9,269.84,2,90,4367,1,Yes,Price,Price too high,Normal
6543-XRMYR,Female,73,Yes,No,No,Stockton,California,30,25-48,Month-to-Month,Fiber Optic,Bank Withdrawal,99.7,2967.35,4355.65,1,69,3548,1,Yes,Dissatisfaction,Product dissatisfaction,Normal
2479-BRAMR,Male,74,Yes,Yes,No,Murphys,California,41,25-48,Month-to-Month,Fiber Optic,Bank Withdrawal,83.75,3273.55,5152.99,1,71,4995,1,Yes,Competitor,Competitor offered more data,Normal
3714-JTVOV,Female,76,Yes,Yes,No,Crows Landing,California,42,25-48,Month-to-Month,Fiber Optic,Credit Card,74.15,3229.4,3351.2000000000003,1,94,2322,1,Yes,Attitude,Attitude of support person,Normal
8580-QVLOC,Female,78,Yes,Yes,No,Merced,California,72,49-72,Two Year,DSL,Credit Card,92.45,6440.25,8295.69,1,78,5697,1,Yes,Competitor,Competitor made better offer,Normal
2012-NWRPA,Female,78,Yes,Yes,No,Modesto,California,11,0-12,Month-to-Month,Fiber Optic,Bank Withdrawal,99.55,1131.2,1145.28,3,71,3172,1,Yes,Competitor,Competitor made better offer,Normal
8808-ELEHO,Male,66,Yes,No,No,Modesto,California,8,0-12,Month-to-Month,Fiber Optic,Bank Withdrawal,81.25,585.95,626.11,1,72,3812,1,Yes,Price,Price too high,Normal
9058-CBREO,Female,69,Yes,No,No,Winton,California,1,0-12,Month-to-Month,Cable,Credit Card,50.55,50.55,73.11,1,95,3357,1,Yes,Dissatisfaction,Product dissatisfaction,Normal
8063-GBATB,Female,74,Yes,No,No,Cobb,California,27,25-48,Month-to-Month,Fiber Optic,Bank Withdrawal,85.25,2287.25,3128.84,1,80,5172,1,Yes,Competitor,Competitor had better devices,Normal
1069-XAIEM,Female,68,Yes,No,No,Mendocino,California,1,0-12,Month-to-Month,Fiber Optic,Bank Withdrawal,85.05,85.05,101.42,1,96,2975,1,Yes,Competitor,Competitor had better devices,Normal
6987-XQSJT,Female,68,Yes,No,No,Blue Lake,California,54,49-72,Month-to-Month,Fiber Optic,Bank Withdrawal,79.5,4370.25,6841.83,1,78,5684,1,Yes,Attitude,Attitude of support person,Normal
0722-TROQR,Female,68,Yes,No,No,Davis,California,4,0-12,Month-to-Month,Fiber Optic,Bank Withdrawal,74.9,321.75,426.67,1,78,2122,1,Yes,Price,Lack of affordable download/upload speed,Normal
6402-ZFPPI,Female,75,Yes,No,No,Fair Oaks,California,25,25-48,Month-to-Month,Fiber Optic,Credit Card,102.8,2660.2,3572.7,1,94,4969,1,Yes,Price,Price too high,Normal
9965-YOKZB,Male,73,Yes,No,No,Grizzly Flats,California,9,0-12,Month-to-Month,Fiber Optic,Bank Withdrawal,83.85,790.15,880.51,1,71,3723,1,Yes,Dissatisfaction,Network reliability,Normal
0504-HHAPI,Female,72,Yes,No,No,Guinda,California,27,25-48,Month-to-Month,Fiber Optic,Credit Card,88.3,2467.75,2925.13,3,96,2420,1,Yes,Other,Don't know,Normal
3791-LGQCY,Female,68,Yes,Yes,No,Loomis,California,56,49-72,Month-to-Month,Cable,Bank Withdrawal,100.65,5688.05,7711.41,1,85,4803,1,Yes,Attitude,Attitude of support person,Normal
8166-ZZTFS,Female,74,Yes,Yes,No,Roseville,California,66,49-72,Two Year,Cable,Bank Withdrawal,80.55,5265.1,6697.3,3,94,4400,1,Yes,Attitude,Attitude of support person,Normal
2956-GGUCQ,Male,71,Yes,Yes,No,Pioneer,California,24,13-24,Month-to-Month,Fiber Optic,Bank Withdrawal,78.85,1772.25,1821.45,1,65,3079,1,Yes,Attitude,Attitude of service provider,Normal
2778-OCLGR,Male,75,Yes,Yes,No,Soda Springs,California,24,13-24,Month-to-Month,DSL,Bank Withdrawal,39.1,971.3,971.3,1,89,4591,1,Yes,Competitor,Competitor had better devices,Normal
7067-KSAZT,Female,66,Yes,Yes,No,Chico,California,65,49-72,One Year,Fiber Optic,Bank Withdrawal,106.25,6979.8,8194.65,1,69,5965,1,Yes,Competitor,Competitor made better offer,Normal
9300-AGZNL,Male,76,Yes,No,No,Elk Creek,California,1,0-12,Month-to-Month,Fiber Optic,Bank Withdrawal,94.0,94.0,115.85,1,67,4176,1,Yes,Dissatisfaction,Product dissatisfaction,Normal
1112-CUNAO,Female,67,Yes,No,No,Grimes,California,15,13-24,Month-to-Month,Fiber Optic,Bank Withdrawal,89.85,1424.95,1489.15,2,91,2668,1,Yes,Dissatisfaction,Service dissatisfaction,Normal
3389-YGYAI,Female,79,Yes,No,No,Princeton,California,8,0-12,Month-to-Month,Fiber Optic,Bank Withdrawal,105.5,829.55,1190.83,3,72,5546,1,Yes,Price,Price too high,Normal
3070-DVEYC,Male,78,Yes,No,No,Williams,California,7,0-12,Month-to-Month,Fiber Optic,Credit Card,73.75,545.15,771.9499999999999,2,84,5638,1,Yes,Attitude,Attitude of support person,Normal
5707-ORNDZ,Male,79,Yes,No,No,Yuba City,California,9,0-12,Month-to-Month,DSL,Bank Withdrawal,54.55,494.05,516.1,1,79,4656,1,Yes,Dissatisfaction,Network reliability,Normal
8696-JKZNU,Female,78,Yes,No,No,Anderson,California,37,25-48,Month-to-Month,Fiber Optic,Bank Withdrawal,76.25,2841.55,3838.7,3,91,5859,1,Yes,Other,Don't know,Normal
2055-PDADH,Female,71,Yes,No,No,Big Bend,California,3,0-12,Month-to-Month,Fiber Optic,Bank Withdrawal,70.4,204.7,211.48,3,67,2491,1,Yes,Other,Don't know,Normal
2302-ANTDP,Female,76,Yes,Yes,No,Hat Creek,California,48,25-48,Month-to-Month,Fiber Optic,Bank Withdrawal,117.45,5438.9,7504.82,1,67,5915,1,Yes,Competitor,Competitor offered more data,Normal
5233-GEEAX,Male,65,Yes,No,No,Lewiston,California,8,0-12,Month-to-Month,DSL,Bank Withdrawal,29.4,221.9,221.9,1,85,5971,1,Yes,Competitor,Competitor had better devices,Normal
7137-RYLPP,Male,75,Yes,Yes,No,Paskenta,California,37,25-48,Month-to-Month,Fiber Optic,Bank Withdrawal,85.7,3171.15,4895.72,2,86,4712,1,Yes,Competitor,Competitor offered higher download speeds,Normal
3957-LXOLK,Female,75,Yes,No,No,Shingletown,California,28,25-48,Month-to-Month,Fiber Optic,Bank Withdrawal,106.15,3152.5,3423.26,1,83,5030,1,Yes,Competitor,Competitor offered more data,Normal
5281-BUZGT,Male,69,Yes,No,No,Weaverville,California,36,25-48,Month-to-Month,Fiber Optic,Bank Withdrawal,90.85,3186.7,4026.58,1,92,5692,1,Yes,Competitor,Competitor made better offer,Normal
2718-GAXQD,Female,68,Yes,Yes,Yes,Fallbrook,California,4,0-12,Month-to-Month,Cable,Bank Withdrawal,46.0,181.6,350.12,1,92,4797,1,Yes,Competitor,Competitor made better offer,Normal
3217-FZDMN,Female,66,Yes,No,No,Los Angeles,California,8,0-12,Month-to-Month,Fiber Optic,Credit Card,94.45,742.95,784.63,1,83,3676,1,Yes,Competitor,Competitor had better devices,Normal
7480-QNVZJ,Male,65,Yes,No,No,Los Angeles,California,50,49-72,Month-to-Month,Fiber Optic,Bank Withdrawal,95.7,4816.7,5762.7,3,73,4287,1,Yes,Dissatisfaction,Network reliability,Normal
7124-UGSUR,Female,77,Yes,Yes,No,Los Angeles,California,61,49-72,One Year,Fiber Optic,Credit Card,104.4,6405.0,8546.71,1,84,4412,1,Yes,Competitor,Competitor had better devices,Normal
1862-SKORY,Female,66,Yes,Yes,No,Los Angeles,California,40,25-48,Month-to-Month,Cable,Bank Withdrawal,39.3,1637.4,1637.4,3,91,2296,1,Yes,Competitor,Competitor offered higher download speeds,Normal
4816-JBHOV,Male,72,Yes,No,No,Los Angeles,California,2,0-12,Month-to-Month,Cable,Bank Withdrawal,44.7,93.7,176.56,1,91,4618,1,Yes,Competitor,Competitor offered more data,Normal
3247-ZVOUO,Male,77,Yes,Yes,No,Downey,California,10,0-12,Month-to-Month,Fiber Optic,Bank Withdrawal,85.55,851.75,911.85,1,81,3336,1,Yes,Attitude,Attitude of support person,Normal
1268-ASBGA,Female,66,Yes,Yes,No,Huntington Park,California,16,13-24,Month-to-Month,Fiber Optic,Credit Card,85.35,1375.15,1534.0300000000002,2,66,5769,1,Yes,Dissatisfaction,Limited range of services,Normal
4713-LZDRV,Female,80,Yes,No,No,Malibu,California,2,0-12,Month-to-Month,Cable,Bank Withdrawal,79.6,195.05,258.87,3,94,4322,1,Yes,Price,Long distance charges,Normal
4325-NFSKC,Male,68,Yes,No,No,Pacific Palisades,California,19,13-24,Month-to-Month,Fiber Optic,Bank Withdrawal,90.6,1660.0,2194.28,1,87,2373,1,Yes,Price,Extra data charges,Normal
6502-HCJTI,Male,78,Yes,Yes,No,Lakewood,California,7,0-12,Month-to-Month,Fiber Optic,Credit Card,94.7,673.1,741.0,1,75,3591,1,Yes,Attitude,Attitude of service provider,Normal
8258-GSTJK,Male,74,Yes,No,No,San Pedro,California,3,0-12,Month-to-Month,Fiber Optic,Bank Withdrawal,77.0,237.75,382.77,1,96,3128,1,Yes,Competitor,Competitor had better devices,Normal
2995-UPRYS,Female,74,Yes,Yes,No,Long Beach,California,40,25-48,One Year,Fiber Optic,Credit Card,99.2,4062.2,4852.6,3,69,5098,1,Yes,Other,Moved,Normal
6686-YPGHK,Male,65,Yes,No,No,Long Beach,California,47,25-48,Month-to-Month,Fiber Optic,Credit Card,85.5,4042.3,5811.56,3,68,3645,1,Yes,Other,Moved,Normal
8020-BWHYL,Female,70,Yes,No,No,Montrose,California,15,13-24,Month-to-Month,Fiber Optic,Credit Card,75.3,1147.45,1267.3,3,91,4526,1,Yes,Competitor,Competitor offered more data,Normal
6892-XPFPU,Male,70,Yes,Yes,No,Pasadena,California,24,13-24,Month-to-Month,Fiber Optic,Bank Withdrawal,104.25,2433.9,3628.14,1,80,2104,1,Yes,Competitor,Competitor offered higher download speeds,Normal
8010-EZLOU,Male,75,Yes,No,No,San Marino,California,15,13-24,Month-to-Month,Fiber Optic,Bank Withdrawal,80.2,1217.25,1398.45,1,76,4958,1,Yes,Competitor,Competitor offered higher download speeds,Normal
8062-YBDOE,Male,70,Yes,No,No,Canyon Country,California,1,0-12,Month-to-Month,Fiber Optic,Bank Withdrawal,69.65,69.65,76.88000000000001,2,78,5844,1,Yes,Other,Don't know,Normal
3672-YITQD,Male,71,Yes,Yes,No,Castaic,California,36,25-48,Month-to-Month,Fiber Optic,Bank Withdrawal,84.1,3021.6,4161.0,1,79,2987,1,Yes,Competitor,Competitor made better offer,Normal
8988-ECPJR,Female,79,Yes,Yes,No,Van Nuys,California,34,25-48,Month-to-Month,Fiber Optic,Credit Card,79.6,2718.3,3596.86,1,66,3980,1,Yes,Dissatisfaction,Product dissatisfaction,Normal
3776-EKTKM,Female,79,Yes,No,No,Burbank,California,1,0-12,Month-to-Month,Cable,Bank Withdrawal,36.45,36.45,36.45,3,96,5303,1,Yes,Dissatisfaction,Service dissatisfaction,Normal
0643-OKLRP,Female,73,Yes,Yes,No,Azusa,California,47,25-48,Month-to-Month,Fiber Optic,Bank Withdrawal,80.35,3825.85,5716.42,1,95,5915,1,Yes,Dissatisfaction,Network reliability,Normal
9381-NDKME,Female,74,Yes,Yes,No,El Monte,California,24,13-24,Month-to-Month,Cable,Credit Card,40.65,933.3,933.3,1,85,3843,1,Yes,Dissatisfaction,Limited range of services,Normal
8327-LZKAS,Female,80,Yes,Yes,No,Pomona,California,43,25-48,One Year,Cable,Bank Withdrawal,107.55,4533.9,5269.02,2,93,4423,1,Yes,Dissatisfaction,Service dissatisfaction,Normal
1075-BGWOH,Male,69,Yes,Yes,No,Rosemead,California,16,13-24,Month-to-Month,Fiber Optic,Bank Withdrawal,98.75,1587.55,1830.11,2,87,3392,1,Yes,Attitude,Attitude of support person,Normal
8485-GJCDN,Female,71,Yes,No,No,San Diego,California,5,0-12,Month-to-Month,Fiber Optic,Credit Card,69.05,318.5,468.75,3,74,3368,1,Yes,Competitor,Competitor made better offer,Normal
6029-WTIPC,Male,73,Yes,No,No,San Diego,California,37,25-48,Month-to-Month,Fiber Optic,Bank Withdrawal,101.1,3744.05,5152.27,1,87,4424,1,Yes,Competitor,Competitor made better offer,Normal
3317-HRTNN,Female,79,Yes,No,No,San Diego,California,5,0-12,Month-to-Month,DSL,Bank Withdrawal,45.7,198.0,198.0,3,73,3561,1,Yes,Competitor,Competitor made better offer,Normal
5569-OUICF,Female,67,Yes,Yes,No,San Diego,California,28,25-48,Month-to-Month,Fiber Optic,Credit Card,101.3,2812.2,3272.24,3,68,4994,1,Yes,Competitor,Competitor made better offer,Normal
5747-PMBSQ,Male,72,Yes,Yes,No,San Diego,California,10,0-12,Month-to-Month,Fiber Optic,Credit Card,92.5,934.1,1145.3,1,77,2415,1,Yes,Competitor,Competitor made better offer,Normal
2982-IHMFT,Female,75,Yes,No,No,San Diego,California,1,0-12,Month-to-Month,Fiber Optic,Credit Card,74.45,74.45,114.06,3,67,4291,1,Yes,Competitor,Competitor made better offer,Normal
5143-EGQFK,Female,76,Yes,No,No,San Diego,California,10,0-12,Month-to-Month,Cable,Bank Withdrawal,29.65,291.4,401.4,2,89,5702,1,Yes,Other,Don't know,Normal
6168-WFVVF,Female,69,Yes,No,No,San Diego,California,3,0-12,Month-to-Month,Fiber Optic,Bank Withdrawal,70.3,235.5,252.12,3,91,5165,1,Yes,Competitor,Competitor made better offer,Normal
7450-NWRTR,Male,76,Yes,No,No,San Diego,California,12,0-12,Month-to-Month,Fiber Optic,Bank Withdrawal,99.45,1200.15,1462.8300000000002,3,91,2819,1,Yes,Competitor,Competitor made better offer,Normal
6005-OBZPH,Female,68,Yes,No,No,San Diego,California,26,25-48,Month-to-Month,Fiber Optic,Bank Withdrawal,89.15,2277.65,2513.99,1,89,4074,1,Yes,Other,Don't know,Normal
7932-WPTDS,Female,77,Yes,Yes,No,San Diego,California,1,0-12,Month-to-Month,DSL,Bank Withdrawal,24.8,24.8,24.8,1,73,5377,1,Yes,Competitor,Competitor made better offer,Normal
7000-WCEVQ,Female,67,Yes,No,No,Wrightwood,California,20,13-24,Month-to-Month,DSL,Credit Card,61.6,1174.35,1716.55,1,85,3866,1,Yes,Price,Long distance charges,Normal
5959-BELXA,Male,67,Yes,No,No,Yucaipa,California,32,25-48,Month-to-Month,Fiber Optic,Credit Card,96.15,3019.25,3833.65,2,79,2246,1,Yes,Price,Price too high,Normal
2506-TNFCO,Female,76,Yes,Yes,No,Riverside,California,1,0-12,Month-to-Month,Fiber Optic,Bank Withdrawal,69.55,69.55,82.00999999999999,2,67,5948,1,Yes,Dissatisfaction,Network reliability,Normal
6060-DRTNL,Female,66,Yes,No,No,San Jacinto,California,5,0-12,Month-to-Month,Fiber Optic,Credit Card,84.85,415.55,572.3,1,74,3305,1,Yes,Competitor,Competitor had better devices,Normal
8473-VUVJN,Male,80,Yes,No,No,Temecula,California,1,0-12,Month-to-Month,Fiber Optic,Bank Withdrawal,73.65,73.65,113.53,3,86,5443,1,Yes,Attitude,Attitude of service provider,Normal
0196-VULGZ,Female,78,Yes,Yes,No,Irvine,California,6,0-12,Month-to-Month,Fiber Optic,Bank Withdrawal,84.35,474.9,647.16,3,77,5721,1,Yes,Other,Deceased,Normal
1976-CFOCS,Female,69,Yes,Yes,No,Dana Point,California,1,0-12,Month-to-Month,DSL,Bank Withdrawal,46.0,46.0,53.74,1,67,4531,1,Yes,Competitor,Competitor had better devices,Normal
4631-OACRM,Male,78,Yes,No,No,Lake Forest,California,15,13-24,Month-to-Month,Fiber Optic,Bank Withdrawal,79.4,1156.1,1414.55,1,74,3621,1,Yes,Competitor,Competitor offered higher download speeds,Normal
3755-JBMNH,Male,78,Yes,Yes,No,Huntington Beach,California,16,13-24,Month-to-Month,Fiber Optic,Bank Withdrawal,71.8,1167.8,1902.2,1,86,3327,1,Yes,Competitor,Competitor offered more data,Normal
6345-ULYRW,Male,68,Yes,Yes,No,Laguna Beach,California,44,25-48,One Year,Cable,Credit Card,88.4,3912.9,4996.18,3,91,2674,1,Yes,Competitor,Competitor made better offer,Normal
0013-EXCHZ,Female,75,Yes,Yes,No,Camarillo,California,3,0-12,Month-to-Month,Fiber Optic,Credit Card,83.9,267.4,289.54,1,68,3464,1,Yes,Dissatisfaction,Network reliability,Normal
5550-VFRLC,Female,70,Yes,No,No,Moorpark,California,1,0-12,Month-to-Month,Fiber Optic,Bank Withdrawal,69.85,69.85,153.3,1,68,5056,1,Yes,Dissatisfaction,Limited range of services,Normal
2657-ALMWY,Female,65,Yes,Yes,No,Simi Valley,California,26,25-48,Month-to-Month,Fiber Optic,Bank Withdrawal,84.95,2169.75,2644.51,3,75,4316,1,Yes,Price,Price too high,Normal
6284-AHOOQ,Male,71,Yes,No,No,Avenal,California,22,13-24,Month-to-Month,Fiber Optic,Bank Withdrawal,90.5,1910.6,2925.02,1,71,5014,1,Yes,Other,Don't know,Normal
2460-FPSYH,Female,72,Yes,No,No,Exeter,California,40,25-48,Month-to-Month,Cable,Bank Withdrawal,55.8,2109.35,2189.35,1,90,4272,1,Yes,Attitude,Attitude of support person,Normal
5028-HTLJB,Male,69,Yes,No,No,New Cuyama,California,1,0-12,Month-to-Month,,Credit Card,20.05,20.05,39.92,1,91,3491,1,Yes,Price,Long distance charges,Normal
0875-CABNR,Female,70,Yes,No,No,San Luis Obispo,California,10,0-12,Month-to-Month,Fiber Optic,Credit Card,84.6,865.55,1034.05,3,94,3320,1,Yes,Attitude,Attitude of support person,Normal
6982-UQZLY,Female,80,Yes,Yes,No,Los Alamos,California,1,0-12,Month-to-Month,,Credit Card,20.85,20.85,43.71,3,90,3817,1,Yes,Attitude,Attitude of support person,Normal
0193-ESZXP,Female,73,Yes,Yes,No,Oceano,California,58,49-72,One Year,Fiber Optic,Credit Card,105.5,6205.5,7188.02,1,91,5067,1,Yes,Attitude,Attitude of support person,Normal
4369-HTUIF,Male,73,Yes,No,No,Pismo Beach,California,6,0-12,Month-to-Month,Fiber Optic,Bank Withdrawal,85.15,503.6,680.0600000000001,2,90,5831,1,Yes,Attitude,Attitude of service provider,Normal
5287-QWLKY,Male,79,Yes,Yes,No,Big Pine,California,71,49-72,Month-to-Month,Fiber Optic,Credit Card,105.1,7548.1,10718.96,1,66,5725,1,Yes,Attitude,Attitude of support person,Normal
1891-UAWWU,Female,79,Yes,Yes,No,Johannesburg,California,20,13-24,Month-to-Month,Fiber Optic,Bank Withdrawal,90.8,1951.0,2046.4,1,87,2312,1,Yes,Competitor,Competitor had better devices,Normal
3096-JRDSO,Female,73,Yes,Yes,No,Fallbrook,California,27,25-48,Month-to-Month,Fiber Optic,Bank Withdrawal,104.3,2867.75,3142.88,1,75,3444,1,Yes,Competitor,Competitor made better offer,Normal
2398-YPMUR,Female,77,Yes,Yes,No,Dinuba,California,13,13-24,Month-to-Month,Fiber Optic,Bank Withdrawal,70.15,916.75,1498.93,2,85,5101,1,Yes,Other,Poor expertise of online support,Normal
1265-XTECC,Female,68,Yes,Yes,No,Madera,California,68,49-72,One Year,Fiber Optic,Credit Card,96.55,6581.9,6716.54,1,86,5957,1,Yes,Attitude,Attitude of service provider,Normal
4871-JTKJF,Female,70,Yes,No,No,Selma,California,1,0-12,Month-to-Month,Fiber Optic,Bank Withdrawal,69.65,69.65,100.78,3,82,4741,1,Yes,Attitude,Attitude of service provider,Normal
1415-YFWLT,Female,68,Yes,No,No,Shaver Lake,California,1,0-12,Month-to-Month,Fiber Optic,Bank Withdrawal,89.3,89.3,119.53,1,85,3067,1,Yes,Competitor,Competitor had better devices,Normal
3500-RMZLT,Female,76,Yes,No,No,Fresno,California,15,13-24,Month-to-Month,Fiber Optic,Credit Card,96.3,1426.75,1863.4,1,72,2933,1,Yes,Attitude,Attitude of support person,Normal
2642-DTVCO,Male,68,Yes,No,No,Chualar,California,9,0-12,Month-to-Month,Fiber Optic,Bank Withdrawal,85.05,746.5,886.12,3,74,5095,1,Yes,Attitude,Attitude of service provider,Normal
1363-TXLSL,Male,80,Yes,Yes,No,San Lucas,California,1,0-12,Month-to-Month,Fiber Optic,Bank Withdrawal,70.3,70.3,109.4,1,91,4962,1,Yes,Competitor,Competitor had better devices,Normal
7136-RVDTZ,Male,79,Yes,No,No,Portola Valley,California,70,49-72,One Year,DSL,Bank Withdrawal,45.25,3264.45,3264.45,2,90,5824,1,Yes,Attitude,Attitude of service provider,Normal
6927-WTFIV,Male,78,Yes,No,No,Redwood City,California,20,13-24,Month-to-Month,Fiber Optic,Credit Card,71.3,1389.2,1503.4,2,91,3684,1,Yes,Attitude,Attitude of service provider,Normal
3398-ZOUAA,Male,76,Yes,Yes,No,Redwood City,California,21,13-24,Month-to-Month,Fiber Optic,Bank Withdrawal,69.1,1474.75,1889.29,2,67,3853,1,Yes,Attitude,Attitude of support person,Normal
4844-JJWUY,Female,65,Yes,No,No,San Francisco,California,1,0-12,Month-to-Month,Fiber Optic,Bank Withdrawal,86.0,86.0,114.82,1,82,5359,1,Yes,Competitor,Competitor made better offer,Normal
4785-QRJHC,Male,80,Yes,Yes,No,San Francisco,California,46,25-48,One Year,DSL,Bank Withdrawal,59.9,2816.65,2966.65,3,80,4011,1,Yes,Competitor,Competitor offered higher download speeds,Normal
1965-AKTSX,Female,65,Yes,No,No,Byron,California,14,13-24,Month-to-Month,Fiber Optic,Bank Withdrawal,78.95,1101.85,1330.89,1,88,5203,1,Yes,Competitor,Competitor made better offer,Normal
7248-VZQLC,Female,78,Yes,No,No,Concord,California,47,25-48,Month-to-Month,Fiber Optic,Bank Withdrawal,85.2,3969.35,4760.36,1,72,4661,1,Yes,Price,Price too high,Normal
0011-IGKFF,Male,78,Yes,Yes,No,Martinez,California,13,13-24,Month-to-Month,Fiber Optic,Bank Withdrawal,98.0,1237.85,1599.51,1,91,3714,1,Yes,Dissatisfaction,Product dissatisfaction,Normal
6496-SLWHQ,Male,68,Yes,No,No,Moraga,California,3,0-12,Month-to-Month,Fiber Optic,Bank Withdrawal,105.0,294.45,400.74,3,87,5960,1,Yes,Attitude,Attitude of support person,Normal
9912-GVSEQ,Female,73,Yes,Yes,No,Napa,California,26,25-48,Month-to-Month,Fiber Optic,Bank Withdrawal,93.85,2381.55,2622.83,2,86,2591,1,Yes,Dissatisfaction,Network reliability,Normal
5383-MMTWC,Female,75,Yes,Yes,No,Oakley,California,8,0-12,Month-to-Month,Fiber Optic,Bank Withdrawal,84.0,613.4,981.8,3,91,4819,1,Yes,Dissatisfaction,Limited range of services,Normal
6877-LGWXO,Male,66,Yes,Yes,No,Pleasanton,California,18,13-24,Month-to-Month,Fiber Optic,Bank Withdrawal,78.55,1422.65,1512.2900000000002,3,84,3521,1,Yes,Attitude,Attitude of support person,Normal
5167-GBFRE,Male,73,Yes,No,No,Oakland,California,4,0-12,Month-to-Month,DSL,Bank Withdrawal,25.2,102.5,102.5,3,72,4694,1,Yes,Other,Poor expertise of online support,Normal
1324-NLTJE,Female,73,Yes,No,No,Emeryville,California,15,13-24,Month-to-Month,DSL,Credit Card,55.0,757.1,1014.95,1,94,3167,1,Yes,Other,Don't know,Normal
5567-WSELE,Male,70,Yes,Yes,No,Richmond,California,3,0-12,Month-to-Month,Fiber Optic,Bank Withdrawal,94.6,279.55,376.48,1,87,3019,1,Yes,Competitor,Competitor had better devices,Normal
6646-VRFOL,Male,74,Yes,Yes,No,Larkspur,California,53,49-72,Month-to-Month,Fiber Optic,Bank Withdrawal,103.85,5485.5,7571.58,1,87,5860,1,Yes,Competitor,Competitor had better devices,Normal
9090-SGQXL,Male,70,Yes,Yes,No,Ben Lomond,California,68,49-72,Month-to-Month,Fiber Optic,Bank Withdrawal,105.3,7299.65,10507.21,3,79,6284,1,Yes,Competitor,Competitor offered more data,Normal
6595-YGXIT,Male,71,Yes,No,No,Boulder Creek,California,25,25-48,Month-to-Month,Fiber Optic,Bank Withdrawal,88.95,2291.2,3482.7,2,91,3878,1,Yes,Competitor,Competitor made better offer,Normal
9835-ZIITK,Male,66,Yes,Yes,No,Campbell,California,66,49-72,One Year,Fiber Optic,Bank Withdrawal,110.85,7491.75,10717.17,1,74,4281,1,Yes,Competitor,Competitor made better offer,Normal
5649-TJHOV,Male,68,Yes,Yes,No,Davenport,California,27,25-48,Month-to-Month,DSL,Bank Withdrawal,36.5,1032.0,1062.0,1,93,4564,1,Yes,Dissatisfaction,Product dissatisfaction,Normal
9253-QXKBE,Male,73,Yes,Yes,No,Morgan Hill,California,29,25-48,Month-to-Month,Fiber Optic,Bank Withdrawal,94.45,2653.65,2834.9,1,71,2233,1,Yes,Competitor,Competitor had better devices,Normal
8775-LHDJH,Female,77,Yes,Yes,No,San Jose,California,1,0-12,Month-to-Month,Fiber Optic,Bank Withdrawal,90.6,90.6,103.62,2,93,2905,1,Yes,Other,Don't know,Normal
3097-NQYSN,Male,73,Yes,Yes,No,San Jose,California,2,0-12,Month-to-Month,Fiber Optic,Credit Card,86.85,156.35,204.73,1,78,5204,1,Yes,Competitor,Competitor had better devices,Normal
3565-UNOCC,Female,65,Yes,Yes,No,Stockton,California,29,25-48,Month-to-Month,Fiber Optic,Bank Withdrawal,99.05,2952.85,3600.42,1,82,3179,1,Yes,Competitor,Competitor offered higher download speeds,Normal
9190-MFJLN,Male,65,Yes,No,No,Vallecito,California,19,13-24,Month-to-Month,Fiber Optic,Credit Card,95.9,1777.9,2400.53,1,68,2851,1,Yes,Competitor,Competitor had better devices,Normal
1095-JUDTC,Female,78,Yes,No,No,Woodbridge,California,47,25-48,Month-to-Month,Fiber Optic,Bank Withdrawal,95.05,4504.55,5172.89,2,65,5214,1,Yes,Competitor,Competitor offered higher download speeds,Normal
5385-SUIRI,Male,69,Yes,Yes,No,Delhi,California,52,49-72,Month-to-Month,Fiber Optic,Bank Withdrawal,104.2,5568.35,7523.55,1,68,5648,1,Yes,Competitor,Competitor offered higher download speeds,Normal
6328-ZPBGN,Female,67,Yes,No,No,Riverbank,California,11,0-12,Month-to-Month,Fiber Optic,Bank Withdrawal,95.15,997.65,1037.47,2,71,4074,1,Yes,Price,Extra data charges,Normal
2856-NNASM,Male,74,Yes,No,No,Santa Rosa,California,43,25-48,Month-to-Month,Fiber Optic,Mailed Check,89.55,3856.75,5538.91,1,73,3802,1,Yes,Dissatisfaction,Network reliability,Normal
6769-DYBQN,Male,77,Yes,No,No,Clearlake,California,46,25-48,Month-to-Month,Fiber Optic,Bank Withdrawal,85.0,3969.4,5661.280000000001,1,71,2097,1,Yes,Attitude,Attitude of support person,Normal
2446-BEGGB,Female,79,Yes,No,No,Lakewood,California,6,0-12,Month-to-Month,Fiber Optic,Bank Withdrawal,98.25,560.6,844.7,3,83,3330,1,Yes,Attitude,Attitude of support person,Normal
1496-GGSUK,Female,68,Yes,No,No,Fulton,California,1,0-12,Month-to-Month,Cable,Mailed Check,25.7,25.7,25.7,1,83,4095,1,Yes,Attitude,Attitude of service provider,Normal
3296-SILRA,Female,76,Yes,Yes,No,Lakeport,California,1,0-12,Month-to-Month,Fiber Optic,Mailed Check,76.4,76.4,117.56,2,89,2426,1,Yes,Attitude,Attitude of support person,Normal
5180-UCIIQ,Male,80,Yes,Yes,Yes,Lucerne,California,22,13-24,Month-to-Month,Cable,Mailed Check,40.05,880.2,880.2,1,75,2061,1,Yes,Other,Moved,Normal
1977-STDKI,Female,72,Yes,No,No,The Sea Ranch,California,1,0-12,Month-to-Month,Fiber Optic,Bank Withdrawal,73.0,73.0,93.55,1,76,4116,1,Yes,Competitor,Competitor offered more data,Normal
5813-UECBU,Male,78,Yes,No,No,Bridgeville,California,33,25-48,Month-to-Month,Fiber Optic,Credit Card,83.85,2716.3,3987.79,2,79,2583,1,Yes,Competitor,Competitor made better offer,Normal
4342-HENTK,Female,67,Yes,No,No,Garberville,California,2,0-12,Month-to-Month,Fiber Optic,Bank Withdrawal,70.65,142.35,167.39,1,74,2189,1,Yes,Competitor,Competitor had better devices,Normal
1597-LHYNC,Female,74,Yes,No,No,Auburn,California,26,25-48,Month-to-Month,Fiber Optic,Bank Withdrawal,95.0,2497.2,3795.58,1,90,4232,1,Yes,Price,Price too high,Normal
8651-ENBZX,Female,68,Yes,No,No,Grizzly Flats,California,60,49-72,One Year,Fiber Optic,Bank Withdrawal,106.0,6441.4,8614.8,3,78,5507,1,Yes,Price,Long distance charges,Normal
9286-DOJGF,Female,66,Yes,Yes,No,Lotus,California,38,25-48,Month-to-Month,Fiber Optic,Bank Withdrawal,74.95,2869.85,3469.49,1,82,5165,1,Yes,Dissatisfaction,Product dissatisfaction,Normal
9661-MHUMO,Male,71,Yes,Yes,Yes,Mather,California,1,0-12,Month-to-Month,DSL,Credit Card,49.25,49.25,57.63,3,84,4478,1,Yes,Dissatisfaction,Service dissatisfaction,Normal
8884-ADFVN,Male,65,Yes,Yes,No,Roseville,California,7,0-12,Month-to-Month,Fiber Optic,Bank Withdrawal,101.95,700.85,943.47,1,74,2016,1,Yes,Other,Don't know,Normal
2720-WGKHP,Male,65,Yes,No,No,Sloughhouse,California,2,0-12,Month-to-Month,Fiber Optic,Bank Withdrawal,94.0,181.7,223.68,1,93,5569,1,Yes,Other,Don't know,Normal
9776-CLUJA,Female,69,Yes,Yes,No,Sacramento,California,51,49-72,Month-to-Month,Fiber Optic,Bank Withdrawal,77.5,3807.35,4718.72,1,96,5748,1,Yes,Competitor,Competitor offered more data,Normal
3551-HUAZH,Male,68,Yes,No,No,Brownsville,California,1,0-12,Month-to-Month,Fiber Optic,Bank Withdrawal,74.4,74.4,85.48,2,89,3429,1,Yes,Price,Price too high,Normal
8634-MPHTR,Male,68,Yes,Yes,No,Forbestown,California,47,25-48,Month-to-Month,Fiber Optic,Bank Withdrawal,100.05,4871.05,5292.64,1,91,5166,1,Yes,Attitude,Attitude of support person,Normal
2474-BRUCM,Male,76,Yes,Yes,No,Redding,California,40,25-48,Month-to-Month,Fiber Optic,Bank Withdrawal,101.85,4086.3,4200.3,1,84,2837,1,Yes,Other,Don't know,Normal
0616-ATFGB,Male,74,Yes,Yes,No,Shasta Lake,California,1,0-12,Month-to-Month,Cable,Bank Withdrawal,25.05,25.05,25.05,1,95,2119,1,Yes,Competitor,Competitor had better devices,Normal
7235-NXZCP,Male,79,Yes,No,No,Hornbrook,California,2,0-12,Month-to-Month,Fiber Optic,Mailed Check,74.85,156.4,247.22,2,84,5378,1,Yes,Competitor,Competitor made better offer,Normal
6661-HBGWL,Female,69,Yes,No,No,Mineral,California,42,25-48,Month-to-Month,Fiber Optic,Bank Withdrawal,104.75,4323.45,5004.69,1,79,2984,1,Yes,Dissatisfaction,Network reliability,Normal
9317-WZPGV,Female,74,Yes,No,No,Paskenta,California,2,0-12,Month-to-Month,Fiber Optic,Bank Withdrawal,79.75,159.4,248.66000000000005,3,77,4038,1,Yes,Price,Extra data charges,Normal
3621-CEOVK,Female,71,Yes,Yes,No,Trinity Center,California,14,13-24,Month-to-Month,Fiber Optic,Bank Withdrawal,100.2,1369.8,2027.94,1,90,3369,1,Yes,Dissatisfaction,Service dissatisfaction,Normal
7632-MNYOY,Male,69,Yes,No,No,Tahoe Vista,California,66,49-72,One Year,Fiber Optic,Credit Card,110.9,7432.05,8085.45,3,93,4389,1,Yes,Attitude,Attitude of service provider,Normal
9248-OJYKK,Male,74,Yes,No,No,San Diego,California,1,0-12,Month-to-Month,Fiber Optic,Bank Withdrawal,76.45,76.45,90.29,3,95,3763,1,Yes,Competitor,Competitor made better offer,Normal
3398-FSHON,Female,79,Yes,No,No,San Diego,California,12,0-12,Month-to-Month,Fiber Optic,Bank Withdrawal,91.3,1094.5,1502.62,2,94,4703,1,Yes,Competitor,Competitor made better offer,Normal
3319-DWOEP,Male,69,Yes,Yes,No,San Diego,California,6,0-12,Month-to-Month,Fiber Optic,Bank Withdrawal,95.75,573.75,861.15,3,90,5750,1,Yes,Competitor,Competitor made better offer,Normal
0818-OCPZO,Male,80,Yes,No,No,Los Angeles,California,27,25-48,Month-to-Month,Fiber Optic,Bank Withdrawal,81.45,2122.05,3280.62,3,83,2571,1,Yes,Competitor,Competitor offered more data,Normal
1389-CXMLU,Male,65,Yes,No,No,Downey,California,3,0-12,Month-to-Month,Fiber Optic,Bank Withdrawal,91.05,289.1,368.06000000000006,2,91,2194,1,Yes,Competitor,Competitor made better offer,Normal
5561-NWEVX,Female,78,Yes,Yes,No,Hermosa Beach,California,2,0-12,Month-to-Month,Fiber Optic,Bank Withdrawal,79.2,172.85,208.31,3,67,4225,1,Yes,Price,Price too high,Normal
2272-QAGFO,Female,75,Yes,No,No,Inglewood,California,14,13-24,Month-to-Month,Fiber Optic,Bank Withdrawal,74.3,1096.25,1587.23,3,71,5342,1,Yes,Dissatisfaction,Service dissatisfaction,Normal
3768-NLUBH,Male,73,Yes,Yes,No,Torrance,California,57,49-72,Month-to-Month,Fiber Optic,Bank Withdrawal,100.6,5746.15,8145.85,1,74,5247,1,Yes,Dissatisfaction,Network reliability,Normal
7359-SSBJK,Female,80,Yes,No,No,Whittier,California,64,49-72,Two Year,DSL,Credit Card,70.2,4481.0,6344.68,1,89,6080,1,Yes,Price,Lack of affordable download/upload speed,Normal
0685-MLYYM,Female,74,Yes,No,No,Buena Park,California,2,0-12,Month-to-Month,Fiber Optic,Bank Withdrawal,70.75,154.85,174.57,2,96,4407,1,Yes,Price,Long distance charges,Normal
7957-RYHQD,Female,65,Yes,No,No,Bellflower,California,40,25-48,Month-to-Month,Fiber Optic,Credit Card,79.2,3233.85,5028.25,1,94,3207,1,Yes,Price,Price too high,Normal
6230-BSUXY,Female,71,Yes,No,No,Paramount,California,1,0-12,Month-to-Month,Fiber Optic,Bank Withdrawal,85.0,85.0,127.5,2,93,2650,1,Yes,Dissatisfaction,Network reliability,Normal
3990-QYKBE,Male,74,Yes,Yes,No,La Canada Flintridge,California,37,25-48,Month-to-Month,Fiber Optic,Bank Withdrawal,92.5,3473.4,5300.09,1,95,4127,1,Yes,Competitor,Competitor had better devices,Normal
9274-CNFMO,Male,76,Yes,Yes,No,Pacoima,California,4,0-12,Month-to-Month,Fiber Optic,Bank Withdrawal,74.95,308.7,421.14,2,69,3716,1,Yes,Competitor,Competitor offered more data,Normal
3005-NFMTA,Male,73,Yes,No,No,Valencia,California,55,49-72,Month-to-Month,Fiber Optic,Bank Withdrawal,98.8,5617.75,6108.9,2,69,5543,1,Yes,Price,Price too high,Normal
5389-FFVKB,Male,71,Yes,Yes,No,Thousand Oaks,California,32,25-48,Month-to-Month,Fiber Optic,Credit Card,80.3,2483.05,2549.61,1,94,5365,1,Yes,Dissatisfaction,Service dissatisfaction,Normal
8444-WRIDW,Female,72,Yes,No,No,Thousand Oaks,California,66,49-72,Month-to-Month,Fiber Optic,Credit Card,80.45,5224.35,8373.29,2,79,5011,1,Yes,Attitude,Attitude of support person,Normal
5868-YWPDW,Male,76,Yes,Yes,No,Sherman Oaks,California,6,0-12,Month-to-Month,Fiber Optic,Bank Withdrawal,84.2,519.15,761.79,2,72,5834,1,Yes,Dissatisfaction,Limited range of services,Normal
1273-MTETI,Female,69,Yes,No,No,Rancho Cucamonga,California,4,0-12,Month-to-Month,Fiber Optic,Bank Withdrawal,88.85,372.45,423.89,3,74,2754,1,Yes,Other,Don't know,Normal
5480-HPRRX,Female,80,Yes,No,No,Glendora,California,3,0-12,Month-to-Month,DSL,Bank Withdrawal,25.3,77.75,77.75,3,74,3542,1,Yes,Attitude,Attitude of support person,Normal
7234-FECYN,Female,78,Yes,No,No,San Gabriel,California,8,0-12,Month-to-Month,Fiber Optic,Bank Withdrawal,101.35,780.5,1132.34,3,68,5546,1,Yes,Attitude,Attitude of support person,Normal
1400-MMYXY,Male,71,Yes,Yes,No,Alhambra,California,3,0-12,Month-to-Month,Fiber Optic,Bank Withdrawal,105.9,334.65,458.55,2,71,2715,1,Yes,Attitude,Attitude of service provider,Normal
7142-HVGBG,Male,73,Yes,Yes,No,Mount Laguna,California,43,25-48,Month-to-Month,Fiber Optic,Bank Withdrawal,103.0,4414.3,5163.79,1,91,2505,1,Yes,Competitor,Competitor had better devices,Normal
1564-NTYXF,Female,79,Yes,No,No,San Marcos,California,13,13-24,Month-to-Month,Fiber Optic,Bank Withdrawal,82.0,1127.2,1185.05,2,91,3363,1,Yes,Attitude,Attitude of support person,Normal
0886-QGENL,Female,72,Yes,Yes,No,San Diego,California,27,25-48,Month-to-Month,Fiber Optic,Bank Withdrawal,101.25,2754.45,3991.59,1,77,4853,1,Yes,Attitude,Attitude of service provider,Normal
8739-WWKDU,Male,69,Yes,No,No,San Diego,California,25,25-48,Month-to-Month,Fiber Optic,Bank Withdrawal,89.5,2196.15,2657.65,1,90,4849,1,Yes,Competitor,Competitor had better devices,Normal
8685-WHQPW,Female,79,Yes,No,No,San Diego,California,22,13-24,Month-to-Month,Fiber Optic,Bank Withdrawal,74.4,1692.6,1804.58,1,81,2407,1,Yes,Competitor,Competitor had better devices,Normal
7240-FQLHE,Female,68,Yes,Yes,No,San Diego,California,18,13-24,Month-to-Month,Fiber Optic,Bank Withdrawal,99.75,1836.25,2291.11,2,68,5857,1,Yes,Attitude,Attitude of support person,Normal
6664-FPDAC,Female,77,Yes,No,No,San Diego,California,56,49-72,One Year,Fiber Optic,Bank Withdrawal,111.95,6418.9,7508.66,3,91,4060,1,Yes,Attitude,Attitude of service provider,Normal
0786-VSSUD,Male,68,Yes,No,No,San Diego,California,16,13-24,Month-to-Month,DSL,Mailed Check,39.0,679.85,679.85,1,92,5692,1,Yes,Competitor,Competitor had better devices,Normal
6583-QGCSI,Female,79,Yes,Yes,No,Indian Wells,California,50,49-72,Month-to-Month,Fiber Optic,Bank Withdrawal,88.05,4367.35,6323.35,3,87,5813,1,Yes,Competitor,Competitor made better offer,Normal
1980-KXVPM,Female,68,Yes,No,No,El Centro,California,3,0-12,Month-to-Month,Fiber Optic,Credit Card,75.05,256.25,327.71000000000004,1,83,3553,1,Yes,Competitor,Competitor had better devices,Normal
0723-DRCLG,Female,73,Yes,Yes,No,Fallbrook,California,1,0-12,Month-to-Month,Fiber Optic,Bank Withdrawal,74.45,74.45,115.72,2,94,2394,1,Yes,Other,Don't know,Normal
6894-LFHLY,Male,79,Yes,No,No,Escondido,California,1,0-12,Month-to-Month,Fiber Optic,Bank Withdrawal,75.75,75.75,84.1,1,90,5571,1,Yes,Competitor,Competitor made better offer,Normal
8361-LTMKD,Male,75,Yes,Yes,No,Fallbrook,California,4,0-12,Month-to-Month,Fiber Optic,Mailed Check,74.4,306.6,369.04,2,77,5839,1,Yes,Competitor,Competitor made better offer,Normal
3841-NFECX,Female,69,Yes,Yes,No,Los Angeles,California,71,49-72,Two Year,Fiber Optic,Credit Card,96.35,6766.95,10105.37,4,38,5309,0,No,,,Normal
8012-SOUDQ,Female,65,Yes,No,No,Los Angeles,California,43,25-48,One Year,Fiber Optic,Bank Withdrawal,90.25,3838.75,4379.6900000000005,4,52,2223,0,No,,,Normal
6575-SUVOI,Female,65,Yes,Yes,No,Los Angeles,California,25,25-48,One Year,DSL,Credit Card,69.5,1752.65,2517.65,4,25,3154,0,No,,,Normal
4667-QONEA,Female,72,Yes,Yes,No,Los Angeles,California,60,49-72,One Year,Cable,Credit Card,74.85,4456.35,7390.35,3,59,5153,0,No,,,Normal
5067-XJQFU,Male,77,Yes,Yes,No,Los Angeles,California,66,49-72,One Year,Fiber Optic,Bank Withdrawal,108.45,7076.35,8514.49,5,74,4582,0,No,,,Normal
1891-QRQSA,Male,71,Yes,Yes,No,Downey,California,64,49-72,Two Year,Fiber Optic,Bank Withdrawal,111.6,7099.0,8144.12,4,69,4881,0,No,,,Normal
2673-CXQEU,Female,73,Yes,No,No,Gardena,California,56,49-72,One Year,Fiber Optic,Bank Withdrawal,110.5,6139.5,8778.78,4,21,4463,0,No,,,Normal
0191-ZHSKZ,Male,80,Yes,No,No,Hawthorne,California,30,25-48,One Year,DSL,Bank Withdrawal,74.75,2111.3,3269.6000000000004,4,55,3033,0,No,,,Normal
5386-THSLQ,Female,65,Yes,Yes,No,Santa Monica,California,66,49-72,One Year,Cable,Bank Withdrawal,45.55,3027.25,3027.25,5,28,6238,0,No,,,Normal
2639-UGMAZ,Male,73,Yes,No,No,Artesia,California,71,49-72,One Year,DSL,Bank Withdrawal,56.45,3985.35,3985.35,3,68,5372,0,No,,,Normal
3146-MSEGF,Female,71,Yes,Yes,No,Paramount,California,72,49-72,Two Year,DSL,Credit Card,88.05,6425.65,7900.209999999999,3,8,6102,0,No,,,Normal
1131-QQZEB,Male,66,Yes,Yes,No,Sunset Beach,California,71,49-72,Two Year,,Bank Withdrawal,23.95,1756.2,3937.32,3,52,4329,0,No,,,Normal
2504-DSHIH,Male,66,Yes,Yes,No,Thousand Oaks,California,23,13-24,One Year,Fiber Optic,Bank Withdrawal,86.8,1975.85,2955.42,3,38,5788,0,No,,,Normal
9058-HRZSV,Female,77,Yes,Yes,No,Baldwin Park,California,65,49-72,One Year,Fiber Optic,Bank Withdrawal,94.4,6126.15,8616.95,4,7,5348,0,No,,,Normal
4522-AKYLR,Female,68,Yes,No,No,Chino Hills,California,13,13-24,One Year,DSL,Bank Withdrawal,54.8,731.3,867.93,4,7,5557,0,No,,,Normal
0221-WMXNQ,Male,66,Yes,No,No,Chino,California,4,0-12,One Year,Fiber Optic,Bank Withdrawal,75.35,273.4,419.0,3,40,4033,0,No,,,Normal
5046-NUHWD,Female,69,Yes,Yes,No,Hacienda Heights,California,29,25-48,One Year,Cable,Bank Withdrawal,45.0,1228.65,1228.65,3,50,3094,0,No,,,Normal
7529-ZDFXI,Male,79,Yes,Yes,No,La Verne,California,57,49-72,One Year,Fiber Optic,Bank Withdrawal,89.85,4925.35,7014.97,5,36,4429,0,No,,,Normal
3197-ARFOY,Female,67,Yes,No,No,Ontario,California,19,13-24,One Year,Fiber Optic,Mailed Check,105.0,2007.25,2178.3,3,59,3524,0,No,,,Normal
4716-HHKQH,Male,68,Yes,Yes,No,Pomona,California,20,13-24,One Year,Fiber Optic,Bank Withdrawal,107.05,2172.05,2723.25,3,65,5328,0,No,,,Normal
3179-GBRWV,Male,79,Yes,Yes,No,San Gabriel,California,21,13-24,One Year,DSL,Bank Withdrawal,64.95,1339.8,2241.75,4,23,4604,0,No,,,Normal
4847-TAJYI,Female,77,Yes,No,No,Chula Vista,California,6,0-12,One Year,Fiber Optic,Bank Withdrawal,89.35,567.8,616.16,3,75,2578,0,No,,,Normal
6851-WEFYX,Male,73,Yes,Yes,No,Descanso,California,35,25-48,One Year,Fiber Optic,Bank Withdrawal,100.8,3437.5,3511.7,5,38,3318,0,No,,,Normal
3167-SNQPL,Male,71,Yes,Yes,Yes,Pine Valley,California,38,25-48,One Year,Fiber Optic,Bank Withdrawal,101.15,3741.85,4817.25,5,78,4036,0,No,,,Normal
2799-ARNLO,Female,67,Yes,Yes,No,Bonsall,California,5,0-12,One Year,Fiber Optic,Bank Withdrawal,69.35,341.6,389.4,4,41,5437,0,No,,,Normal
5701-YVSVF,Female,68,Yes,Yes,No,Fallbrook,California,11,0-12,One Year,Fiber Optic,Bank Withdrawal,82.9,880.05,1200.6999999999998,4,21,4413,0,No,,,Normal
5697-GOMBF,Female,75,Yes,Yes,Yes,Julian,California,28,25-48,One Year,DSL,Bank Withdrawal,35.9,973.65,1013.65,5,34,5444,0,No,,,Normal
2739-CACDQ,Female,79,Yes,No,No,La Jolla,California,17,13-24,One Year,Fiber Optic,Credit Card,82.65,1470.05,1488.07,4,26,3754,0,No,,,Normal
6035-BXTTY,Female,69,Yes,No,No,Rancho Santa Fe,California,32,25-48,One Year,DSL,Bank Withdrawal,54.65,1830.1,2477.54,5,56,4045,0,No,,,Normal
4654-DLAMQ,Female,69,Yes,Yes,No,Warner Springs,California,64,49-72,One Year,Fiber Optic,Bank Withdrawal,97.0,6430.9,6671.54,3,68,4053,0,No,,,Normal
4115-NZRKS,Female,72,Yes,No,No,San Diego,California,7,0-12,One Year,Fiber Optic,Bank Withdrawal,89.15,574.35,688.87,5,25,2415,0,No,,,Normal
3351-NGXYI,Female,70,Yes,No,No,San Diego,California,16,13-24,One Year,DSL,Bank Withdrawal,54.1,889.0,1044.52,3,38,2276,0,No,,,Normal
8204-YJCLA,Male,78,Yes,Yes,No,San Ysidro,California,72,49-72,Two Year,DSL,Bank Withdrawal,64.8,4732.35,4732.35,3,68,4886,0,No,,,Normal
9774-NRNAU,Male,77,Yes,Yes,No,Cabazon,California,27,25-48,One Year,DSL,Bank Withdrawal,84.8,2309.55,3215.94,3,75,5352,0,No,,,High Risk
3951-NJCVI,Female,76,Yes,Yes,No,Cathedral City,California,42,25-48,One Year,Fiber Optic,Bank Withdrawal,95.05,3944.5,5820.68,4,34,2677,0,No,,,Normal
0177-PXBAT,Male,78,Yes,Yes,No,Desert Center,California,33,25-48,One Year,Fiber Optic,Bank Withdrawal,109.9,3694.7,4524.65,3,59,5655,0,No,,,Normal
2519-ERQOJ,Male,74,Yes,No,No,Desert Hot Springs,California,33,25-48,One Year,Cable,Bank Withdrawal,54.6,1803.7,1803.7,4,30,5322,0,No,,,Normal
0111-KLBQG,Male,71,Yes,Yes,Yes,Morongo Valley,California,32,25-48,One Year,Fiber Optic,Mailed Check,93.95,2861.45,3880.97,5,62,2844,0,No,,,Normal
1996-DBMUS,Female,72,Yes,Yes,No,Palo Verde,California,48,25-48,One Year,Fiber Optic,Bank Withdrawal,70.65,3545.05,4149.85,3,71,5523,0,No,,,High Risk
2055-SIFSS,Female,75,Yes,Yes,No,Westmorland,California,55,49-72,One Year,Cable,Bank Withdrawal,51.65,2838.55,4462.700000000001,3,24,4763,0,No,,,Normal
2806-MLNTI,Male,79,Yes,Yes,No,White Water,California,52,49-72,One Year,Fiber Optic,Bank Withdrawal,105.1,5376.4,6892.2,4,47,4621,0,No,,,Normal
5628-RKIFK,Female,76,Yes,No,No,Bloomington,California,49,49-72,One Year,Fiber Optic,Credit Card,101.55,5070.4,6287.56,3,22,5348,0,No,,,Normal
5760-WRAHC,Female,78,Yes,No,No,Fontana,California,22,13-24,One Year,DSL,Mailed Check,69.75,1545.4,2644.96,3,32,3509,0,No,,,Normal
1480-BKXGA,Male,75,Yes,Yes,No,Mentone,California,72,49-72,Two Year,Fiber Optic,Bank Withdrawal,116.05,8404.9,10063.54,3,64,4404,0,No,,,Normal
9076-AXYIK,Male,66,Yes,Yes,No,Nipton,California,64,49-72,Two Year,Fiber Optic,Bank Withdrawal,102.1,6538.45,7830.61,4,28,6270,0,No,,,Normal
4933-IKULF,Female,71,Yes,No,No,Pinon Hills,California,17,13-24,One Year,,Mailed Check,20.65,330.6,741.15,4,40,4086,0,No,,,Normal
3780-DDGSE,Male,77,Yes,Yes,Yes,Shoshone,California,35,25-48,One Year,DSL,Bank Withdrawal,76.05,2747.2,3243.85,5,38,5479,0,No,,,Normal
4612-SSVHJ,Female,74,Yes,No,No,Yermo,California,20,13-24,One Year,Fiber Optic,Bank Withdrawal,81.45,1671.6,2135.2,5,27,2416,0,No,,,Normal
5756-OZRIO,Male,73,Yes,Yes,No,Riverside,California,61,49-72,One Year,DSL,Bank Withdrawal,64.05,3902.6,5991.24,4,29,4001,0,No,,,Normal
4513-CXYIX,Female,73,Yes,Yes,No,Lake Elsinore,California,71,49-72,Two Year,Fiber Optic,Credit Card,80.7,5676.0,8799.29,3,54,4583,0,No,,,Normal
4332-MUOEZ,Male,78,Yes,Yes,No,Moreno Valley,California,20,13-24,One Year,Fiber Optic,Credit Card,94.3,1818.3,2469.1,3,32,2574,0,No,,,Normal
6705-LXORM,Female,79,Yes,Yes,No,Perris,California,5,0-12,One Year,Fiber Optic,Bank Withdrawal,70.05,302.6,329.70000000000005,4,24,2064,0,No,,,Normal
4109-CYRBD,Male,77,Yes,Yes,No,Menifee,California,29,25-48,One Year,DSL,Bank Withdrawal,51.6,1442.0,2533.85,5,39,5495,0,No,,,Normal
8606-CIQUL,Male,77,Yes,Yes,Yes,Temecula,California,72,49-72,Two Year,Fiber Optic,Credit Card,115.75,8399.15,10725.31,4,60,5168,0,No,,,Normal
0356-OBMAC,Female,80,Yes,No,No,Winchester,California,56,49-72,Two Year,Fiber Optic,Bank Withdrawal,99.9,5706.3,6676.78,3,45,5840,0,No,,,Normal
1297-VQDRP,Male,80,Yes,Yes,Yes,Foothill Ranch,California,68,49-72,One Year,Fiber Optic,Credit Card,107.15,7379.8,9613.28,5,66,4324,0,No,,,Normal
4676-MQUEA,Male,80,Yes,Yes,No,Laguna Beach,California,50,49-72,One Year,Fiber Optic,Bank Withdrawal,101.9,5265.5,5990.0,3,25,4184,0,No,,,Normal
7025-WCBNE,Male,74,Yes,No,No,Santa Ana,California,47,25-48,Two Year,DSL,Bank Withdrawal,59.6,2754.0,3448.66,3,33,3155,0,No,,,Normal
6030-REHUX,Female,76,Yes,Yes,No,Fountain Valley,California,28,25-48,One Year,Fiber Optic,Bank Withdrawal,110.85,3204.4,4483.16,4,58,3906,0,No,,,Normal
6522-YRBXD,Male,68,Yes,Yes,No,Anaheim,California,35,25-48,One Year,Fiber Optic,Bank Withdrawal,94.55,3365.4,4080.8,3,69,2631,0,No,,,Normal
6689-VRRTK,Female,71,Yes,No,No,Camarillo,California,44,25-48,One Year,Fiber Optic,Credit Card,109.8,4860.35,7049.35,3,35,5720,0,No,,,Normal
7134-MJPDY,Female,69,Yes,No,No,Moorpark,California,66,49-72,One Year,Fiber Optic,Credit Card,102.85,6976.75,7804.33,3,40,5569,0,No,,,Normal
4881-JVQOD,Male,73,Yes,Yes,Yes,Oxnard,California,10,0-12,One Year,Cable,Bank Withdrawal,34.55,362.6,362.6,4,55,5248,0,No,,,Normal
6797-UCJHZ,Female,74,Yes,Yes,No,Simi Valley,California,66,49-72,One Year,Fiber Optic,Credit Card,104.6,6819.45,8503.11,3,27,5722,0,No,,,Normal
2469-DTSGX,Female,72,Yes,No,No,Somis,California,72,49-72,Two Year,Fiber Optic,Bank Withdrawal,111.65,7943.45,11169.77,5,75,5388,0,No,,,High Risk
4908-XAXAY,Female,70,Yes,No,No,Buttonwillow,California,49,49-72,One Year,Fiber Optic,Bank Withdrawal,89.85,4287.2,6625.48,4,30,5982,0,No,,,Normal
3509-GWQGF,Male,74,Yes,No,No,Ducor,California,24,13-24,One Year,Fiber Optic,Credit Card,70.0,1732.6,2634.12,3,77,5242,0,No,,,High Risk
3729-OWRVL,Male,80,Yes,No,No,Pixley,California,65,49-72,Two Year,Fiber Optic,Bank Withdrawal,110.35,7246.15,10121.1,3,79,4295,0,No,,,Normal
7251-LJBQN,Female,74,Yes,No,No,Strathmore,California,40,25-48,One Year,Fiber Optic,Credit Card,103.75,4188.4,5330.0,3,20,3568,0,No,,,Normal
2682-KEVRP,Female,65,Yes,No,No,Woodlake,California,22,13-24,One Year,,Credit Card,20.05,417.0,1173.58,3,21,4327,0,No,,,Normal
9978-HYCIN,Male,72,Yes,Yes,Yes,Bakersfield,California,47,25-48,One Year,Fiber Optic,Bank Withdrawal,84.95,4018.05,6085.68,3,68,3384,0,No,,,Normal
8329-UTMVM,Male,76,Yes,No,No,Bakersfield,California,27,25-48,One Year,Fiber Optic,Bank Withdrawal,104.65,2964.0,3892.53,4,31,3104,0,No,,,Normal
6952-OMNWB,Male,75,Yes,Yes,No,Creston,California,68,49-72,One Year,Fiber Optic,Credit Card,80.35,5589.3,7922.38,4,28,5581,0,No,,,Normal
6549-YMFAW,Male,70,Yes,Yes,No,Los Olivos,California,9,0-12,One Year,,Credit Card,21.25,204.55,219.49,4,69,2302,0,No,,,Normal
1307-TVUFB,Male,66,Yes,No,No,Santa Ynez,California,42,25-48,One Year,Fiber Optic,Bank Withdrawal,79.35,3344.1,3911.52,4,79,2399,0,No,,,Normal
7503-MIOGA,Female,68,Yes,Yes,No,Shandon,California,72,49-72,Two Year,Cable,Bank Withdrawal,89.85,6697.35,10190.07,3,56,5881,0,No,,,Normal
2499-AJYUA,Female,69,Yes,Yes,No,Benton,California,72,49-72,Two Year,Fiber Optic,Credit Card,110.8,7882.25,9023.45,5,80,5933,0,No,,,High Risk
6919-ELBGL,Male,75,Yes,Yes,No,Big Pine,California,72,49-72,Two Year,Fiber Optic,Bank Withdrawal,114.95,8196.4,9735.76,3,61,6268,0,No,,,Normal
5671-RQRLP,Female,72,Yes,Yes,No,Fowler,California,70,49-72,Two Year,Fiber Optic,Credit Card,75.65,5411.4,6566.629999999999,4,30,4181,0,No,,,Normal
4785-NKHCX,Male,65,Yes,No,No,O Neals,California,5,0-12,One Year,,Bank Withdrawal,20.05,94.15,244.85,5,31,2154,0,No,,,Normal
4250-WAROZ,Male,70,Yes,Yes,Yes,Fresno,California,60,49-72,One Year,Fiber Optic,Bank Withdrawal,93.25,5774.55,6955.35,3,70,4353,0,No,,,Normal
3523-BRGUW,Male,65,Yes,No,No,Los Altos,California,26,25-48,One Year,,Credit Card,19.3,504.2,1271.59,5,64,2269,0,No,,,Normal
2123-AGEEN,Female,66,Yes,No,No,Millbrae,California,7,0-12,One Year,Fiber Optic,Bank Withdrawal,84.35,609.65,774.51,3,38,2107,0,No,,,Normal
1258-YMZNM,Female,70,Yes,No,No,Montara,California,27,25-48,One Year,Fiber Optic,Bank Withdrawal,110.5,2857.6,3823.12,3,56,4997,0,No,,,Normal
6259-WJQLC,Male,77,Yes,No,No,Pacifica,California,32,25-48,One Year,Fiber Optic,Credit Card,81.1,2619.25,2635.84,4,50,2143,0,No,,,Normal
7508-SMHXL,Female,72,Yes,No,No,San Francisco,California,15,13-24,One Year,Fiber Optic,Credit Card,89.0,1288.3,1267.66,4,77,4452,0,No,,,Normal
3956-CJUST,Female,67,Yes,No,No,San Francisco,California,23,13-24,One Year,Fiber Optic,Bank Withdrawal,75.4,1643.55,2128.81,4,49,2491,0,No,,,Normal
4824-GUCBY,Female,77,Yes,No,No,San Francisco,California,22,13-24,One Year,Fiber Optic,Bank Withdrawal,81.7,1820.9,2306.48,4,34,5602,0,No,,,Normal
6630-UJZMY,Female,73,Yes,Yes,No,Palo Alto,California,4,0-12,One Year,Fiber Optic,Bank Withdrawal,83.25,308.05,325.48,3,37,5251,0,No,,,Normal
9904-EHEVJ,Female,66,Yes,Yes,Yes,Bethel Island,California,32,25-48,One Year,Fiber Optic,Credit Card,91.35,2896.55,3052.9300000000003,5,35,2965,0,No,,,Normal
2826-DXLQO,Male,80,Yes,Yes,No,El Cerrito,California,7,0-12,One Year,DSL,Bank Withdrawal,29.8,220.45,208.62,3,69,2587,0,No,,,Normal
9489-UTFKA,Male,76,Yes,Yes,No,Travis Afb,California,8,0-12,One Year,DSL,Bank Withdrawal,60.9,551.95,714.5699999999999,3,27,2136,0,No,,,Normal
4849-PYRLQ,Female,80,Yes,No,No,Fremont,California,56,49-72,Two Year,DSL,Bank Withdrawal,73.25,4054.2,6125.84,3,26,4011,0,No,,,Normal
2858-EIMXH,Female,69,Yes,Yes,No,Vallejo,California,53,49-72,One Year,Fiber Optic,Credit Card,95.85,5016.25,6592.17,3,65,5325,0,No,,,Normal
6419-ZTTLE,Male,69,Yes,Yes,No,Yountville,California,23,13-24,One Year,,Bank Withdrawal,20.75,485.2,1501.65,5,45,3418,0,No,,,Normal
8242-SOQUO,Female,73,Yes,No,No,Oakland,California,5,0-12,One Year,Fiber Optic,Bank Withdrawal,84.7,392.5,422.4,4,54,2660,0,No,,,Normal
7460-ITWWP,Female,67,Yes,Yes,No,Oakland,California,45,25-48,One Year,Fiber Optic,Bank Withdrawal,86.1,3861.45,5687.51,4,41,2701,0,No,,,Normal
7868-TMWMZ,Female,69,Yes,Yes,No,Berkeley,California,60,49-72,Two Year,Fiber Optic,Bank Withdrawal,110.0,6668.35,8145.55,5,59,4953,0,No,,,Normal
4829-ZLJTK,Female,80,Yes,Yes,No,Penngrove,California,72,49-72,Two Year,Fiber Optic,Bank Withdrawal,112.4,8046.85,9143.41,3,37,6144,0,No,,,Normal
8883-GRDWQ,Male,68,Yes,No,No,Stinson Beach,California,20,13-24,One Year,DSL,Credit Card,54.0,1055.9,1502.1,4,20,5090,0,No,,,Normal
9845-PEEKO,Female,71,Yes,No,No,Brookdale,California,59,49-72,Two Year,Fiber Optic,Credit Card,79.2,4590.35,4952.02,5,25,5400,0,No,,,Normal
1751-NCDLI,Male,74,Yes,Yes,No,Castroville,California,46,25-48,One Year,Fiber Optic,Bank Withdrawal,98.85,4564.9,4758.099999999999,5,41,2641,0,No,,,Normal
2176-LVPNX,Female,69,Yes,No,No,San Jose,California,71,49-72,Two Year,DSL,Credit Card,89.85,6293.45,9088.14,3,33,4994,0,No,,,Normal
3452-ABWRL,Male,70,Yes,No,No,San Jose,California,47,25-48,One Year,Fiber Optic,Credit Card,86.05,3865.6,5937.36,3,69,5527,0,No,,,Normal
1779-PWPMG,Female,73,Yes,Yes,No,San Jose,California,72,49-72,Two Year,Fiber Optic,Bank Withdrawal,114.65,8333.95,8664.43,3,29,5408,0,No,,,Normal
3082-WQRVY,Male,73,Yes,Yes,No,Stockton,California,14,13-24,One Year,,Credit Card,19.65,228.65,869.29,5,66,2962,0,No,,,Normal
2460-NGXBJ,Male,65,Yes,Yes,Yes,Stockton,California,11,0-12,One Year,Fiber Optic,Credit Card,75.2,775.3,1090.34,5,28,5193,0,No,,,Normal
5268-DSMNQ,Female,65,Yes,Yes,No,Farmington,California,62,49-72,One Year,Fiber Optic,Credit Card,97.95,5936.55,6643.97,5,50,5428,0,No,,,Normal
6242-MBHPK,Female,67,Yes,Yes,No,Hathaway Pines,California,23,13-24,One Year,Fiber Optic,Bank Withdrawal,95.1,2326.05,3289.29,3,66,4025,0,No,,,Normal
4782-OSFXZ,Female,72,Yes,Yes,No,Lodi,California,71,49-72,Two Year,DSL,Bank Withdrawal,82.7,5831.2,8495.83,3,20,5089,0,No,,,Normal
1282-IHQAC,Male,68,Yes,No,No,Sheep Ranch,California,70,49-72,One Year,Cable,Credit Card,44.05,3011.65,3011.65,3,68,4022,0,No,,,Normal
1641-RQDAY,Female,77,Yes,Yes,Yes,Wallace,California,32,25-48,One Year,Fiber Optic,Bank Withdrawal,100.4,3217.65,4792.37,3,59,4848,0,No,,,Normal
5461-QKNTN,Male,71,Yes,Yes,No,Catheys Valley,California,43,25-48,One Year,Fiber Optic,Bank Withdrawal,94.3,3953.15,4150.52,3,63,2040,0,No,,,Normal
8089-UZWLX,Female,75,Yes,No,No,El Nido,California,71,49-72,Two Year,Fiber Optic,Bank Withdrawal,104.05,7413.55,10811.61,5,70,4113,0,No,,,Normal
4468-KAZHE,Female,70,Yes,Yes,No,Hughson,California,20,13-24,One Year,DSL,Bank Withdrawal,60.0,1259.35,1438.9499999999998,5,37,2399,0,No,,,Normal
1543-LLLFT,Male,77,Yes,Yes,No,Waterford,California,61,49-72,One Year,Fiber Optic,Credit Card,98.3,6066.55,6200.14,3,74,5413,0,No,,,High Risk
6507-ZJSUR,Male,76,Yes,Yes,No,Albion,California,23,13-24,One Year,Fiber Optic,Bank Withdrawal,90.45,2117.25,3224.11,4,24,5272,0,No,,,Normal
9220-ZNKJI,Female,67,Yes,Yes,No,Cobb,California,55,49-72,Two Year,Fiber Optic,Credit Card,88.8,4805.3,6631.85,3,73,4291,0,No,,,Normal
0723-VSOBE,Female,67,Yes,No,No,Dos Rios,California,45,25-48,One Year,Cable,Bank Withdrawal,34.2,1596.6,1596.6,3,38,5715,0,No,,,Normal
1004-NOZNR,Male,71,Yes,No,Yes,Glen Ellen,California,56,49-72,One Year,Fiber Optic,Credit Card,94.8,5264.3,5856.22,4,59,5693,0,No,,,Normal
1251-STYSZ,Female,66,Yes,No,No,Glenhaven,California,4,0-12,One Year,Fiber Optic,Bank Withdrawal,80.25,303.7,368.7,4,20,3828,0,No,,,Normal
9681-KYGYB,Male,75,Yes,Yes,No,Kelseyville,California,49,49-72,One Year,Fiber Optic,Bank Withdrawal,88.2,4159.45,5433.45,4,24,5987,0,No,,,Normal
7005-CYUIL,Female,78,Yes,Yes,No,Laytonville,California,71,49-72,Two Year,Fiber Optic,Bank Withdrawal,99.4,7168.25,8038.71,3,29,4964,0,No,,,Normal
2388-LAESQ,Female,74,Yes,Yes,No,Manchester,California,72,49-72,Two Year,Fiber Optic,Bank Withdrawal,114.85,8317.95,10385.79,3,26,4796,0,No,,,Normal
3108-PCCGG,Male,75,Yes,Yes,No,Redwood Valley,California,72,49-72,Two Year,Cable,Credit Card,84.45,5899.85,7103.6900000000005,3,25,5856,0,No,,,Normal
6729-GDNGC,Female,71,Yes,No,No,Westport,California,20,13-24,One Year,Fiber Optic,Bank Withdrawal,80.7,1614.2,2044.0,5,73,3111,0,No,,,Normal
4238-HFHSN,Male,66,Yes,Yes,No,Elverta,California,61,49-72,One Year,Fiber Optic,Bank Withdrawal,82.15,4904.85,6524.400000000001,3,33,4250,0,No,,,Normal
2692-BUCFV,Male,79,Yes,No,No,Shingle Springs,California,29,25-48,One Year,Fiber Optic,Bank Withdrawal,101.45,2948.6,3199.71,4,76,5285,0,No,,,High Risk
5651-WYIPH,Female,69,Yes,No,No,Vacaville,California,18,13-24,One Year,Cable,Credit Card,49.85,865.75,1606.09,3,71,3283,0,No,,,Normal
8752-GHJFU,Male,70,Yes,Yes,No,Applegate,California,71,49-72,One Year,Fiber Optic,Bank Withdrawal,92.0,6585.2,9183.8,3,66,4322,0,No,,,Normal
6896-SRVYQ,Male,69,Yes,No,No,Camino,California,44,25-48,One Year,Fiber Optic,Bank Withdrawal,73.85,3122.4,5293.040000000001,5,48,4374,0,No,,,Normal
9052-VKDUW,Female,68,Yes,Yes,No,Pollock Pines,California,65,49-72,One Year,Fiber Optic,Credit Card,109.4,7227.45,8221.95,3,39,4452,0,No,,,Normal
2480-EJWYP,Female,66,Yes,Yes,No,Roseville,California,58,49-72,One Year,Fiber Optic,Bank Withdrawal,97.8,5458.8,8090.26,3,23,6019,0,No,,,Normal
6806-YDEUL,Female,67,Yes,No,No,Sacramento,California,6,0-12,Two Year,,Bank Withdrawal,19.5,106.8,118.98,3,77,3288,0,No,,,Normal
0222-CNVPT,Male,69,Yes,No,No,Sacramento,California,52,49-72,Two Year,DSL,Credit Card,48.8,2555.05,2555.05,3,67,4865,0,No,,,Normal
6048-UWKAL,Female,73,Yes,Yes,No,Beale Afb,California,69,49-72,Two Year,Fiber Optic,Credit Card,105.4,6998.95,8336.86,4,45,5467,0,No,,,Normal
9290-SHCMB,Female,74,Yes,No,No,Brownsville,California,13,13-24,Two Year,Fiber Optic,Bank Withdrawal,96.85,1235.55,1582.39,4,28,3098,0,No,,,Normal
2277-BKJKN,Female,70,Yes,Yes,No,Camptonville,California,71,49-72,Two Year,Fiber Optic,Bank Withdrawal,99.2,7213.75,8775.75,4,23,4951,0,No,,,Normal
8016-ZMGMO,Female,73,Yes,Yes,No,Colusa,California,66,49-72,One Year,Cable,Bank Withdrawal,70.85,4738.85,7643.51,5,37,5572,0,No,,,Normal
1728-CXQBE,Male,79,Yes,Yes,No,Glenn,California,64,49-72,Two Year,Fiber Optic,Bank Withdrawal,94.25,6081.4,7574.519999999999,3,63,6020,0,No,,,Normal
0481-SUMCB,Female,74,Yes,No,No,Greenville,California,45,25-48,One Year,Fiber Optic,Bank Withdrawal,102.15,4735.35,6270.75,4,69,5391,0,No,,,Normal
2811-POVEX,Female,74,Yes,Yes,Yes,Live Oak,California,23,13-24,Two Year,Fiber Optic,Bank Withdrawal,88.45,2130.55,2177.24,5,70,3937,0,No,,,Normal
7905-NJMXS,Male,68,Yes,Yes,No,Williams,California,7,0-12,Two Year,Cable,Bank Withdrawal,64.2,475.0,497.33,4,74,5116,0,No,,,High Risk
9957-YODKZ,Male,75,Yes,Yes,No,Canby,California,6,0-12,Two Year,Fiber Optic,Bank Withdrawal,80.8,457.1,588.32,5,68,5611,0,No,,,Normal
3223-DWFIO,Male,77,Yes,No,No,Forks Of Salmon,California,4,0-12,Two Year,Fiber Optic,Bank Withdrawal,69.35,261.65,382.09,3,26,4140,0,No,,,Normal
3292-PBZEJ,Male,75,Yes,No,No,Greenview,California,11,0-12,Two Year,Fiber Optic,Bank Withdrawal,111.4,1183.05,1251.98,3,28,3175,0,No,,,Normal
0993-OSGPT,Female,78,Yes,Yes,No,Junction City,California,68,49-72,One Year,DSL,Bank Withdrawal,60.65,3975.9,6733.299999999999,5,24,6418,0,No,,,Normal
7108-DGVUU,Female,73,Yes,Yes,No,Lookout,California,21,13-24,One Year,DSL,Bank Withdrawal,71.7,1497.05,2233.35,5,38,2784,0,No,,,Normal
9906-NHHVC,Female,75,Yes,No,No,Macdoel,California,65,49-72,Two Year,Cable,Bank Withdrawal,53.5,3517.9,3517.9,3,76,5693,0,No,,,High Risk
8152-UOBNY,Female,66,Yes,No,No,Mineral,California,50,49-72,One Year,Fiber Optic,Bank Withdrawal,106.8,5347.95,5877.95,3,59,5746,0,No,,,Normal
7351-KYHQH,Female,67,Yes,No,No,Fallbrook,California,7,0-12,Two Year,Cable,Bank Withdrawal,64.95,493.65,548.39,4,37,4615,0,No,,,Normal
6374-NTQLP,Male,67,Yes,Yes,Yes,Trinity Center,California,72,49-72,Two Year,Fiber Optic,Credit Card,104.1,7447.7,8698.74,3,54,5092,0,No,,,Normal
6267-DCFFZ,Female,68,Yes,Yes,No,Madeline,California,30,25-48,Two Year,Fiber Optic,Bank Withdrawal,90.05,2627.2,4059.7,5,39,3792,0,No,,,Normal
2439-LYPMQ,Male,79,Yes,Yes,No,Milford,California,38,25-48,Two Year,Fiber Optic,Bank Withdrawal,102.6,4009.2,4143.889999999999,4,40,5469,0,No,,,Normal
7426-WEIJX,Male,71,Yes,Yes,Yes,Olympic Valley,California,60,49-72,Two Year,Fiber Optic,Bank Withdrawal,80.95,4859.1,5903.370000000001,4,71,6214,0,No,,,High Risk
3761-FLYZI,Female,69,Yes,Yes,No,Los Angeles,California,65,49-72,Two Year,Fiber Optic,Bank Withdrawal,108.8,7082.45,10215.38,5,64,5225,0,No,,,Normal
1060-ENTOF,Female,70,Yes,Yes,No,Los Angeles,California,67,49-72,One Year,Fiber Optic,Credit Card,105.4,7035.6,7214.490000000001,4,64,5703,0,No,,,Normal
0999-QXNSA,Male,72,Yes,No,Yes,Los Angeles,California,7,0-12,Two Year,DSL,Credit Card,45.75,344.2,603.1800000000001,4,57,3779,0,No,,,Normal
9365-SRSZE,Male,71,Yes,Yes,No,Los Angeles,California,27,25-48,Two Year,Fiber Optic,Bank Withdrawal,70.55,1943.9,2737.14,3,65,2534,0,No,,,Normal
4918-FYJNT,Female,68,Yes,Yes,No,Los Angeles,California,55,49-72,Two Year,Fiber Optic,Bank Withdrawal,90.45,5044.8,6283.02,4,42,5140,0,No,,,Normal
3280-MRDOF,Male,69,Yes,No,No,Los Angeles,California,30,25-48,Two Year,DSL,Credit Card,69.1,2093.9,2670.42,3,75,3415,0,No,,,Normal
5935-FCCNB,Female,79,Yes,No,No,Downey,California,17,13-24,Two Year,Fiber Optic,Bank Withdrawal,94.2,1608.15,2118.98,4,54,4425,0,No,,,Normal
9705-IOVQQ,Male,80,Yes,Yes,Yes,Huntington Park,California,61,49-72,One Year,Fiber Optic,Bank Withdrawal,99.0,5969.3,6223.24,5,20,5177,0,No,,,Normal
1320-REHCS,Male,75,Yes,No,No,Inglewood,California,52,49-72,Two Year,Fiber Optic,Bank Withdrawal,110.75,5832.0,7023.82,5,46,4993,0,No,,,Normal
2057-BOYKM,Female,70,Yes,Yes,No,Inglewood,California,72,49-72,Two Year,Fiber Optic,Bank Withdrawal,96.6,6827.5,8849.98,4,78,5153,0,No,,,High Risk
0134-XWXCE,Female,76,Yes,No,No,Santa Monica,California,44,25-48,One Year,DSL,Bank Withdrawal,74.85,3268.05,3589.82,5,71,3253,0,No,,,Normal
2307-FYNNL,Male,67,Yes,No,No,La Mirada,California,65,49-72,Two Year,Fiber Optic,Bank Withdrawal,109.05,7108.2,7359.53,3,29,5692,0,No,,,Normal
5605-XNWEN,Male,77,Yes,Yes,No,Montebello,California,72,49-72,Two Year,,Bank Withdrawal,25.0,1802.55,3860.9,5,69,4055,0,No,,,Normal
2519-LBNQL,Male,80,Yes,Yes,No,Artesia,California,60,49-72,One Year,Fiber Optic,Bank Withdrawal,104.35,6339.45,7675.22,4,73,4040,0,No,,,Normal
8623-ULFNQ,Female,79,Yes,No,No,Cerritos,California,26,25-48,Two Year,DSL,Bank Withdrawal,66.05,1652.4,1919.01,5,43,3225,0,No,,,Normal
7789-HKSBS,Female,79,Yes,Yes,No,Lakewood,California,42,25-48,One Year,Fiber Optic,Bank Withdrawal,105.2,4599.15,6044.65,3,36,5573,0,No,,,Normal
2070-XYMFH,Female,66,Yes,No,No,Long Beach,California,23,13-24,Two Year,Fiber Optic,Credit Card,79.35,1835.3,2020.45,5,50,3558,0,No,,,Normal
5663-QBGIS,Male,65,Yes,Yes,No,La Canada Flintridge,California,72,49-72,Two Year,Fiber Optic,Bank Withdrawal,98.35,6929.4,10141.32,3,73,6120,0,No,,,High Risk
3402-XRIUO,Female,73,Yes,Yes,No,Glendale,California,22,13-24,Two Year,DSL,Credit Card,63.55,1381.8,1760.64,3,36,2136,0,No,,,Normal
8058-DMYRU,Male,69,Yes,No,No,Glendale,California,54,49-72,Two Year,Fiber Optic,Bank Withdrawal,90.05,4931.8,5935.12,5,23,5232,0,No,,,Normal
3537-RYBHH,Female,78,Yes,Yes,No,Northridge,California,47,25-48,Two Year,DSL,Credit Card,67.45,3252.0,5450.1900000000005,3,67,4074,0,No,,,Normal
0523-VNGTF,Female,78,Yes,No,No,Sun Valley,California,52,49-72,Two Year,DSL,Bank Withdrawal,50.5,2566.3,2566.3,3,70,5185,0,No,,,Normal
7105-MXJLL,Female,76,Yes,Yes,No,Valencia,California,26,25-48,One Year,Cable,Credit Card,60.7,1597.4,2042.52,5,68,2502,0,No,,,Normal
7064-FRRSW,Male,71,Yes,No,No,Tarzana,California,48,25-48,One Year,Fiber Optic,Bank Withdrawal,99.0,4744.35,5026.110000000001,4,78,3061,0,No,,,Normal
1636-NTNCO,Male,72,Yes,No,No,Valley Village,California,4,0-12,Two Year,DSL,Credit Card,50.95,207.35,207.35,3,33,2104,0,No,,,Normal
3219-JQRSL,Female,70,Yes,Yes,No,Monterey Park,California,72,49-72,Two Year,DSL,Credit Card,89.1,6352.4,8112.08,3,39,4627,0,No,,,Normal
1845-CSBRZ,Female,71,Yes,Yes,Yes,Pomona,California,22,13-24,Two Year,Fiber Optic,Bank Withdrawal,85.35,1961.6,2845.78,5,49,2656,0,No,,,Normal
3723-BFBGR,Male,74,Yes,No,No,Borrego Springs,California,24,13-24,Two Year,Cable,Credit Card,54.8,1291.3,1609.14,5,25,4330,0,No,,,Normal
5692-ICXLW,Male,75,Yes,No,No,Escondido,California,31,25-48,Two Year,Fiber Optic,Bank Withdrawal,90.7,2845.15,4393.16,5,60,3493,0,No,,,Normal
7020-OZKXZ,Female,65,Yes,No,No,Vista,California,9,0-12,Two Year,Fiber Optic,Credit Card,75.5,637.4,862.04,3,30,3021,0,No,,,Normal
0308-GIQJT,Male,80,Yes,No,No,San Diego,California,71,49-72,One Year,Fiber Optic,Bank Withdrawal,105.75,7382.85,7815.950000000001,4,54,4921,0,No,,,Normal
7361-YPXFS,Female,67,Yes,No,No,Brawley,California,28,25-48,Two Year,Cable,Bank Withdrawal,64.45,1867.6,2223.76,4,37,3820,0,No,,,Normal
6557-BZXLQ,Male,66,Yes,No,No,Cabazon,California,16,13-24,Two Year,Fiber Optic,Bank Withdrawal,69.65,1043.3,1409.6999999999998,3,63,5610,0,No,,,Normal
4832-VRBMR,Male,65,Yes,Yes,No,Parker Dam,California,65,49-72,One Year,Fiber Optic,Bank Withdrawal,103.15,6792.45,7874.7,3,51,6441,0,No,,,Normal
7901-TBKJX,Male,76,Yes,No,No,Twentynine Palms,California,56,49-72,Two Year,Fiber Optic,Bank Withdrawal,101.05,5594.0,5894.64,3,65,5514,0,No,,,Normal
9919-FZDED,Male,79,Yes,Yes,No,Yucca Valley,California,72,49-72,Two Year,DSL,Credit Card,84.1,5981.65,7227.25,3,63,4671,0,No,,,Normal
7206-PQBBZ,Male,76,Yes,Yes,No,Fontana,California,11,0-12,Two Year,Fiber Optic,Bank Withdrawal,70.2,834.7,1103.3200000000002,3,29,2848,0,No,,,Normal
4079-VTGLK,Male,77,Yes,Yes,No,Riverside,California,30,25-48,Two Year,DSL,Bank Withdrawal,74.85,2181.75,3396.75,5,27,5610,0,No,,,Normal
2931-VUVJN,Female,71,Yes,Yes,No,Murrieta,California,59,49-72,One Year,Fiber Optic,Bank Withdrawal,94.05,5483.9,6643.16,3,30,5061,0,No,,,Normal
2878-RMWXY,Male,75,Yes,Yes,No,Temecula,California,72,49-72,Two Year,Fiber Optic,Credit Card,102.65,7550.3,9602.3,3,66,4680,0,No,,,Normal
7375-WMVMT,Male,75,Yes,Yes,No,Wildomar,California,71,49-72,Two Year,Fiber Optic,Credit Card,95.5,6707.15,6794.48,4,80,6412,0,No,,,High Risk
7622-FWGEW,Male,71,Yes,Yes,No,Costa Mesa,California,56,49-72,Two Year,DSL,Bank Withdrawal,85.65,4824.45,6598.53,3,70,6500,0,No,,,Normal
0380-NEAVX,Male,72,Yes,No,No,Newport Beach,California,34,25-48,One Year,Fiber Optic,Bank Withdrawal,99.85,3343.15,4533.15,5,71,5626,0,No,,,High Risk
8495-LJDFO,Female,76,Yes,No,No,Rancho Santa Margarita,California,64,49-72,Two Year,Fiber Optic,Bank Withdrawal,108.95,7111.3,8574.34,4,26,5780,0,No,,,Normal
1302-UHBDD,Male,70,Yes,No,No,Ladera Ranch,California,20,13-24,Two Year,Fiber Optic,Bank Withdrawal,89.95,1648.45,2617.65,4,33,4812,0,No,,,Normal
3597-YASZG,Female,73,Yes,Yes,No,Tustin,California,70,49-72,Two Year,Fiber Optic,Bank Withdrawal,104.45,7349.35,10103.15,4,27,5004,0,No,,,Normal
3420-ZDBMA,Male,78,Yes,No,No,Brea,California,5,0-12,Two Year,Fiber Optic,Credit Card,71.45,371.6,457.25,4,36,5171,0,No,,,Normal
3398-GCPMU,Female,74,Yes,Yes,No,Fullerton,California,72,49-72,Two Year,DSL,Credit Card,89.55,6448.85,6864.29,3,25,4993,0,No,,,Normal
1013-QCWAM,Female,73,Yes,Yes,No,Garden Grove,California,66,49-72,Two Year,Fiber Optic,Bank Withdrawal,100.8,6690.75,8542.71,4,32,5469,0,No,,,Normal
0336-PIKEI,Male,69,Yes,Yes,No,Orange,California,72,49-72,Two Year,DSL,Bank Withdrawal,74.4,5360.75,5880.19,4,58,5590,0,No,,,Normal
7322-OCWHC,Male,73,Yes,Yes,No,Placentia,California,72,49-72,Two Year,Fiber Optic,Bank Withdrawal,93.05,6735.05,6831.53,3,39,4988,0,No,,,Normal
5732-IKGQH,Male,79,Yes,Yes,No,Camarillo,California,52,49-72,One Year,Fiber Optic,Bank Withdrawal,104.45,5481.25,7509.25,3,78,5490,0,No,,,High Risk
0093-EXYQL,Female,72,Yes,No,No,Ojai,California,40,25-48,Two Year,Fiber Optic,Bank Withdrawal,91.55,3673.6,5439.2,3,59,5742,0,No,,,Normal
9168-INPSZ,Female,75,Yes,Yes,No,Port Hueneme,California,44,25-48,Two Year,Fiber Optic,Bank Withdrawal,104.15,4495.65,5412.17,4,32,2944,0,No,,,Normal
0015-UOCOJ,Female,68,Yes,No,No,Simi Valley,California,7,0-12,Two Year,DSL,Bank Withdrawal,48.2,340.35,414.06,3,34,5525,0,No,,,Normal
5334-AFQJB,Male,66,Yes,No,No,Simi Valley,California,72,49-72,Two Year,,Credit Card,25.1,1789.9,1960.54,5,74,5751,0,No,,,High Risk
2754-SDJRD,Female,74,Yes,No,No,Somis,California,8,0-12,Two Year,Fiber Optic,Credit Card,100.15,908.55,1227.4299999999998,4,42,5157,0,No,,,Normal
1465-LNTLJ,Male,78,Yes,Yes,No,Santa Barbara,California,8,0-12,Two Year,Cable,Credit Card,64.4,581.7,786.26,5,78,4537,0,No,,,Normal
8552-OBVRU,Female,79,Yes,Yes,Yes,Ivanhoe,California,48,25-48,Two Year,Fiber Optic,Bank Withdrawal,104.5,5068.05,5711.25,3,71,3847,0,No,,,Normal
9776-OJUZI,Female,69,Yes,No,No,Lost Hills,California,65,49-72,Two Year,Fiber Optic,Bank Withdrawal,95.45,6223.3,8329.95,4,62,4168,0,No,,,Normal
0869-PAPRP,Female,68,Yes,Yes,No,Pixley,California,26,25-48,Two Year,Fiber Optic,Credit Card,85.7,2067.0,3269.24,3,23,3935,0,No,,,Normal
4238-JSSWH,Female,70,Yes,Yes,No,Porterville,California,35,25-48,Two Year,Fiber Optic,Bank Withdrawal,102.05,3452.55,5032.1,5,35,3199,0,No,,,Normal
9121-PHQSR,Male,69,Yes,Yes,No,Stratford,California,16,13-24,Two Year,Fiber Optic,Credit Card,85.05,1391.15,2165.71,4,80,3739,0,No,,,Normal
9796-MVYXX,Female,75,Yes,No,No,Weldon,California,14,13-24,Two Year,DSL,Credit Card,39.7,692.35,692.35,4,47,3162,0,No,,,Normal
7268-IGMFD,Male,75,Yes,No,No,Avila Beach,California,18,13-24,Two Year,Fiber Optic,Bank Withdrawal,93.9,1743.9,1778.46,4,47,3728,0,No,,,Normal
0013-SMEOE,Female,67,Yes,Yes,No,Lompoc,California,71,49-72,Two Year,Fiber Optic,Bank Withdrawal,109.7,7904.25,8611.41,3,26,5011,0,No,,,Normal
2573-GYRUU,Male,65,Yes,Yes,No,San Miguel,California,48,25-48,Two Year,Fiber Optic,Credit Card,91.05,4370.75,5579.87,4,60,3594,0,No,,,Normal
6486-LHTMA,Female,67,Yes,Yes,No,California City,California,31,25-48,One Year,Fiber Optic,Bank Withdrawal,90.7,2835.5,4207.56,3,34,2364,0,No,,,Normal
4083-BFNYK,Female,74,Yes,Yes,No,Acton,California,38,25-48,One Year,Fiber Optic,Credit Card,95.0,3591.25,5554.41,4,71,5148,0,No,,,High Risk
1089-HDMKP,Male,72,Yes,No,Yes,Bridgeport,California,11,0-12,Two Year,Cable,Bank Withdrawal,54.55,601.25,731.71,4,40,4143,0,No,,,Normal
0141-YEAYS,Female,77,Yes,No,No,Fallbrook,California,27,25-48,Two Year,Fiber Optic,Bank Withdrawal,86.45,2401.05,2481.24,4,77,5990,0,No,,,High Risk
8406-LNMHF,Male,75,Yes,Yes,No,Temecula,California,59,49-72,One Year,Fiber Optic,Credit Card,82.95,4903.15,5151.54,4,61,5295,0,No,,,Normal
0023-UYUPN,Female,79,Yes,Yes,No,Ahwahnee,California,50,49-72,One Year,,Bank Withdrawal,25.2,1306.3,2877.8,3,61,4015,0,No,,,Normal
6360-SVNWV,Female,72,Yes,No,No,Big Creek,California,31,25-48,Two Year,Fiber Optic,Credit Card,73.55,2094.65,3566.53,3,39,2057,0,No,,,Normal
1197-BVMVG,Female,65,Yes,No,No,Friant,California,4,0-12,Two Year,Fiber Optic,Bank Withdrawal,74.45,294.45,311.61,3,50,4093,0,No,,,Normal
5198-EFNBM,Male,66,Yes,Yes,No,Kingsburg,California,57,49-72,One Year,Fiber Optic,Bank Withdrawal,90.65,5199.8,7857.139999999999,4,23,5636,0,No,,,Normal
7516-GMHUV,Male,77,Yes,Yes,No,Lakeshore,California,50,49-72,Two Year,Fiber Optic,Credit Card,105.05,5163.3,7208.3,4,40,5324,0,No,,,Normal
6614-YWYSC,Male,68,Yes,Yes,No,Sultana,California,61,49-72,Two Year,,Bank Withdrawal,25.0,1501.75,2669.29,3,78,6421,0,No,,,High Risk
8735-SDUFN,Female,65,Yes,Yes,No,Salinas,California,72,49-72,Two Year,,Bank Withdrawal,24.3,1778.7,2403.66,5,55,4397,0,No,,,Normal
7016-NVRIC,Male,73,Yes,Yes,No,Chualar,California,29,25-48,One Year,Fiber Optic,Bank Withdrawal,90.1,2656.7,3585.57,3,55,3553,0,No,,,Normal
9825-YCXWZ,Female,69,Yes,No,No,Loma Mar,California,41,25-48,One Year,Fiber Optic,Bank Withdrawal,101.1,4016.2,4615.21,5,38,2227,0,No,,,Normal
2000-DHJUY,Female,67,Yes,Yes,No,Menlo Park,California,70,49-72,Two Year,DSL,Bank Withdrawal,92.2,6474.45,7781.35,4,44,5264,0,No,,,Normal
9796-BPKIW,Male,67,Yes,No,No,Redwood City,California,8,0-12,Two Year,Fiber Optic,Credit Card,69.95,562.7,902.94,3,47,2939,0,No,,,Normal
7748-UMTRK,Female,80,Yes,No,Yes,San Francisco,California,30,25-48,Two Year,Fiber Optic,Bank Withdrawal,101.3,2974.5,4097.1,4,34,2440,0,No,,,Normal
6463-MVYRY,Female,67,Yes,No,No,Palo Alto,California,57,49-72,Two Year,DSL,Bank Withdrawal,69.85,4003.0,4643.11,4,72,4759,0,No,,,Normal
4526-ZJJTM,Female,72,Yes,Yes,No,San Mateo,California,25,25-48,Two Year,Fiber Optic,Bank Withdrawal,88.4,2191.15,2677.15,3,51,4849,0,No,,,Normal
5315-CKEQK,Male,73,Yes,Yes,Yes,Castro Valley,California,28,25-48,One Year,DSL,Bank Withdrawal,51.0,1381.8,1593.6799999999998,3,44,5195,0,No,,,Normal
0907-HQNTS,Female,74,Yes,Yes,No,Pittsburg,California,70,49-72,Two Year,Fiber Optic,Credit Card,113.0,7987.6,11221.6,3,47,4588,0,No,,,Normal
8250-ZNGGW,Female,79,Yes,No,No,Rio Vista,California,5,0-12,Two Year,DSL,Credit Card,59.9,287.85,527.8000000000001,4,35,3662,0,No,,,Normal
8166-ORCHU,Male,73,Yes,Yes,No,Oakland,California,33,25-48,One Year,Fiber Optic,Bank Withdrawal,93.55,3055.5,4525.32,4,21,4414,0,No,,,Normal
1855-CFULU,Female,65,Yes,No,No,Oakland,California,4,0-12,Two Year,,Credit Card,20.05,91.45,259.37,5,20,3460,0,No,,,Normal
8628-MFKAX,Female,79,Yes,Yes,No,San Pablo,California,72,49-72,Two Year,Fiber Optic,Credit Card,116.75,8277.05,9339.05,3,68,5098,0,No,,,Normal
9508-ILZDG,Female,79,Yes,No,No,Dillon Beach,California,34,25-48,Two Year,Fiber Optic,Bank Withdrawal,96.35,3190.25,3674.07,4,32,5425,0,No,,,Normal
6128-AQBMT,Male,65,Yes,Yes,No,Nicasio,California,41,25-48,Two Year,Cable,Bank Withdrawal,53.95,2215.4,2215.4,3,46,3920,0,No,,,Normal
4295-YURET,Female,78,Yes,Yes,Yes,San Quentin,California,56,49-72,Two Year,DSL,Credit Card,72.6,4084.35,4556.43,4,79,6357,0,No,,,High Risk
7693-QPEFS,Male,75,Yes,No,No,Davenport,California,52,49-72,Two Year,Fiber Optic,Bank Withdrawal,72.95,3829.75,6023.63,3,72,4368,0,No,,,Normal
0924-BJCRC,Female,70,Yes,Yes,No,Felton,California,60,49-72,Two Year,Fiber Optic,Bank Withdrawal,89.45,5294.6,6785.400000000001,3,44,4340,0,No,,,Normal
5533-NHFRF,Male,75,Yes,No,No,San Jose,California,7,0-12,Two Year,DSL,Bank Withdrawal,44.4,265.8,265.8,4,77,3410,0,No,,,Normal
4360-QRAVE,Male,75,Yes,No,No,Farmington,California,37,25-48,Two Year,DSL,Bank Withdrawal,36.65,1315.0,1315.0,5,72,2494,0,No,,,Normal
8433-WPJTV,Female,76,Yes,Yes,Yes,French Camp,California,65,49-72,One Year,Fiber Optic,Bank Withdrawal,103.9,6767.1,6869.8,3,75,5669,0,No,,,High Risk
5387-ASZNZ,Female,72,Yes,No,No,Cressey,California,66,49-72,One Year,DSL,Credit Card,63.85,4174.35,6582.030000000001,3,80,4657,0,No,,,Normal
2277-DJJDL,Male,69,Yes,Yes,No,La Grange,California,60,49-72,Two Year,Fiber Optic,Bank Withdrawal,99.0,6017.9,6791.9,3,40,4763,0,No,,,Normal
6963-EZQEE,Male,69,Yes,Yes,No,Midpines,California,70,49-72,Two Year,DSL,Credit Card,88.55,6306.5,9172.3,3,37,4097,0,No,,,Normal
2452-KDRRH,Male,76,Yes,No,No,Mi Wuk Village,California,67,49-72,Two Year,Fiber Optic,Credit Card,101.4,6841.05,9444.0,4,28,5269,0,No,,,Normal
5248-RPYWW,Female,78,Yes,Yes,Yes,Turlock,California,72,49-72,Two Year,Cable,Bank Withdrawal,90.15,6716.45,7427.809999999999,3,49,4606,0,No,,,Normal
7923-IYJWY,Male,68,Yes,No,No,Twain Harte,California,67,49-72,Two Year,Fiber Optic,Credit Card,116.1,7839.85,10865.37,3,60,5896,0,No,,,Normal
1658-TJVOA,Female,65,Yes,No,No,Cazadero,California,6,0-12,Two Year,Fiber Optic,Bank Withdrawal,74.1,450.9,526.92,3,79,4716,0,No,,,Normal
0674-DGMAQ,Male,78,Yes,Yes,No,Elk,California,32,25-48,Two Year,Fiber Optic,Bank Withdrawal,93.5,2970.8,4364.08,5,77,5804,0,No,,,High Risk
2761-XECQW,Male,67,Yes,Yes,No,Glenhaven,California,8,0-12,Two Year,Cable,Credit Card,43.35,371.4,371.4,3,68,2560,0,No,,,Normal
8059-UDZFY,Female,73,Yes,No,Yes,Lucerne,California,33,25-48,Two Year,Fiber Optic,Bank Withdrawal,105.35,3465.05,3885.8,5,58,4738,0,No,,,Normal
7740-BTPUX,Male,72,Yes,Yes,No,Manchester,California,55,49-72,Two Year,Fiber Optic,Bank Withdrawal,113.6,6292.7,7002.75,5,56,5754,0,No,,,Normal
8648-PFRMP,Female,71,Yes,No,No,Ferndale,California,14,13-24,Two Year,Cable,Bank Withdrawal,46.35,672.7,672.7,4,44,2056,0,No,,,Normal
8996-ZROXE,Male,78,Yes,No,No,Miranda,California,57,49-72,One Year,DSL,Bank Withdrawal,53.5,3035.8,4656.88,4,58,5521,0,No,,,Normal
2207-QPJED,Female,66,Yes,Yes,No,Somes Bar,California,37,25-48,Two Year,Fiber Optic,Bank Withdrawal,90.0,3371.75,3948.95,4,62,4048,0,No,,,Normal
0516-QREYC,Female,78,Yes,No,No,Capay,California,24,13-24,Two Year,,Credit Card,20.3,459.95,901.31,5,71,3740,0,No,,,Normal
3865-QBWSJ,Male,76,Yes,No,Yes,Courtland,California,38,25-48,Two Year,Fiber Optic,Credit Card,80.45,3162.65,4877.59,3,41,2926,0,No,,,Normal
5857-TYBCJ,Male,72,Yes,Yes,No,Dixon,California,44,25-48,Two Year,Fiber Optic,Bank Withdrawal,89.2,4040.2,4684.8,4,36,2925,0,No,,,Normal
4176-RELJR,Male,73,Yes,No,No,Elmira,California,67,49-72,Two Year,,Credit Card,25.1,1672.15,2656.38,3,26,6388,0,No,,,Normal
7924-GJZFI,Female,75,Yes,Yes,No,Jackson,California,25,25-48,Two Year,Fiber Optic,Bank Withdrawal,69.3,1813.1,2777.85,4,50,4442,0,No,,,Normal
5897-ZYEKH,Female,74,Yes,Yes,No,Lincoln,California,67,49-72,One Year,Fiber Optic,Bank Withdrawal,105.6,7112.15,7910.12,3,45,5768,0,No,,,Normal
5456-ITGIC,Male,76,Yes,Yes,No,Loomis,California,72,49-72,Two Year,DSL,Credit Card,64.45,4641.1,4641.1,5,68,5295,0,No,,,Normal
8070-AAWZP,Male,68,Yes,Yes,No,Sheridan,California,24,13-24,Two Year,Cable,Credit Card,34.25,828.2,828.2,4,63,2525,0,No,,,Normal
6860-YRJZP,Male,66,Yes,No,No,Sacramento,California,9,0-12,Two Year,Fiber Optic,Bank Withdrawal,74.05,678.45,1036.38,5,51,2003,0,No,,,Normal
9391-DXGGG,Female,70,Yes,No,No,Sacramento,California,44,25-48,One Year,Fiber Optic,Credit Card,89.15,3990.75,5547.91,4,27,4368,0,No,,,Normal
9844-FELAJ,Female,65,Yes,Yes,Yes,Sacramento,California,70,49-72,One Year,Fiber Optic,Bank Withdrawal,107.9,7475.85,8153.85,3,53,5899,0,No,,,Normal
8395-ETZKQ,Male,73,Yes,Yes,Yes,Sacramento,California,68,49-72,One Year,,Bank Withdrawal,19.5,1193.55,3583.07,3,51,5443,0,No,,,Normal
8336-TAVKX,Female,68,Yes,Yes,No,Berry Creek,California,72,49-72,Two Year,DSL,Bank Withdrawal,78.45,5682.25,6821.29,3,71,4032,0,No,,,Normal
0581-BXBUB,Female,76,Yes,No,No,Penn Valley,California,4,0-12,Two Year,Fiber Optic,Bank Withdrawal,72.75,317.75,460.43,4,50,4503,0,No,,,Normal
9281-OFDMF,Male,76,Yes,No,No,Meadow Valley,California,39,25-48,Two Year,Fiber Optic,Bank Withdrawal,90.7,3413.25,4195.59,4,39,5028,0,No,,,Normal
7636-OWBPG,Male,79,Yes,No,No,Redding,California,12,0-12,Two Year,DSL,Credit Card,29.35,381.2,342.22,3,27,3606,0,No,,,Normal
0549-CYCQN,Male,69,Yes,No,No,Flournoy,California,51,49-72,One Year,Fiber Optic,Bank Withdrawal,79.6,3974.7,5228.889999999999,5,59,4673,0,No,,,Normal
0928-JMXNP,Male,78,Yes,Yes,No,Los Molinos,California,4,0-12,Two Year,DSL,Bank Withdrawal,29.9,118.25,118.25,4,46,2914,0,No,,,Normal
3629-ZNKXA,Male,77,Yes,No,No,Seiad Valley,California,17,13-24,Two Year,Fiber Optic,Bank Withdrawal,101.8,1752.45,2108.72,4,53,3296,0,No,,,Normal
4827-LTQRJ,Female,70,Yes,Yes,Yes,Shasta,California,66,49-72,One Year,Fiber Optic,Credit Card,110.6,7210.85,10139.93,4,67,5418,0,No,,,Normal
0136-IFMYD,Male,71,Yes,Yes,No,Los Angeles,California,69,49-72,Two Year,Fiber Optic,Bank Withdrawal,109.95,7634.25,8904.54,5,63,4297,0,No,,,Normal
5144-TVGLP,Male,68,Yes,No,No,Los Angeles,California,38,25-48,Two Year,Fiber Optic,Bank Withdrawal,94.75,3653.0,5391.66,3,71,3654,0,No,,,Normal
9659-ZTWSM,Male,71,Yes,Yes,No,Los Angeles,California,66,49-72,One Year,Fiber Optic,Bank Withdrawal,107.35,7051.95,7531.53,4,53,4138,0,No,,,Normal
2195-VVRJF,Male,74,Yes,Yes,No,Los Angeles,California,18,13-24,Two Year,DSL,Credit Card,59.1,1011.05,1083.14,3,30,2422,0,No,,,Normal
1125-SNVCK,Female,78,Yes,No,No,Los Angeles,California,49,49-72,Two Year,DSL,Credit Card,43.8,2106.05,3832.45,5,68,5651,0,No,,,Normal
2172-EJXVF,Female,65,Yes,No,No,Los Angeles,California,71,49-72,One Year,Fiber Optic,Bank Withdrawal,105.9,7521.95,9433.61,3,60,5479,0,No,,,Normal
8659-HDIYE,Female,68,Yes,No,No,Los Angeles,California,64,49-72,Two Year,DSL,Credit Card,74.65,4869.35,6595.110000000001,4,58,5113,0,No,,,Normal
4680-KUTAJ,Female,73,Yes,No,No,Beverly Hills,California,11,0-12,Two Year,DSL,Bank Withdrawal,55.6,580.8,596.5099999999999,4,80,5014,0,No,,,High Risk
2883-ILGWO,Male,68,Yes,No,No,Compton,California,57,49-72,Two Year,Fiber Optic,Bank Withdrawal,104.9,5913.95,7833.1,5,75,5838,0,No,,,High Risk
1167-OYZJF,Female,65,Yes,Yes,No,Santa Monica,California,67,49-72,Two Year,,Bank Withdrawal,20.05,1263.05,4565.37,5,76,4934,0,No,,,Normal
4806-DXQCE,Female,77,Yes,Yes,No,Santa Monica,California,70,49-72,Two Year,Fiber Optic,Bank Withdrawal,113.65,7714.65,10167.59,4,46,6146,0,No,,,Normal
5996-NRVXR,Male,68,Yes,Yes,No,Los Alamitos,California,40,25-48,One Year,Fiber Optic,Credit Card,98.15,4116.8,4694.91,3,53,4332,0,No,,,Normal
0100-DUVFC,Male,66,Yes,Yes,No,Wilmington,California,70,49-72,One Year,Fiber Optic,Bank Withdrawal,104.8,7308.95,10067.14,5,57,5291,0,No,,,Normal
5397-TUPSH,Male,76,Yes,Yes,No,Carson,California,65,49-72,One Year,Fiber Optic,Bank Withdrawal,70.95,4555.2,6411.969999999999,3,30,4871,0,No,,,Normal
6773-LQTVT,Female,67,Yes,Yes,Yes,Long Beach,California,29,25-48,Two Year,DSL,Credit Card,35.65,1025.15,1000.08,5,46,4107,0,No,,,Normal
9402-ORRAH,Female,80,Yes,No,No,La Canada Flintridge,California,15,13-24,Two Year,Fiber Optic,Bank Withdrawal,91.5,1400.3,1945.19,3,41,4173,0,No,,,Normal
4840-ORQXB,Female,67,Yes,No,No,Sierra Madre,California,56,49-72,Two Year,Fiber Optic,Bank Withdrawal,104.75,5841.35,7352.67,3,35,5128,0,No,,,Normal
3982-DQLUS,Male,78,Yes,Yes,Yes,Sunland,California,65,49-72,Two Year,Fiber Optic,Bank Withdrawal,85.75,5688.45,6279.56,3,21,4978,0,No,,,Normal
3756-VNWDH,Male,66,Yes,Yes,No,Pasadena,California,65,49-72,One Year,Fiber Optic,Bank Withdrawal,100.75,6674.65,8759.849999999999,3,66,4368,0,No,,,Normal
2921-XWDJH,Female,76,Yes,Yes,No,Glendale,California,38,25-48,Two Year,Fiber Optic,Bank Withdrawal,83.45,3147.15,3252.13,3,49,2768,0,No,,,Normal
6814-ZPWFQ,Male,67,Yes,No,No,Santa Clarita,California,51,49-72,One Year,,Bank Withdrawal,25.0,1260.7,1419.31,4,49,5896,0,No,,,Normal
5019-GQVCR,Male,74,Yes,No,No,Westlake Village,California,43,25-48,Two Year,Fiber Optic,Bank Withdrawal,84.85,3645.6,4024.43,4,56,4556,0,No,,,Normal
1568-BEKZM,Male,65,Yes,Yes,No,Baldwin Park,California,70,49-72,Two Year,DSL,Credit Card,90.05,6333.4,7178.299999999999,3,47,4666,0,No,,,Normal
2045-BMBTJ,Female,80,Yes,No,No,South El Monte,California,33,25-48,Two Year,DSL,Bank Withdrawal,59.45,1884.65,1884.65,4,30,3116,0,No,,,Normal
6741-EGCBI,Male,69,Yes,No,No,Hacienda Heights,California,30,25-48,Two Year,Fiber Optic,Credit Card,90.5,2595.85,2717.05,3,53,5983,0,No,,,Normal
1730-ZMAME,Female,74,Yes,No,No,Ontario,California,32,25-48,Two Year,Fiber Optic,Bank Withdrawal,79.5,2665.0,4220.84,4,24,3041,0,No,,,Normal
5913-INRQV,Male,71,Yes,Yes,No,Upland,California,34,25-48,One Year,Fiber Optic,Credit Card,90.15,3128.8,4029.46,3,38,3202,0,No,,,Normal
1925-LFCZZ,Male,71,Yes,No,No,Potrero,California,55,49-72,One Year,DSL,Bank Withdrawal,50.05,2743.45,2743.45,4,70,4932,0,No,,,Normal
8707-RMEZH,Female,67,Yes,Yes,No,Tecate,California,69,49-72,One Year,Fiber Optic,Credit Card,87.3,6055.55,8439.5,3,69,4148,0,No,,,Normal
9373-WSLOY,Male,80,Yes,Yes,No,Carlsbad,California,33,25-48,Two Year,DSL,Bank Withdrawal,50.0,1750.85,1750.85,3,65,5600,0,No,,,Normal
9819-FBNSV,Male,75,Yes,Yes,No,El Cajon,California,37,25-48,Two Year,Fiber Optic,Bank Withdrawal,72.25,2575.45,3446.43,3,20,4121,0,No,,,Normal
9544-PYPSJ,Female,67,Yes,Yes,Yes,El Cajon,California,62,49-72,Two Year,Fiber Optic,Credit Card,96.1,6019.35,9006.470000000001,4,37,5868,0,No,,,Normal
3258-SYSWS,Male,75,Yes,No,No,Lakeside,California,72,49-72,Two Year,Fiber Optic,Bank Withdrawal,113.8,7845.8,9622.04,3,56,4598,0,No,,,Normal
0512-FLFDW,Female,74,Yes,Yes,No,Palomar Mountain,California,60,49-72,One Year,Fiber Optic,Credit Card,100.5,6029.0,7689.8,5,34,6442,0,No,,,Normal
2107-FBPTK,Female,80,Yes,No,No,Ramona,California,30,25-48,Two Year,Fiber Optic,Bank Withdrawal,104.1,3121.1,4379.0,4,59,5655,0,No,,,Normal
1016-DJTSV,Male,66,Yes,No,No,Santee,California,8,0-12,Two Year,Fiber Optic,Bank Withdrawal,69.7,572.85,907.65,4,20,5242,0,No,,,Normal
5699-BNCAS,Male,79,Yes,No,No,Valley Center,California,71,49-72,Two Year,,Credit Card,24.65,1766.75,2104.0,3,73,4788,0,No,,,Normal
2900-PHPLN,Female,73,Yes,Yes,No,Vista,California,70,49-72,Two Year,,Credit Card,19.55,1462.05,2575.05,3,22,5209,0,No,,,Normal
4039-PIMHX,Male,74,Yes,Yes,No,San Diego,California,49,49-72,Two Year,DSL,Credit Card,49.8,2398.4,2480.23,3,37,4306,0,No,,,Normal
7826-VVKWT,Female,69,Yes,Yes,Yes,San Diego,California,24,13-24,Two Year,Fiber Optic,Bank Withdrawal,96.55,2263.45,2762.17,5,73,4309,0,No,,,Normal
5288-AHOUP,Male,71,Yes,No,No,Palm Desert,California,11,0-12,Two Year,Fiber Optic,Bank Withdrawal,78.5,874.2,1331.58,3,51,4333,0,No,,,Normal
7134-HBPBS,Female,65,Yes,No,No,Adelanto,California,72,49-72,Two Year,Fiber Optic,Bank Withdrawal,108.1,7774.05,9708.69,5,71,4474,0,No,,,Normal
4415-WNGVR,Female,73,Yes,Yes,No,Daggett,California,12,0-12,One Year,DSL,Bank Withdrawal,79.2,943.85,1409.65,4,42,3355,0,No,,,Normal
1309-XGFSN,Male,72,Yes,Yes,Yes,Pinon Hills,California,52,49-72,One Year,DSL,Bank Withdrawal,80.85,4079.55,4445.63,3,76,6090,0,No,,,High Risk
0650-BWOZN,Female,71,Yes,No,No,Aguanga,California,18,13-24,Two Year,Fiber Optic,Bank Withdrawal,73.55,1359.45,1494.63,3,66,5313,0,No,,,Normal
4304-XUMGI,Male,74,Yes,Yes,Yes,Moreno Valley,California,50,49-72,Two Year,DSL,Bank Withdrawal,75.15,3822.45,5467.45,4,34,6084,0,No,,,Normal
9481-IEBZY,Male,69,Yes,Yes,No,Nuevo,California,72,49-72,Two Year,Fiber Optic,Credit Card,112.9,8061.5,10263.1,3,29,5569,0,No,,,Normal
1080-BWSYE,Male,76,Yes,Yes,No,Irvine,California,64,49-72,Two Year,,Credit Card,25.65,1740.8,3624.32,5,36,6469,0,No,,,Normal
3786-WOVKF,Female,69,Yes,Yes,No,Anaheim,California,72,49-72,One Year,Fiber Optic,Bank Withdrawal,106.85,7677.4,8342.6,4,58,4768,0,No,,,Normal
5816-SCGFC,Female,73,Yes,No,No,Fullerton,California,7,0-12,Two Year,Cable,Credit Card,51.3,419.35,496.42,4,46,3660,0,No,,,Normal
9278-VZKCD,Female,67,Yes,Yes,No,Norco,California,52,49-72,Two Year,Fiber Optic,Bank Withdrawal,109.1,5647.95,5861.67,5,49,4428,0,No,,,Normal
8261-GWDBQ,Female,70,Yes,Yes,No,Corona,California,60,49-72,Two Year,Fiber Optic,Bank Withdrawal,116.05,6925.9,7169.5,3,77,4734,0,No,,,Normal
6173-GOLSU,Male,79,Yes,Yes,No,Oak View,California,67,49-72,Two Year,Fiber Optic,Credit Card,94.65,6079.0,6561.4,4,47,4228,0,No,,,Normal
7225-CBZPL,Male,79,Yes,Yes,No,Earlimart,California,17,13-24,Two Year,Fiber Optic,Bank Withdrawal,94.8,1563.9,2353.38,3,49,4831,0,No,,,Normal
3692-JHONH,Female,70,Yes,Yes,No,Kettleman City,California,52,49-72,One Year,Fiber Optic,Bank Withdrawal,106.5,5621.85,7154.33,5,57,4499,0,No,,,Normal
1200-TUZHR,Female,70,Yes,No,No,Posey,California,8,0-12,Two Year,Fiber Optic,Bank Withdrawal,85.2,695.75,1052.79,4,53,2565,0,No,,,Normal
7130-CTCUS,Male,79,Yes,Yes,No,Springville,California,16,13-24,Two Year,DSL,Bank Withdrawal,54.55,825.1,1393.58,3,34,3324,0,No,,,Normal
0420-HLGXF,Female,72,Yes,No,No,Visalia,California,39,25-48,Two Year,Fiber Optic,Bank Withdrawal,99.75,4036.0,4427.17,3,58,3860,0,No,,,Normal
3657-COGMW,Female,76,Yes,No,No,San Luis Obispo,California,52,49-72,Two Year,Fiber Optic,Credit Card,108.1,5839.3,6411.82,4,69,4251,0,No,,,Normal
4334-HOWRP,Male,70,Yes,Yes,No,Cambria,California,72,49-72,Two Year,DSL,Credit Card,64.95,4546.0,4576.0,3,78,4049,0,No,,,Normal
4098-NAUKP,Male,70,Yes,Yes,Yes,Oceano,California,68,49-72,Two Year,Fiber Optic,Bank Withdrawal,84.65,5683.6,7064.68,3,72,6404,0,No,,,High Risk
3308-JSGML,Male,77,Yes,Yes,No,Shandon,California,59,49-72,Two Year,Cable,Credit Card,64.05,3886.85,3886.85,3,49,6306,0,No,,,Normal
6199-IWKGC,Female,71,Yes,Yes,No,Benton,California,46,25-48,One Year,Fiber Optic,Bank Withdrawal,100.25,4753.85,5741.01,5,59,5453,0,No,,,Normal
2675-DHUTR,Male,80,Yes,Yes,No,Big Pine,California,58,49-72,Two Year,Fiber Optic,Bank Withdrawal,98.9,5780.7,7585.08,3,21,4993,0,No,,,Normal
7446-YPODE,Male,75,Yes,No,No,Bridgeport,California,11,0-12,Two Year,DSL,Bank Withdrawal,60.25,662.95,1314.58,3,23,5296,0,No,,,Normal
9522-BNTHX,Female,72,Yes,No,No,Caliente,California,34,25-48,Two Year,DSL,Bank Withdrawal,56.25,1765.95,1765.95,3,32,5597,0,No,,,Normal
0531-ZZJWQ,Male,68,Yes,Yes,No,Fallbrook,California,55,49-72,Two Year,Fiber Optic,Bank Withdrawal,74.0,4052.4,6411.9,5,54,4958,0,No,,,Normal
2688-BHGOG,Male,73,Yes,No,No,Olancha,California,9,0-12,Two Year,Fiber Optic,Bank Withdrawal,79.55,718.55,952.2,5,76,5811,0,No,,,High Risk
0916-QOFDP,Female,79,Yes,Yes,Yes,Randsburg,California,14,13-24,Two Year,Fiber Optic,Bank Withdrawal,95.8,1346.3,1547.76,3,29,3471,0,No,,,Normal
8910-LEDAG,Male,72,Yes,Yes,No,Prather,California,34,25-48,Two Year,Fiber Optic,Credit Card,71.55,2427.35,2868.67,3,72,3583,0,No,,,Normal
3452-GWUIN,Female,78,Yes,Yes,No,Raisin City,California,19,13-24,Two Year,Fiber Optic,Bank Withdrawal,94.95,1760.25,2132.08,5,40,5316,0,No,,,Normal
7278-CKDNC,Male,76,Yes,No,No,Fresno,California,24,13-24,Two Year,Fiber Optic,Bank Withdrawal,80.5,2088.45,3195.57,4,40,4422,0,No,,,Normal
8450-UYIBU,Female,77,Yes,No,No,Fresno,California,35,25-48,Two Year,Cable,Bank Withdrawal,39.85,1434.6,1434.6,4,60,2030,0,No,,,Normal
3836-FZSDJ,Male,69,Yes,Yes,No,Fresno,California,71,49-72,Two Year,,Bank Withdrawal,24.85,1901.0,3476.49,5,53,4367,0,No,,,Normal
0187-QSXOE,Male,71,Yes,Yes,No,Fresno,California,7,0-12,Two Year,Fiber Optic,Bank Withdrawal,89.0,605.45,899.24,4,36,5711,0,No,,,Normal
7733-UDMTP,Female,65,Yes,No,No,Fresno,California,57,49-72,Two Year,DSL,Bank Withdrawal,55.0,3094.05,3094.05,4,76,4622,0,No,,,Normal
6904-JLBGY,Female,78,Yes,No,No,Salinas,California,72,49-72,Two Year,Fiber Optic,Credit Card,117.35,8436.25,9511.93,4,71,4008,0,No,,,Normal
6917-YACBP,Female,80,Yes,No,No,Escondido,California,59,49-72,Two Year,Fiber Optic,Bank Withdrawal,89.75,5496.9,7005.53,3,70,5170,0,No,,,Normal
5917-RYRMG,Male,79,Yes,No,No,Jolon,California,32,25-48,One Year,,Credit Card,19.8,587.7,1416.18,4,78,3836,0,No,,,Normal
8224-DWCKX,Male,78,Yes,No,No,Burlingame,California,12,0-12,Two Year,Fiber Optic,Credit Card,73.3,828.05,1348.85,4,38,5159,0,No,,,Normal
1768-HNVGJ,Female,80,Yes,No,No,Mountain View,California,45,25-48,Two Year,Cable,Bank Withdrawal,70.05,3062.45,3893.15,3,43,4223,0,No,,,Normal
4395-PZMSN,Male,67,Yes,No,No,San Gregorio,California,5,0-12,Two Year,Fiber Optic,Bank Withdrawal,85.55,408.5,500.4,4,48,2850,0,No,,,Normal
5446-DKWYW,Female,74,Yes,Yes,Yes,San Francisco,California,61,49-72,One Year,DSL,Bank Withdrawal,65.2,3965.05,6362.960000000001,4,30,6238,0,No,,,Normal
8107-KNCIM,Male,73,Yes,Yes,No,San Francisco,California,14,13-24,Two Year,Fiber Optic,Bank Withdrawal,75.1,1013.35,1649.79,4,66,3771,0,No,,,Normal
5451-YHYPW,Female,75,Yes,Yes,No,San Francisco,California,72,49-72,Two Year,Fiber Optic,Credit Card,115.75,8443.7,11795.78,3,50,6205,0,No,,,Normal
7629-WFGLW,Female,80,Yes,Yes,No,Palo Alto,California,56,49-72,One Year,Fiber Optic,Bank Withdrawal,95.65,5471.75,6096.84,3,20,6335,0,No,,,Normal
8818-DOPVL,Female,65,Yes,No,No,El Cerrito,California,46,25-48,Two Year,Fiber Optic,Bank Withdrawal,104.45,4863.85,6720.890000000001,3,76,4103,0,No,,,Normal
7044-YAACC,Male,70,Yes,Yes,No,Napa,California,4,0-12,Two Year,Fiber Optic,Bank Withdrawal,70.2,280.35,273.72,5,53,4444,0,No,,,Normal
8189-XRIKE,Female,80,Yes,No,No,Newark,California,32,25-48,Two Year,Fiber Optic,Bank Withdrawal,90.95,2897.95,3882.64,4,52,5936,0,No,,,Normal
3740-RLMVT,Male,79,Yes,Yes,No,Saint Helena,California,67,49-72,One Year,Cable,Bank Withdrawal,60.95,4119.4,6920.9,3,41,5792,0,No,,,Normal
2186-QZEYA,Female,68,Yes,No,No,San Leandro,California,29,25-48,Two Year,DSL,Bank Withdrawal,58.55,1718.95,1943.37,3,30,2044,0,No,,,Normal
5599-HVLTW,Female,73,Yes,No,No,Oakland,California,14,13-24,Two Year,Fiber Optic,Bank Withdrawal,80.35,1058.1,1128.15,4,39,3276,0,No,,,Normal
9208-OLGAQ,Female,70,Yes,No,No,Berkeley,California,18,13-24,Two Year,Fiber Optic,Bank Withdrawal,84.95,1443.65,1971.49,4,74,3878,0,No,,,Normal
3244-CQPHU,Female,77,Yes,No,No,Berkeley,California,72,49-72,Two Year,Fiber Optic,Bank Withdrawal,110.1,7746.7,8718.529999999999,4,57,5232,0,No,,,Normal
2674-MLXMN,Female,73,Yes,No,No,Richmond,California,71,49-72,Two Year,Fiber Optic,Credit Card,99.65,6951.15,9387.38,4,77,4241,0,No,,,Normal
9708-HPXWZ,Male,74,Yes,No,No,El Sobrante,California,5,0-12,Two Year,DSL,Credit Card,45.4,214.75,214.75,5,68,2599,0,No,,,Normal
5792-JALQC,Female,78,Yes,No,No,San Rafael,California,52,49-72,Two Year,DSL,Bank Withdrawal,59.85,3103.25,4852.09,3,71,5085,0,No,,,High Risk
2675-OTVVJ,Male,76,Yes,Yes,No,Novato,California,31,25-48,Two Year,Fiber Optic,Bank Withdrawal,89.45,2807.65,4203.93,4,68,5597,0,No,,,Normal
0537-QYZZN,Male,66,Yes,Yes,Yes,Petaluma,California,24,13-24,Two Year,Fiber Optic,Bank Withdrawal,79.85,1857.75,1955.19,3,36,3412,0,No,,,Normal
3340-QBBFM,Male,65,Yes,Yes,No,Petaluma,California,36,25-48,One Year,DSL,Credit Card,54.1,1992.85,3689.52,3,48,4017,0,No,,,Normal
2277-VWCNI,Female,65,Yes,No,No,Brookdale,California,4,0-12,Two Year,DSL,Mailed Check,48.75,179.85,304.37,3,25,3048,0,No,,,Normal
7576-JMYWV,Female,76,Yes,Yes,Yes,San Martin,California,46,25-48,Two Year,Fiber Optic,Bank Withdrawal,110.2,4972.1,5911.42,3,55,4162,0,No,,,Normal
5227-JSCFE,Male,74,Yes,Yes,No,Scotts Valley,California,71,49-72,Two Year,DSL,Credit Card,46.35,3353.4,3334.76,4,28,5421,0,No,,,Normal
1608-GMEWB,Male,76,Yes,No,No,Stockton,California,45,25-48,Two Year,Fiber Optic,Bank Withdrawal,93.9,4200.25,4904.5,4,58,3960,0,No,,,Normal
2665-NPTGL,Female,79,Yes,Yes,No,Sheep Ranch,California,26,25-48,Two Year,Fiber Optic,Bank Withdrawal,98.1,2510.7,2951.69,4,38,3114,0,No,,,Normal
0442-ZXKVS,Female,79,Yes,Yes,No,Denair,California,54,49-72,One Year,Fiber Optic,Bank Withdrawal,115.6,6431.05,8791.39,3,45,4337,0,No,,,Normal
0575-CUQOV,Male,76,Yes,Yes,No,Hilmar,California,60,49-72,One Year,Fiber Optic,Bank Withdrawal,97.95,5867.0,6890.0,4,29,6150,0,No,,,Normal
5329-KRDTM,Male,73,Yes,Yes,No,Long Barn,California,72,49-72,Two Year,DSL,Credit Card,77.35,5396.25,7821.21,4,29,6202,0,No,,,Normal
0707-HOVVN,Female,79,Yes,No,No,Mi Wuk Village,California,70,49-72,Two Year,Cable,Bank Withdrawal,75.5,5212.65,8521.55,4,62,6024,0,No,,,Normal
9518-XXBXE,Male,80,Yes,Yes,No,Patterson,California,10,0-12,Two Year,Fiber Optic,Bank Withdrawal,75.3,720.45,971.75,4,41,4254,0,No,,,Normal
0423-UDIJQ,Male,74,Yes,No,No,Snelling,California,9,0-12,Two Year,DSL,Mailed Check,49.2,447.9,511.89,4,22,2145,0,No,,,Normal
9029-FEGVJ,Female,68,Yes,Yes,No,Escondido,California,32,25-48,Two Year,Fiber Optic,Mailed Check,79.3,2570.0,2639.44,3,27,5242,0,No,,,Normal
8999-XXGNS,Female,70,Yes,Yes,No,Healdsburg,California,72,49-72,One Year,Fiber Optic,Credit Card,105.75,7629.85,9016.65,5,53,5832,0,No,,,Normal
0471-ARVMX,Female,70,Yes,Yes,No,Kelseyville,California,62,49-72,One Year,Fiber Optic,Bank Withdrawal,104.85,6312.9,7722.78,3,68,5061,0,No,,,Normal
7524-VRLPL,Male,71,Yes,No,No,Manchester,California,69,49-72,Two Year,Cable,Credit Card,74.1,5031.0,5952.84,3,34,4204,0,No,,,Normal
4884-TVUQF,Female,80,Yes,No,No,Occidental,California,57,49-72,Two Year,Fiber Optic,Credit Card,101.3,5779.6,7882.33,4,48,4421,0,No,,,Normal
8065-BVEPF,Male,80,Yes,No,No,Yorkville,California,65,49-72,Two Year,Fiber Optic,Bank Withdrawal,99.1,6496.15,7681.099999999999,4,52,4574,0,No,,,Normal
6350-XFYGW,Male,80,Yes,No,No,Ferndale,California,4,0-12,Two Year,Fiber Optic,Bank Withdrawal,94.75,422.4,498.4,4,44,2757,0,No,,,Normal
8755-IWJHN,Male,73,Yes,Yes,No,Honeydew,California,69,49-72,Two Year,Fiber Optic,Bank Withdrawal,95.35,6382.0,9825.79,3,21,6132,0,No,,,Normal
4480-QQRHC,Female,72,Yes,No,No,Hydesville,California,8,0-12,Two Year,Fiber Optic,Bank Withdrawal,74.05,600.15,617.59,3,79,4899,0,No,,,Normal
0929-PECLO,Female,74,Yes,No,No,Klamath,California,63,49-72,Two Year,Fiber Optic,Bank Withdrawal,89.6,5538.8,8172.2,4,38,4438,0,No,,,Normal
9470-YFUYI,Male,69,Yes,Yes,No,Redway,California,71,49-72,One Year,DSL,Bank Withdrawal,71.0,5012.1,5817.950000000001,3,55,5247,0,No,,,Normal
7402-EYFXX,Male,65,Yes,No,No,Salyer,California,26,25-48,Two Year,Fiber Optic,Bank Withdrawal,93.6,2404.1,3055.14,5,54,4030,0,No,,,Normal
1986-PHGZF,Male,73,Yes,No,No,Greenwood,California,18,13-24,Two Year,DSL,Credit Card,58.4,964.9,1817.02,4,54,2812,0,No,,,Normal
8024-XNAFQ,Female,66,Yes,No,No,Isleton,California,72,49-72,Two Year,Fiber Optic,Bank Withdrawal,107.4,7748.75,10003.07,4,56,5294,0,No,,,Normal
2988-GBIVW,Female,68,Yes,Yes,No,Knights Landing,California,70,49-72,Two Year,Fiber Optic,Bank Withdrawal,90.85,6470.1,9165.1,4,64,5129,0,No,,,Normal
5956-YHHRX,Male,75,Yes,No,No,Pilot Hill,California,21,13-24,Two Year,Fiber Optic,Bank Withdrawal,104.35,2271.85,2924.96,5,22,4934,0,No,,,Normal
6008-NAIXK,Male,72,Yes,No,No,Pine Grove,California,54,49-72,One Year,DSL,Bank Withdrawal,55.45,2966.95,2966.95,3,58,4521,0,No,,,Normal
4007-NHVHI,Female,69,Yes,No,No,Rio Linda,California,56,49-72,Two Year,Fiber Optic,Bank Withdrawal,96.85,5219.65,7833.17,3,57,5679,0,No,,,Normal
8979-CAMGB,Male,67,Yes,No,No,Vacaville,California,64,49-72,One Year,Fiber Optic,Bank Withdrawal,102.1,6688.1,7332.58,5,47,6100,0,No,,,Normal
7813-ZGGAW,Male,68,Yes,No,No,Applegate,California,31,25-48,Two Year,Fiber Optic,Bank Withdrawal,96.6,2877.95,3353.8,5,40,3364,0,No,,,Normal
6583-KQJLK,Female,66,Yes,Yes,No,Twin Bridges,California,15,13-24,Two Year,Fiber Optic,Bank Withdrawal,94.65,1285.05,1852.65,3,70,5868,0,No,,,Normal
6139-ZZRBQ,Male,79,Yes,No,No,Granite Bay,California,64,49-72,Two Year,,Bank Withdrawal,20.05,1198.05,1517.41,4,44,4309,0,No,,,Normal
7594-LZNWR,Male,67,Yes,No,No,Sacramento,California,34,25-48,Two Year,Fiber Optic,Credit Card,69.15,2275.1,2736.14,3,63,4478,0,No,,,Normal
3996-ZNWYK,Male,77,Yes,Yes,Yes,Sacramento,California,71,49-72,Two Year,,Credit Card,19.8,1388.45,3668.97,4,69,5819,0,No,,,Normal
8760-ZRHKE,Female,80,Yes,Yes,Yes,Berry Creek,California,71,49-72,One Year,DSL,Bank Withdrawal,69.2,4982.5,8432.39,4,65,5546,0,No,,,Normal
5216-WASFJ,Female,68,Yes,Yes,No,Challenge,California,31,25-48,Two Year,Fiber Optic,Bank Withdrawal,84.85,2633.4,2797.7000000000003,3,30,5603,0,No,,,Normal
4948-WBBKL,Female,80,Yes,No,No,Dunnigan,California,36,25-48,Two Year,Fiber Optic,Bank Withdrawal,74.9,2659.45,4155.969999999999,3,23,5041,0,No,,,Normal
8348-JLBUG,Male,77,Yes,Yes,No,North San Juan,California,64,49-72,One Year,Fiber Optic,Credit Card,80.3,5017.7,5969.38,3,34,4270,0,No,,,Normal
3339-EAQNV,Male,75,Yes,Yes,No,Palermo,California,72,49-72,One Year,Fiber Optic,Credit Card,97.25,7133.1,7941.660000000001,5,69,6156,0,No,,,Normal
5730-RIITO,Female,73,Yes,No,No,Willows,California,43,25-48,Two Year,DSL,Credit Card,33.45,1500.25,1540.25,3,79,4757,0,No,,,Normal
7515-LODFU,Male,67,Yes,No,No,Burney,California,69,49-72,Two Year,,Credit Card,20.3,1356.3,2779.08,3,21,4042,0,No,,,Normal
8041-TMEID,Male,73,Yes,Yes,No,Corning,California,63,49-72,Two Year,Fiber Optic,Credit Card,108.5,6991.9,9330.46,4,49,6453,0,No,,,Normal
6941-KXRRV,Female,65,Yes,Yes,No,Dorris,California,48,25-48,One Year,DSL,Bank Withdrawal,58.95,2789.7,4442.34,3,49,4815,0,No,,,Normal
4501-UYKBC,Female,65,Yes,No,No,Igo,California,46,25-48,One Year,DSL,Credit Card,69.1,3255.35,3993.19,3,30,3856,0,No,,,Normal
5304-EFJLP,Male,72,Yes,Yes,No,Los Molinos,California,72,49-72,Two Year,Fiber Optic,Bank Withdrawal,111.65,8022.85,9351.09,4,36,4406,0,No,,,Normal
8875-AKBYH,Male,78,Yes,No,No,Mineral,California,20,13-24,Two Year,Fiber Optic,Bank Withdrawal,84.35,1745.2,2265.4,4,70,4915,0,No,,,Normal
0533-UCAAU,Male,72,Yes,Yes,No,Montgomery Creek,California,57,49-72,One Year,DSL,Credit Card,71.1,4140.1,6885.22,5,40,5462,0,No,,,Normal
1394-SUIUH,Female,70,Yes,Yes,No,Mount Shasta,California,44,25-48,Two Year,Fiber Optic,Bank Withdrawal,85.15,3670.5,5625.86,4,45,2672,0,No,,,Normal
8565-WUXZU,Male,77,Yes,Yes,No,Vina,California,72,49-72,Two Year,Fiber Optic,Credit Card,84.8,6141.65,6538.37,4,54,4240,0,No,,,Normal
2055-BFOCC,Male,65,Yes,Yes,No,Likely,California,63,49-72,One Year,DSL,Bank Withdrawal,84.0,5329.55,7890.5,3,42,5688,0,No,,,Normal
4584-LBNMK,Male,79,Yes,Yes,No,Portola,California,45,25-48,One Year,,Credit Card,24.7,1174.35,3195.3,4,61,5644,0,No,,,Normal
3898-GUYTS,Female,71,Yes,No,No,Ravendale,California,45,25-48,Two Year,Fiber Optic,Bank Withdrawal,97.05,4385.05,4955.2,3,34,4735,0,No,,,Normal
3703-KBKZP,Male,70,Yes,No,No,Standish,California,16,13-24,Two Year,Fiber Optic,Bank Withdrawal,74.45,1261.35,1613.6699999999998,5,47,5111,0,No,,,Normal
5117-IFGPS,Male,73,Yes,Yes,No,Tahoe City,California,29,25-48,Two Year,Fiber Optic,Bank Withdrawal,84.3,2357.75,3423.5,3,67,2217,0,No,,,Normal
2197-OMWGI,Female,65,Yes,Yes,Yes,Los Angeles,California,68,49-72,Two Year,DSL,Bank Withdrawal,53.0,3656.25,3656.25,4,31,5583,0,No,,,Normal
7852-LECYP,Male,79,Yes,Yes,No,Los Angeles,California,13,13-24,Two Year,Fiber Optic,Credit Card,93.8,1261.0,1886.95,4,43,5870,0,No,,,Normal
8595-SIZNC,Female,69,Yes,Yes,No,Los Angeles,California,22,13-24,One Year,,Bank Withdrawal,25.6,548.8,884.74,4,75,2628,0,No,,,Normal
8920-NAVAY,Male,66,Yes,No,No,Los Angeles,California,62,49-72,One Year,Fiber Optic,Bank Withdrawal,110.75,7053.35,10016.95,5,43,5166,0,No,,,Normal
9699-UBQFS,Female,76,Yes,Yes,No,Los Angeles,California,43,25-48,Month-to-Month,Fiber Optic,Bank Withdrawal,94.5,4156.8,4314.18,3,32,4745,0,No,,,Normal
1261-FWTTE,Male,78,Yes,No,No,Los Angeles,California,23,13-24,Month-to-Month,Cable,Bank Withdrawal,34.65,768.45,768.45,4,67,2307,0,No,,,Normal
3528-HFRIQ,Male,73,Yes,Yes,No,Los Angeles,California,71,49-72,Month-to-Month,Cable,Bank Withdrawal,52.3,3765.05,3805.05,5,51,5491,0,No,,,Normal
3320-VEOYC,Male,65,Yes,No,No,Beverly Hills,California,14,13-24,Month-to-Month,Fiber Optic,Bank Withdrawal,95.6,1273.3,1799.98,3,78,3502,0,No,,,Normal
9758-MFWGD,Female,75,Yes,Yes,Yes,Hawthorne,California,48,25-48,One Year,DSL,Bank Withdrawal,29.9,1388.75,1388.75,5,49,2617,0,No,,,Normal
1360-JYXKQ,Female,68,Yes,Yes,No,South Gate,California,54,49-72,One Year,Fiber Optic,Bank Withdrawal,99.1,5437.1,6627.8,5,54,4118,0,No,,,Normal
6925-BAYGL,Female,79,Yes,Yes,No,Inglewood,California,53,49-72,Two Year,,Credit Card,25.1,1275.6,2284.19,3,70,5295,0,No,,,Normal
4135-FRWKJ,Female,66,Yes,Yes,Yes,Santa Monica,California,55,49-72,One Year,Cable,Bank Withdrawal,76.25,4154.55,6055.9,3,42,4319,0,No,,,Normal
6551-ZCOTS,Male,73,Yes,No,No,Torrance,California,33,25-48,One Year,,Bank Withdrawal,24.9,847.8,951.75,4,52,5756,0,No,,,Normal
5995-SNNEW,Male,80,Yes,Yes,No,Whittier,California,23,13-24,Month-to-Month,Fiber Optic,Bank Withdrawal,104.45,2184.85,3284.68,5,37,5883,0,No,,,Normal
5371-VYLSX,Female,65,Yes,No,No,Long Beach,California,50,49-72,Month-to-Month,Fiber Optic,Bank Withdrawal,83.4,4113.7,6513.2,3,68,4977,0,No,,,Normal
4128-ETESU,Female,73,Yes,Yes,No,Pasadena,California,47,25-48,Month-to-Month,Fiber Optic,Bank Withdrawal,99.7,4747.2,5027.26,3,67,4787,0,No,,,Normal
8016-NCFVO,Male,70,Yes,No,No,Glendale,California,55,49-72,Month-to-Month,Fiber Optic,Bank Withdrawal,116.5,6382.55,7994.05,4,58,4222,0,No,,,Normal
4119-ZYPZY,Male,67,Yes,No,No,Glendale,California,71,49-72,Two Year,Fiber Optic,Bank Withdrawal,106.8,7623.2,10094.0,3,28,6423,0,No,,,Normal
5439-WIKXB,Male,65,Yes,Yes,No,Newhall,California,41,25-48,Month-to-Month,Fiber Optic,Bank Withdrawal,94.55,3851.45,5796.31,3,45,4914,0,No,,,Normal
2080-CAZNM,Female,78,Yes,No,No,Burbank,California,41,25-48,Month-to-Month,Fiber Optic,Bank Withdrawal,104.4,4133.95,4393.48,5,61,4477,0,No,,,Normal
1028-FFNJK,Male,79,Yes,Yes,No,Burbank,California,30,25-48,Month-to-Month,Fiber Optic,Bank Withdrawal,101.5,2917.65,4358.25,5,73,4828,0,No,,,Normal
3001-UNBTL,Male,69,Yes,Yes,Yes,Burbank,California,29,25-48,Month-to-Month,Fiber Optic,Bank Withdrawal,103.95,2964.8,4396.24,4,58,3733,0,No,,,Normal
0786-IVLAW,Female,72,Yes,No,No,Valley Village,California,66,49-72,One Year,Fiber Optic,Bank Withdrawal,108.1,7238.6,7474.22,3,20,4722,0,No,,,Normal
4282-ACRXS,Male,69,Yes,Yes,No,Covina,California,38,25-48,Month-to-Month,Cable,Bank Withdrawal,24.85,955.75,955.75,3,33,3511,0,No,,,Normal
7668-XCFYV,Female,77,Yes,Yes,No,Glendora,California,17,13-24,Month-to-Month,Fiber Optic,Bank Withdrawal,92.55,1614.7,1679.81,3,23,3689,0,No,,,Normal
5336-UFNZP,Female,65,Yes,Yes,Yes,Monterey Park,California,65,49-72,One Year,Fiber Optic,Bank Withdrawal,107.45,7047.5,8320.2,4,32,6211,0,No,,,Normal
9233-PSYHO,Female,68,Yes,No,No,Ontario,California,45,25-48,One Year,Fiber Optic,Bank Withdrawal,100.15,4459.8,4770.3,4,21,2636,0,No,,,Normal
8777-MBMTS,Female,65,Yes,Yes,No,West Covina,California,65,49-72,Two Year,Fiber Optic,Credit Card,105.85,6725.5,9097.35,4,80,4872,0,No,,,Normal
2615-YVMYX,Male,68,Yes,Yes,No,Chula Vista,California,71,49-72,Month-to-Month,Fiber Optic,Bank Withdrawal,107.5,7713.55,10025.44,3,64,5775,0,No,,,Normal
2851-STERV,Male,79,Yes,No,No,Descanso,California,35,25-48,One Year,DSL,Bank Withdrawal,73.0,2471.25,2577.65,4,59,2715,0,No,,,Normal
5419-JKZNQ,Male,65,Yes,Yes,No,La Mesa,California,30,25-48,Month-to-Month,Fiber Optic,Mailed Check,77.9,2351.45,2437.25,3,49,2009,0,No,,,Normal
1409-PHXTF,Male,77,Yes,Yes,No,Lemon Grove,California,54,49-72,Two Year,Fiber Optic,Bank Withdrawal,110.45,6077.75,7835.99,4,77,4425,0,No,,,Normal
9591-YVTEB,Male,77,Yes,No,No,National City,California,55,49-72,Month-to-Month,DSL,Bank Withdrawal,44.85,2479.05,2479.05,3,49,5829,0,No,,,Normal
9309-BZGNT,Male,69,Yes,Yes,No,Pine Valley,California,69,49-72,One Year,DSL,Credit Card,29.8,2134.3,2134.3,3,43,5681,0,No,,,Normal
8075-GXIUB,Male,79,Yes,Yes,No,Spring Valley,California,9,0-12,One Year,,Credit Card,19.85,183.15,388.26,3,59,5601,0,No,,,Normal
6723-WSNTY,Female,73,Yes,Yes,No,Del Mar,California,66,49-72,One Year,Fiber Optic,Credit Card,108.1,7181.95,7639.99,3,35,5360,0,No,,,Normal
2144-BFDSO,Female,70,Yes,Yes,No,Ranchita,California,50,49-72,Month-to-Month,Fiber Optic,Bank Withdrawal,108.75,5431.9,5890.9,3,54,5211,0,No,,,Normal
5647-FXOTP,Female,71,Yes,Yes,No,Santa Ysabel,California,60,49-72,Month-to-Month,Fiber Optic,Bank Withdrawal,105.9,6401.25,8713.85,5,40,5084,0,No,,,Normal
6078-VESFR,Male,78,Yes,Yes,No,Vista,California,13,13-24,Month-to-Month,Fiber Optic,Bank Withdrawal,70.45,849.1,1324.51,5,53,5225,0,No,,,Normal
9866-OCCKE,Female,73,Yes,Yes,No,San Diego,California,72,49-72,Two Year,Fiber Optic,Mailed Check,109.75,8075.35,10598.23,4,34,6010,0,No,,,Normal
2786-GCDPI,Female,75,Yes,No,No,Pioneertown,California,50,49-72,Month-to-Month,Fiber Optic,Bank Withdrawal,104.95,5222.35,6104.85,5,39,5570,0,No,,,Normal
3733-UOCWF,Male,78,Yes,Yes,No,Helendale,California,61,49-72,One Year,Fiber Optic,Bank Withdrawal,85.55,5251.75,8097.4,4,62,4845,0,No,,,Normal
8490-BXHEO,Male,67,Yes,No,No,Lucerne Valley,California,18,13-24,Month-to-Month,Fiber Optic,Credit Card,80.55,1411.65,2109.87,5,27,5137,0,No,,,Normal
7173-TETGO,Female,66,Yes,Yes,No,Lytle Creek,California,72,49-72,Two Year,Fiber Optic,Bank Withdrawal,78.5,5602.25,7932.889999999999,3,69,6072,0,No,,,Normal
6435-VWCCY,Male,71,Yes,Yes,No,Oro Grande,California,65,49-72,Two Year,Fiber Optic,Credit Card,92.7,5968.4,7732.5,3,64,5205,0,No,,,Normal
6726-NNFWD,Female,74,Yes,Yes,No,Murrieta,California,71,49-72,Two Year,Fiber Optic,Credit Card,89.45,6435.25,7589.71,4,72,6004,0,No,,,High Risk
7856-GANIL,Male,71,Yes,Yes,No,Irvine,California,45,25-48,One Year,Fiber Optic,Bank Withdrawal,98.7,4525.8,4632.900000000001,3,66,2535,0,No,,,Normal
0248-PGHBZ,Female,69,Yes,No,No,San Clemente,California,67,49-72,Two Year,Fiber Optic,Bank Withdrawal,92.45,6140.85,6313.04,4,80,5857,0,No,,,High Risk
7472-EQOAV,Male,76,Yes,Yes,Yes,Laguna Niguel,California,71,49-72,One Year,Fiber Optic,Bank Withdrawal,86.7,6179.35,8320.710000000001,3,44,4485,0,No,,,Normal
5985-BEHZK,Female,78,Yes,Yes,No,Santa Ana,California,72,49-72,One Year,Fiber Optic,Credit Card,105.0,7578.05,9578.93,5,56,6423,0,No,,,Normal
9279-CJEOJ,Female,77,Yes,No,No,Anaheim,California,21,13-24,Month-to-Month,Fiber Optic,Bank Withdrawal,95.4,2025.1,2810.5,4,47,5691,0,No,,,Normal
8029-XYPWT,Male,72,Yes,Yes,No,Anaheim,California,71,49-72,Two Year,Fiber Optic,Bank Withdrawal,115.05,8016.6,11340.82,4,53,4438,0,No,,,Normal
6646-JPPHA,Female,76,Yes,No,No,Fullerton,California,14,13-24,Month-to-Month,Fiber Optic,Bank Withdrawal,78.85,1043.8,1765.94,3,44,5327,0,No,,,Normal
7658-UYUQS,Male,71,Yes,Yes,No,Fullerton,California,21,13-24,Month-to-Month,Fiber Optic,Bank Withdrawal,86.55,1857.25,2325.55,5,67,5318,0,No,,,Normal
8746-BFOAJ,Male,79,Yes,No,No,Garden Grove,California,21,13-24,One Year,,Bank Withdrawal,20.5,429.55,917.38,4,62,5766,0,No,,,Normal
8023-QHAIO,Female,72,Yes,Yes,No,Corona,California,56,49-72,Month-to-Month,Fiber Optic,Bank Withdrawal,76.85,4275.75,5939.11,3,66,6035,0,No,,,Normal
8133-ANHHJ,Female,77,Yes,No,No,Ventura,California,49,49-72,One Year,Fiber Optic,Bank Withdrawal,103.0,5166.2,6953.23,4,75,5023,0,No,,,High Risk
1707-HABPF,Female,65,Yes,No,No,Santa Barbara,California,46,25-48,One Year,Fiber Optic,Bank Withdrawal,91.3,4126.35,4675.13,4,43,3191,0,No,,,Normal
6847-KJLTS,Female,72,Yes,Yes,No,Frazier Park,California,58,49-72,Month-to-Month,Fiber Optic,Bank Withdrawal,100.4,5749.8,8495.52,5,64,4005,0,No,,,Normal
4619-EVPHY,Female,65,Yes,Yes,No,Lamont,California,20,13-24,One Year,Fiber Optic,Bank Withdrawal,91.0,1859.5,2636.5,5,57,3748,0,No,,,Normal
4462-CYWMH,Male,65,Yes,Yes,No,Lindsay,California,62,49-72,Month-to-Month,Fiber Optic,Bank Withdrawal,89.8,5629.55,7333.93,3,67,4981,0,No,,,Normal
9334-GWGOW,Male,68,Yes,Yes,No,Mc Kittrick,California,7,0-12,Month-to-Month,Fiber Optic,Bank Withdrawal,74.85,485.25,532.92,4,44,2259,0,No,,,Normal
4291-HYEBC,Female,76,Yes,Yes,Yes,Weldon,California,28,25-48,One Year,DSL,Bank Withdrawal,39.1,1096.6,1096.6,3,59,2305,0,No,,,Normal
1576-PFZIW,Male,70,Yes,Yes,No,Bakersfield,California,70,49-72,Two Year,Fiber Optic,Credit Card,105.35,7511.9,8525.5,4,34,5866,0,No,,,Normal
0147-ESWWR,Female,73,Yes,Yes,No,Atascadero,California,39,25-48,Month-to-Month,Fiber Optic,Bank Withdrawal,101.25,3949.15,4735.0,4,77,3172,0,No,,,Normal
1217-VASWC,Male,77,Yes,Yes,No,Avila Beach,California,43,25-48,One Year,Fiber Optic,Bank Withdrawal,100.55,4304.0,5898.87,4,65,4499,0,No,,,Normal
2522-WLNSF,Female,74,Yes,Yes,No,Los Olivos,California,34,25-48,One Year,Cable,Bank Withdrawal,64.2,2106.3,2525.5200000000004,4,34,2225,0,No,,,Normal
5327-XOKKY,Male,79,Yes,Yes,No,Santa Maria,California,72,49-72,Two Year,Cable,Credit Card,73.45,5329.0,6139.72,3,29,5540,0,No,,,Normal
3312-ZWLGF,Male,69,Yes,Yes,No,Acton,California,29,25-48,Month-to-Month,Fiber Optic,Bank Withdrawal,79.3,2414.55,2720.5,5,21,3172,0,No,,,Normal
0795-XCCTE,Male,80,Yes,No,No,Bishop,California,72,49-72,Two Year,,Bank Withdrawal,25.4,1809.35,3682.07,3,51,6141,0,No,,,Normal
7072-MBHEV,Female,77,Yes,Yes,Yes,Edwards,California,11,0-12,Month-to-Month,Fiber Optic,Credit Card,78.1,864.85,1059.11,5,50,2333,0,No,,,Normal
8050-DVOJX,Male,67,Yes,No,No,Keeler,California,49,49-72,Two Year,Cable,Credit Card,81.35,4060.9,6177.21,4,69,4537,0,No,,,Normal
8169-SAEJD,Male,79,Yes,Yes,No,Lancaster,California,69,49-72,Two Year,DSL,Credit Card,56.55,3952.65,3992.65,3,28,4162,0,No,,,Normal
1580-BMCMR,Male,66,Yes,No,No,Tehachapi,California,19,13-24,Month-to-Month,Fiber Optic,Bank Withdrawal,87.3,1637.3,2203.5,3,70,4447,0,No,,,Normal
4199-QHJNM,Male,72,Yes,Yes,No,Bass Lake,California,67,49-72,Two Year,Fiber Optic,Bank Withdrawal,102.9,6989.7,10251.26,3,52,5869,0,No,,,Normal
5135-GRQJV,Male,75,Yes,Yes,No,Cantua Creek,California,72,49-72,Two Year,Fiber Optic,Mailed Check,114.5,8331.95,8735.150000000001,3,47,6051,0,No,,,Normal
2384-OVPSA,Female,65,Yes,No,No,Caruthers,California,38,25-48,Two Year,,Mailed Check,20.2,735.9,891.3199999999999,3,71,4947,0,No,,,Normal
1371-WEPDS,Male,71,Yes,Yes,No,Chowchilla,California,40,25-48,One Year,DSL,Bank Withdrawal,55.8,2283.3,3475.7,3,78,3587,0,No,,,Normal
3349-ANQNH,Female,70,Yes,No,No,Del Rey,California,59,49-72,One Year,Fiber Optic,Bank Withdrawal,99.5,5890.0,7321.93,5,50,5513,0,No,,,Normal
5937-EORGB,Male,79,Yes,Yes,No,Five Points,California,15,13-24,Month-to-Month,Fiber Optic,Bank Withdrawal,96.5,1392.25,1734.7,4,61,2394,0,No,,,Normal
5539-HIVAK,Female,79,Yes,Yes,No,Friant,California,28,25-48,Month-to-Month,,Mailed Check,25.7,734.6,1450.56,4,80,3136,0,No,,,Normal
4583-PARNH,Male,66,Yes,Yes,No,Kerman,California,16,13-24,Month-to-Month,Fiber Optic,Bank Withdrawal,91.55,1540.05,1787.09,5,46,4045,0,No,,,Normal
1421-HCERK,Male,75,Yes,Yes,No,Lakeshore,California,30,25-48,Month-to-Month,Fiber Optic,Bank Withdrawal,105.7,3181.8,4186.2,5,54,2455,0,No,,,Normal
0716-BQNDX,Male,77,Yes,No,No,Madera,California,57,49-72,Two Year,Fiber Optic,Bank Withdrawal,93.75,5625.55,5751.52,3,75,4276,0,No,,,Normal
1162-ECVII,Male,66,Yes,Yes,No,Fresno,California,72,49-72,Two Year,Fiber Optic,Bank Withdrawal,109.75,7932.5,9421.78,4,53,4265,0,No,,,Normal
8695-ARGXZ,Male,66,Yes,Yes,No,Fresno,California,34,25-48,Month-to-Month,Fiber Optic,Bank Withdrawal,75.55,2425.4,2495.78,5,22,5381,0,No,,,Normal
1697-NVVGY,Male,71,Yes,Yes,No,Fresno,California,19,13-24,Month-to-Month,DSL,Bank Withdrawal,66.4,1286.05,1864.41,4,22,4533,0,No,,,Normal
9112-WSNPU,Female,65,Yes,No,No,Monterey,California,35,25-48,Month-to-Month,Fiber Optic,Bank Withdrawal,70.55,2419.0,3010.85,4,45,5873,0,No,,,Normal
4976-LNFVV,Male,65,Yes,Yes,No,Daly City,California,19,13-24,Month-to-Month,DSL,Credit Card,34.3,577.15,577.15,5,20,4615,0,No,,,Normal
2077-MPJQO,Male,80,Yes,Yes,No,Menlo Park,California,7,0-12,Month-to-Month,Fiber Optic,Bank Withdrawal,75.4,533.05,682.64,4,41,3533,0,No,,,Normal
1480-IVEVR,Male,76,Yes,Yes,No,Montara,California,35,25-48,One Year,Fiber Optic,Bank Withdrawal,81.6,2815.25,2960.85,3,60,2300,0,No,,,Normal
4118-CEVPF,Female,74,Yes,No,No,Redwood City,California,35,25-48,One Year,Fiber Optic,Bank Withdrawal,110.8,3836.3,5098.5,3,35,2125,0,No,,,Normal
2428-HYUNX,Male,74,Yes,Yes,No,San Francisco,California,44,25-48,Two Year,,Credit Card,19.35,847.25,930.41,5,42,4975,0,No,,,Normal
9693-XMUOB,Male,65,Yes,Yes,No,Palo Alto,California,59,49-72,Month-to-Month,Cable,Bank Withdrawal,50.25,2997.45,2997.45,4,27,5546,0,No,,,Normal
1635-NZATJ,Male,80,Yes,Yes,No,Alameda,California,71,49-72,Two Year,,Credit Card,25.45,1789.65,4434.4,5,26,5341,0,No,,,Normal
9943-VSZUV,Male,75,Yes,No,No,Alamo,California,67,49-72,Month-to-Month,Fiber Optic,Mailed Check,75.7,5060.85,7733.48,4,30,5823,0,No,,,Normal
9355-NPPFS,Female,70,Yes,No,No,Fremont,California,26,25-48,Month-to-Month,Fiber Optic,Bank Withdrawal,78.8,2006.1,2505.56,3,37,4509,0,No,,,Normal
5828-DWPIL,Male,68,Yes,Yes,No,Livermore,California,62,49-72,Month-to-Month,Fiber Optic,Bank Withdrawal,89.1,5618.3,5913.42,4,25,4415,0,No,,,Normal
2931-FSOHN,Male,76,Yes,No,No,Napa,California,13,13-24,Month-to-Month,DSL,Bank Withdrawal,59.9,788.35,1437.05,5,58,5254,0,No,,,Normal
9971-ZWPBF,Male,70,Yes,Yes,Yes,Orinda,California,34,25-48,Month-to-Month,Fiber Optic,Bank Withdrawal,108.9,3625.2,4054.36,3,24,5151,0,No,,,Normal
8421-WZOOW,Female,75,Yes,Yes,Yes,Rio Vista,California,57,49-72,Month-to-Month,Fiber Optic,Credit Card,95.3,5567.45,7177.7,3,23,4912,0,No,,,Normal
2957-JIRMN,Female,69,Yes,No,No,Vallejo,California,62,49-72,One Year,Fiber Optic,Bank Withdrawal,84.45,4959.15,6169.389999999999,4,60,4166,0,No,,,Normal
5271-DBYSJ,Male,80,Yes,No,No,Berkeley,California,11,0-12,Month-to-Month,Fiber Optic,Credit Card,79.15,827.7,1262.94,5,20,3355,0,No,,,Normal
3915-ODIYG,Male,72,Yes,No,No,Cotati,California,60,49-72,One Year,DSL,Bank Withdrawal,71.75,4374.55,4996.55,3,71,4964,0,No,,,Normal
5671-UUNXD,Female,79,Yes,Yes,No,Nicasio,California,50,49-72,One Year,Fiber Optic,Bank Withdrawal,100.65,5189.75,7018.75,3,40,5791,0,No,,,Normal
4698-KVLLG,Female,66,Yes,No,No,San Quentin,California,51,49-72,Two Year,,Credit Card,19.6,967.9,3388.36,5,68,4224,0,No,,,Normal
0282-NVSJS,Female,70,Yes,Yes,Yes,Aromas,California,12,0-12,Month-to-Month,DSL,Mailed Check,29.3,355.9,355.9,4,75,3353,0,No,,,Normal
7537-CBQUZ,Male,68,Yes,No,No,Castroville,California,63,49-72,Month-to-Month,Fiber Optic,Bank Withdrawal,109.4,7031.45,8676.38,3,24,5961,0,No,,,Normal
4750-UKWJK,Female,77,Yes,Yes,No,Gilroy,California,37,25-48,One Year,,Mailed Check,19.6,727.8,1665.75,4,77,5730,0,No,,,High Risk
4884-ZTHVF,Female,80,Yes,No,No,Santa Cruz,California,8,0-12,Month-to-Month,Fiber Optic,Bank Withdrawal,87.1,713.6,1025.68,5,65,3950,0,No,,,Normal
3055-OYMSE,Female,75,Yes,No,No,Saratoga,California,53,49-72,Month-to-Month,Fiber Optic,Credit Card,73.8,4003.85,4891.07,3,45,6469,0,No,,,Normal
1468-DEFNC,Male,69,Yes,Yes,Yes,San Jose,California,64,49-72,Two Year,,Bank Withdrawal,24.4,1548.65,3922.41,3,68,4772,0,No,,,Normal
4627-MIHJH,Female,72,Yes,No,No,Stockton,California,69,49-72,Two Year,Fiber Optic,Credit Card,110.25,7467.55,9082.15,3,69,4948,0,No,,,Normal
5553-AOINX,Female,67,Yes,Yes,Yes,Copperopolis,California,66,49-72,One Year,Fiber Optic,Bank Withdrawal,104.9,6891.45,9490.53,4,48,4892,0,No,,,Normal
3258-SANFR,Male,69,Yes,No,No,Big Oak Flat,California,6,0-12,Month-to-Month,DSL,Credit Card,44.7,276.5,394.94,3,30,4270,0,No,,,Normal
4833-QTJNO,Male,66,Yes,Yes,No,Coulterville,California,67,49-72,Month-to-Month,Fiber Optic,Bank Withdrawal,83.85,5588.8,8597.1,3,49,5261,0,No,,,Normal
2322-VCZHZ,Male,70,Yes,Yes,No,El Portal,California,23,13-24,Month-to-Month,Fiber Optic,Bank Withdrawal,90.0,2024.1,2749.29,3,50,4999,0,No,,,Normal
6383-ZTSIW,Female,77,Yes,Yes,No,Gustine,California,39,25-48,One Year,Fiber Optic,Mailed Check,99.1,3877.95,4234.02,3,22,4599,0,No,,,Normal
0118-JPNOY,Female,71,Yes,No,No,Le Grand,California,26,25-48,Month-to-Month,Fiber Optic,Credit Card,85.8,2193.65,3070.8900000000003,3,46,5700,0,No,,,Normal
9000-PLFUZ,Female,70,Yes,Yes,No,Merced,California,60,49-72,Two Year,DSL,Credit Card,49.45,2907.55,2947.55,3,61,4277,0,No,,,Normal
7779-ORAEL,Male,77,Yes,Yes,No,Mi Wuk Village,California,45,25-48,Two Year,DSL,Credit Card,75.15,3480.35,3902.9,3,52,5837,0,No,,,Normal
0644-OQMDK,Male,69,Yes,No,No,Merced,California,4,0-12,Month-to-Month,Fiber Optic,Bank Withdrawal,70.65,293.85,318.57000000000005,4,34,4510,0,No,,,Normal
1658-XUHBX,Female,75,Yes,Yes,Yes,Modesto,California,59,49-72,Month-to-Month,Fiber Optic,Credit Card,88.75,5348.65,6301.5,3,21,6492,0,No,,,Normal
2378-HTWFW,Male,78,Yes,No,No,Newman,California,35,25-48,Month-to-Month,Fiber Optic,Credit Card,91.0,3180.5,4137.15,3,35,5527,0,No,,,Normal
3719-TDVQB,Female,68,Yes,Yes,No,Ripon,California,54,49-72,Two Year,,Mailed Check,18.95,1031.1,2323.86,4,28,5548,0,No,,,Normal
0201-MIBOL,Female,68,Yes,No,No,Salida,California,66,49-72,Two Year,Fiber Optic,Bank Withdrawal,102.4,6471.85,7161.55,3,69,4861,0,No,,,Normal
8495-PRWFH,Female,66,Yes,No,No,Waterford,California,42,25-48,Month-to-Month,Cable,Bank Withdrawal,55.65,2421.75,3555.75,4,80,5831,0,No,,,High Risk
0439-IFYUN,Female,78,Yes,No,No,Escondido,California,18,13-24,Month-to-Month,Fiber Optic,Bank Withdrawal,74.7,1294.6,1694.2199999999998,4,62,3896,0,No,,,Normal
6458-CYIDZ,Female,72,Yes,No,No,Albion,California,5,0-12,Month-to-Month,Fiber Optic,Bank Withdrawal,80.7,374.8,556.1500000000001,4,51,3468,0,No,,,Normal
1932-UEDCX,Male,79,Yes,Yes,No,Manchester,California,33,25-48,Month-to-Month,Fiber Optic,Bank Withdrawal,100.6,3270.25,4725.55,4,55,3669,0,No,,,Normal
5188-HGMLP,Male,73,Yes,Yes,No,Middletown,California,54,49-72,Month-to-Month,Fiber Optic,Bank Withdrawal,74.0,3919.15,5817.79,5,30,4991,0,No,,,Normal
5331-RGMTT,Male,67,Yes,Yes,No,Point Arena,California,54,49-72,Month-to-Month,Fiber Optic,Credit Card,99.05,5295.7,7413.619999999999,5,34,4011,0,No,,,Normal
4476-OSWTN,Male,73,Yes,Yes,No,Witter Springs,California,69,49-72,One Year,Fiber Optic,Mailed Check,110.55,7610.1,8182.8,3,25,4887,0,No,,,Normal
6726-WEXXK,Male,72,Yes,Yes,No,Fields Landing,California,27,25-48,One Year,Fiber Optic,Bank Withdrawal,85.9,2220.1,3330.07,3,63,5755,0,No,,,Normal
4023-RTIQM,Female,72,Yes,Yes,No,Redcrest,California,31,25-48,One Year,DSL,Credit Card,50.4,1580.1,1580.1,3,39,2166,0,No,,,Normal
7872-RDDLZ,Female,68,Yes,No,No,Piercy,California,67,49-72,Month-to-Month,DSL,Bank Withdrawal,54.9,3725.5,6970.31,4,33,4826,0,No,,,Normal
3162-KKZXO,Female,75,Yes,No,No,Citrus Heights,California,55,49-72,One Year,Fiber Optic,Bank Withdrawal,100.15,5409.75,7037.75,4,64,5182,0,No,,,Normal
8904-OPDCK,Male,76,Yes,Yes,No,Citrus Heights,California,54,49-72,Month-to-Month,DSL,Bank Withdrawal,24.95,1364.75,1364.75,3,56,4691,0,No,,,Normal
6734-FQAJX,Male,65,Yes,No,No,Somerset,California,67,49-72,Two Year,Fiber Optic,Bank Withdrawal,105.05,7171.7,9465.11,4,49,4143,0,No,,,Normal
2378-VTKDH,Male,76,Yes,Yes,No,Woodland,California,65,49-72,Month-to-Month,Fiber Optic,Bank Withdrawal,104.35,6578.55,7136.900000000001,5,69,4073,0,No,,,Normal
2974-GGUXS,Female,74,Yes,Yes,No,Granite Bay,California,36,25-48,Month-to-Month,Fiber Optic,Credit Card,91.95,3301.05,3690.81,5,48,3273,0,No,,,Normal
7994-XIRTR,Male,79,Yes,No,No,Roseville,California,54,49-72,One Year,DSL,Bank Withdrawal,65.25,3529.95,3774.44,4,66,6161,0,No,,,Normal
5298-GSTLM,Female,74,Yes,No,No,Sacramento,California,60,49-72,One Year,Fiber Optic,Bank Withdrawal,101.4,6176.6,9111.8,4,66,4483,0,No,,,Normal
6121-TNHBO,Female,71,Yes,No,No,Sacramento,California,63,49-72,One Year,DSL,Bank Withdrawal,83.0,5243.05,6227.110000000001,3,29,5428,0,No,,,Normal
3865-ZYKAD,Male,77,Yes,Yes,No,Sacramento,California,69,49-72,Month-to-Month,Fiber Optic,Credit Card,84.9,5785.65,6804.089999999999,3,59,4503,0,No,,,Normal
2205-LPVGL,Male,71,Yes,Yes,Yes,Colusa,California,58,49-72,One Year,Fiber Optic,Bank Withdrawal,89.85,5125.75,6324.6900000000005,3,58,5035,0,No,,,Normal
4868-AADLV,Male,77,Yes,Yes,Yes,Durham,California,66,49-72,One Year,Fiber Optic,Bank Withdrawal,116.25,7862.25,8078.07,3,31,4578,0,No,,,Normal
3256-EZDBI,Male,71,Yes,Yes,No,Greenville,California,51,49-72,Month-to-Month,DSL,Credit Card,29.45,1459.35,1459.35,4,80,6285,0,No,,,High Risk
4726-DLWQN,Male,69,Yes,No,No,Live Oak,California,50,49-72,Month-to-Month,DSL,Bank Withdrawal,70.35,3454.6,4816.1,3,30,5596,0,No,,,Normal
3518-FSTWG,Male,67,Yes,Yes,No,Paradise,California,72,49-72,Two Year,Fiber Optic,Bank Withdrawal,109.55,7920.7,9195.82,3,59,4086,0,No,,,Normal
0230-UBYPQ,Male,76,Yes,Yes,No,Hyampom,California,63,49-72,One Year,DSL,Bank Withdrawal,36.1,2298.9,2298.9,3,48,5089,0,No,,,Normal
1763-KUAAW,Female,77,Yes,No,No,Junction City,California,18,13-24,One Year,,Bank Withdrawal,20.35,369.6,1045.14,4,30,4713,0,No,,,Normal
1104-TNLZA,Male,67,Yes,Yes,No,Klamath River,California,28,25-48,Month-to-Month,Fiber Optic,Bank Withdrawal,105.8,2998.0,3679.8,3,73,4174,0,No,,,Normal
5195-KPUNQ,Female,72,Yes,No,No,Lakehead,California,53,49-72,One Year,Fiber Optic,Credit Card,96.75,5206.55,7039.29,4,58,4766,0,No,,,Normal
3908-MKIMJ,Male,79,Yes,Yes,No,Mount Shasta,California,68,49-72,Two Year,Cable,Bank Withdrawal,41.95,2965.75,2965.75,3,34,5607,0,No,,,Normal
6969-MVBAI,Female,66,Yes,No,No,Davis Creek,California,9,0-12,Month-to-Month,Fiber Optic,Bank Withdrawal,90.1,816.8,1176.8,5,48,2893,0,No,,,Normal
2453-SAFNS,Female,68,Yes,No,No,Likely,California,54,49-72,One Year,Cable,Credit Card,72.1,3886.05,6339.27,5,47,4277,0,No,,,Normal
7426-GSWPO,Male,78,Yes,No,No,Portola,California,64,49-72,Month-to-Month,Fiber Optic,Bank Withdrawal,103.5,6548.65,7777.45,3,63,5125,0,No,,,Normal
4909-JOUPP,Male,76,Yes,Yes,No,Tahoma,California,72,49-72,Two Year,Fiber Optic,Credit Card,109.7,7898.45,9895.73,4,32,4319,0,No,,,Normal
6437-UDQJM,Female,72,Yes,Yes,No,Los Angeles,California,72,49-72,Two Year,DSL,Credit Card,84.1,6129.65,9542.45,3,62,4999,0,No,,,Normal
1226-IENZN,Male,68,Yes,No,No,Los Angeles,California,16,13-24,Month-to-Month,Fiber Optic,Bank Withdrawal,78.75,1218.25,1850.57,4,74,4351,0,No,,,Normal
0822-QGCXA,Female,76,Yes,Yes,No,Los Angeles,California,27,25-48,Month-to-Month,DSL,Bank Withdrawal,83.85,2310.2,2402.81,5,35,5907,0,No,,,Normal
3588-WSTTJ,Female,78,Yes,No,No,Los Angeles,California,35,25-48,Month-to-Month,Fiber Optic,Bank Withdrawal,99.05,3554.6,4662.0,4,63,3484,0,No,,,Normal
2452-MRMZF,Female,70,Yes,Yes,No,Inglewood,California,72,49-72,Two Year,,Credit Card,25.7,1937.4,2547.96,3,21,5079,0,No,,,Normal
4989-LIXVT,Male,66,Yes,No,No,Santa Monica,California,68,49-72,Month-to-Month,Fiber Optic,Bank Withdrawal,95.9,6503.2,7840.76,3,68,5080,0,No,,,Normal
5481-NTDOH,Female,67,Yes,Yes,No,Whittier,California,67,49-72,One Year,Fiber Optic,Credit Card,107.05,7142.5,9719.99,3,21,4126,0,No,,,Normal
0749-IRGQE,Female,68,Yes,Yes,No,Buena Park,California,13,13-24,Month-to-Month,DSL,Bank Withdrawal,45.3,528.45,528.45,4,48,4118,0,No,,,Normal
1754-GKYPY,Male,65,Yes,Yes,No,Carson,California,22,13-24,Month-to-Month,Fiber Optic,Bank Withdrawal,89.75,1938.9,2431.26,3,23,4180,0,No,,,Normal
1591-MQJTP,Male,76,Yes,Yes,No,Long Beach,California,51,49-72,One Year,Fiber Optic,Bank Withdrawal,93.65,4839.15,4951.86,4,68,4163,0,No,,,Normal
7471-MQPOS,Male,74,Yes,Yes,Yes,Long Beach,California,71,49-72,One Year,DSL,Bank Withdrawal,72.9,5139.65,8433.46,4,54,6404,0,No,,,Normal
3259-KNMRR,Male,72,Yes,No,No,Montrose,California,57,49-72,Two Year,DSL,Bank Withdrawal,79.75,4438.2,4956.9,4,79,5371,0,No,,,High Risk
6120-RJKLU,Female,69,Yes,Yes,No,Sierra Madre,California,62,49-72,Two Year,DSL,Credit Card,79.95,4819.75,6346.1900000000005,4,54,6488,0,No,,,Normal
4323-OHFOW,Female,72,Yes,Yes,No,Newhall,California,70,49-72,One Year,Fiber Optic,Bank Withdrawal,105.55,7195.35,9557.15,4,51,4605,0,No,,,Normal
6563-VNPMN,Female,80,Yes,No,No,Sylmar,California,45,25-48,Month-to-Month,Fiber Optic,Bank Withdrawal,85.7,3778.1,4014.4,4,44,5397,0,No,,,Normal
2267-WTPYD,Female,77,Yes,Yes,No,Granada Hills,California,57,49-72,Month-to-Month,Fiber Optic,Credit Card,94.0,5438.95,6752.8,5,49,6015,0,No,,,Normal
9129-UXERG,Female,65,Yes,No,No,Van Nuys,California,18,13-24,Month-to-Month,Fiber Optic,Credit Card,103.6,1806.35,1839.21,4,73,2094,0,No,,,Normal
6229-LSCKB,Male,69,Yes,No,No,Encino,California,6,0-12,Month-to-Month,Fiber Optic,Bank Withdrawal,79.7,497.6,787.52,5,44,2893,0,No,,,Normal
8065-QBYTO,Female,68,Yes,No,No,Pomona,California,71,49-72,One Year,Fiber Optic,Credit Card,99.65,7181.25,7458.86,4,63,5448,0,No,,,Normal
7921-LMDFQ,Male,69,Yes,No,No,Chula Vista,California,51,49-72,One Year,Fiber Optic,Bank Withdrawal,94.0,4905.75,5116.89,4,77,6034,0,No,,,High Risk
5820-PTRYM,Female,75,Yes,Yes,No,Chula Vista,California,56,49-72,One Year,Cable,Credit Card,68.45,4014.0,5515.92,4,79,4368,0,No,,,Normal
6211-WHMYA,Female,77,Yes,No,No,Chula Vista,California,64,49-72,Month-to-Month,DSL,Bank Withdrawal,43.85,2751.0,2781.0,5,46,6055,0,No,,,Normal
3454-JFUBC,Male,66,Yes,No,No,Pala,California,68,49-72,Two Year,,Credit Card,20.0,1396.0,2108.64,5,55,6136,0,No,,,Normal
2451-YMUXS,Male,79,Yes,No,No,Vista,California,67,49-72,Two Year,DSL,Bank Withdrawal,64.55,4250.1,6185.06,3,67,4494,0,No,,,Normal
4690-PKDQG,Female,66,Yes,Yes,No,San Diego,California,42,25-48,Month-to-Month,Fiber Optic,Bank Withdrawal,95.55,3930.6,4891.98,3,26,4121,0,No,,,Normal
7789-CRUVC,Female,77,Yes,Yes,No,San Diego,California,61,49-72,Month-to-Month,Fiber Optic,Credit Card,94.2,5895.45,7954.2,3,76,5274,0,No,,,High Risk
9972-VAFJJ,Female,77,Yes,Yes,No,San Diego,California,53,49-72,One Year,Fiber Optic,Bank Withdrawal,94.0,4871.45,7396.37,3,73,6355,0,No,,,High Risk
5981-ZVXOT,Female,72,Yes,No,No,San Diego,California,35,25-48,One Year,Fiber Optic,Bank Withdrawal,108.35,3726.15,4101.7,3,50,5139,0,No,,,Normal
2274-XUATA,Male,78,Yes,Yes,No,Earp,California,72,49-72,Two Year,Cable,Bank Withdrawal,63.1,4685.55,4685.55,3,56,4933,0,No,,,Normal
0666-UXTJO,Male,80,Yes,Yes,No,Morongo Valley,California,34,25-48,Month-to-Month,Fiber Optic,Credit Card,85.2,2874.45,3882.89,5,27,5393,0,No,,,Normal
1035-IPQPU,Female,77,Yes,Yes,No,Parker Dam,California,63,49-72,Month-to-Month,Fiber Optic,Bank Withdrawal,103.5,6479.4,7622.219999999999,4,53,5187,0,No,,,Normal
2235-DWLJU,Female,75,Yes,No,No,Thousand Palms,California,6,0-12,Month-to-Month,DSL,Bank Withdrawal,44.4,263.05,263.05,5,71,4611,0,No,,,Normal
3605-JISKB,Male,67,Yes,Yes,No,Twentynine Palms,California,55,49-72,One Year,Cable,Credit Card,60.0,3316.1,3815.5,4,71,4212,0,No,,,Normal
3668-QPYBK,Male,37,No,No,No,Los Angeles,California,2,0-12,Month-to-Month,DSL,Credit Card,53.85,108.15,129.09,1,86,3239,1,Yes,Competitor,Competitor made better offer,Normal
9237-HQITU,Female,19,No,No,Yes,Los Angeles,California,2,0-12,Month-to-Month,Fiber Optic,Bank Withdrawal,70.7,151.65,169.89,2,67,2701,1,Yes,Other,Moved,Normal
9305-CDSKC,Female,31,No,No,Yes,Los Angeles,California,8,0-12,Month-to-Month,Cable,Bank Withdrawal,99.65,820.5,917.7,3,86,5372,1,Yes,Other,Moved,Normal
7892-POOKP,Female,23,No,Yes,Yes,Los Angeles,California,28,25-48,Month-to-Month,Fiber Optic,Bank Withdrawal,104.8,3046.05,3182.9700000000003,3,84,5003,1,Yes,Other,Moved,Normal
0280-XJGEX,Male,38,No,No,Yes,Los Angeles,California,49,49-72,Month-to-Month,Fiber Optic,Bank Withdrawal,103.7,5036.3,7208.47,1,89,5340,1,Yes,Competitor,Competitor had better devices,Normal
4190-MFLUW,Female,21,No,Yes,No,San Diego,California,10,0-12,Month-to-Month,Cable,Credit Card,55.2,528.35,622.45,1,78,5925,1,Yes,Competitor,Competitor made better offer,Normal
1066-JKSGK,Male,29,No,No,No,Los Angeles,California,1,0-12,Month-to-Month,,Credit Card,20.15,20.15,53.73,1,92,4832,1,Yes,Competitor,Competitor made better offer,Normal
6467-CHFZW,Male,61,No,Yes,Yes,Los Angeles,California,47,25-48,Month-to-Month,Fiber Optic,Bank Withdrawal,99.35,4749.15,6222.599999999999,1,77,5789,1,Yes,Competitor,Competitor had better devices,Normal
8665-UTDHZ,Male,27,No,Yes,No,Los Angeles,California,1,0-12,Month-to-Month,DSL,Bank Withdrawal,30.2,30.2,30.2,1,90,2915,1,Yes,Competitor,Competitor had better devices,Normal
8773-HHUOZ,Female,20,No,No,No,Los Angeles,California,17,13-24,Month-to-Month,Cable,Credit Card,64.7,1093.1,1782.4499999999998,1,74,3022,1,Yes,Competitor,Competitor offered higher download speeds,Normal
6047-YHPVI,Male,56,No,No,Yes,Los Angeles,California,5,0-12,Month-to-Month,Fiber Optic,Bank Withdrawal,69.7,316.9,379.9,1,66,2454,1,Yes,Competitor,Competitor had better devices,Normal
5380-WJKOV,Male,51,No,No,Yes,Los Angeles,California,34,25-48,Month-to-Month,Fiber Optic,Bank Withdrawal,106.35,3549.25,4286.71,2,65,2941,1,Yes,Competitor,Competitor offered higher download speeds,Normal
8168-UQWWF,Female,48,No,No,Yes,Los Angeles,California,11,0-12,Month-to-Month,Cable,Bank Withdrawal,97.85,1105.4,1408.67,3,70,5674,1,Yes,Competitor,Competitor offered more data,Normal
7760-OYPDY,Female,32,No,No,Yes,Los Angeles,California,2,0-12,Month-to-Month,Fiber Optic,Bank Withdrawal,80.65,144.15,175.85,1,90,5586,1,Yes,Competitor,Competitor had better devices,Normal
9420-LOJKX,Female,34,No,No,Yes,Los Angeles,California,15,13-24,Month-to-Month,Fiber Optic,Credit Card,99.1,1426.4,1485.8000000000002,1,82,2966,1,Yes,Competitor,Competitor offered more data,Normal
5698-BQJOH,Female,41,No,No,Yes,Beverly Hills,California,9,0-12,Month-to-Month,Fiber Optic,Bank Withdrawal,94.4,857.25,1102.14,3,96,5571,1,Yes,Price,Price too high,Normal
5919-TMRGD,Female,32,No,No,Yes,Huntington Park,California,1,0-12,Month-to-Month,Fiber Optic,Bank Withdrawal,79.35,79.35,92.48,1,87,2483,1,Yes,Competitor,Competitor had better devices,Normal
9191-MYQKX,Female,34,No,Yes,Yes,Lynwood,California,7,0-12,Month-to-Month,Fiber Optic,Bank Withdrawal,75.15,496.9,557.73,1,70,3457,1,Yes,Dissatisfaction,Service dissatisfaction,Normal
8637-XJIVR,Female,34,No,No,Yes,Marina Del Rey,California,12,0-12,Month-to-Month,Fiber Optic,Bank Withdrawal,78.95,927.35,1311.43,1,86,5806,1,Yes,Attitude,Attitude of support person,Normal
0278-YXOOG,Male,30,No,No,No,Inglewood,California,5,0-12,Month-to-Month,,Credit Card,21.05,113.85,285.15,3,66,2604,1,Yes,Attitude,Attitude of support person,Normal
3192-NQECA,Male,26,No,Yes,No,Santa Monica,California,68,49-72,Two Year,Fiber Optic,Bank Withdrawal,110.0,7611.85,8617.57,2,86,5034,1,Yes,Competitor,Competitor had better devices,Normal
0486-HECZI,Male,37,No,Yes,Yes,Torrance,California,55,49-72,Month-to-Month,Fiber Optic,Bank Withdrawal,96.75,5238.9,7937.2,1,75,5154,1,Yes,Price,Long distance charges,Normal
5299-RULOA,Female,62,No,Yes,Yes,Whittier,California,10,0-12,Month-to-Month,Fiber Optic,Bank Withdrawal,100.25,1064.65,1309.45,2,87,5998,1,Yes,Price,Price too high,Normal
0404-SWRVG,Male,21,No,No,Yes,La Habra,California,3,0-12,Month-to-Month,Fiber Optic,Bank Withdrawal,74.4,229.55,264.61,1,76,4415,1,Yes,Dissatisfaction,Product dissatisfaction,Normal
6207-WIOLX,Female,27,No,Yes,No,Avalon,California,25,25-48,Month-to-Month,DSL,Credit Card,58.6,1502.65,1498.17,1,91,4190,1,Yes,Attitude,Attitude of support person,Normal
3091-FYHKI,Male,64,No,No,No,Harbor City,California,1,0-12,Month-to-Month,DSL,Bank Withdrawal,35.45,35.45,35.45,3,80,2301,1,Yes,Dissatisfaction,Network reliability,Normal
2372-HWUHI,Male,45,No,No,No,Lakewood,California,2,0-12,Month-to-Month,DSL,Bank Withdrawal,44.35,81.25,174.93,3,76,2570,1,Yes,Other,Don't know,Normal
4080-OGPJL,Female,53,No,No,No,San Pedro,California,8,0-12,Month-to-Month,DSL,Bank Withdrawal,71.15,563.65,948.77,1,66,2662,1,Yes,Other,Don't know,Normal
2135-RXIHG,Male,63,No,No,No,Carson,California,1,0-12,Month-to-Month,Cable,Bank Withdrawal,45.65,45.65,59.77,1,73,2600,1,Yes,Competitor,Competitor had better devices,Normal
3874-EQOEP,Male,32,No,No,Yes,Long Beach,California,7,0-12,Month-to-Month,Cable,Credit Card,95.0,655.5,772.54,1,94,2786,1,Yes,Competitor,Competitor had better devices,Normal
0867-MKZVY,Female,26,No,Yes,Yes,Altadena,California,20,13-24,Month-to-Month,Fiber Optic,Bank Withdrawal,82.4,1592.35,2290.92,1,86,5719,1,Yes,Price,Price too high,Normal
3376-BMGFE,Female,42,No,No,Yes,Monrovia,California,4,0-12,Month-to-Month,Fiber Optic,Bank Withdrawal,70.9,273.0,398.26,1,75,4287,1,Yes,Dissatisfaction,Product dissatisfaction,Normal
1875-QIVME,Female,26,No,Yes,Yes,Tujunga,California,2,0-12,Month-to-Month,Fiber Optic,Bank Withdrawal,104.4,242.8,220.38,3,83,4690,1,Yes,Attitude,Attitude of support person,Normal
0691-JVSYA,Female,24,No,Yes,No,Pasadena,California,53,49-72,One Year,Fiber Optic,Bank Withdrawal,94.85,5000.2,7134.509999999999,1,80,4328,1,Yes,Competitor,Competitor had better devices,Normal
6317-YPKDH,Female,54,No,No,No,Glendale,California,1,0-12,Month-to-Month,DSL,Bank Withdrawal,29.95,29.95,29.95,1,95,4534,1,Yes,Competitor,Competitor had better devices,Normal
9367-WXLCH,Male,51,No,No,Yes,Glendale,California,8,0-12,Month-to-Month,Fiber Optic,Bank Withdrawal,84.5,662.65,835.28,2,86,2152,1,Yes,Price,Extra data charges,Normal
1918-ZBFQJ,Female,48,No,No,Yes,Glendale,California,13,13-24,Month-to-Month,Fiber Optic,Bank Withdrawal,79.25,1111.65,1499.42,1,73,5142,1,Yes,Competitor,Competitor had better devices,Normal
1024-GUALD,Female,29,No,Yes,No,Glendale,California,1,0-12,Month-to-Month,DSL,Bank Withdrawal,24.8,24.8,24.8,1,94,4851,1,Yes,Dissatisfaction,Product dissatisfaction,Normal
2472-OVKUP,Male,39,No,Yes,Yes,Canoga Park,California,6,0-12,Month-to-Month,Fiber Optic,Bank Withdrawal,91.0,531.0,783.48,2,94,2283,1,Yes,Dissatisfaction,Service dissatisfaction,Normal
1285-OKIPP,Male,62,No,No,Yes,Mission Hills,California,1,0-12,Month-to-Month,Fiber Optic,Bank Withdrawal,79.9,79.9,103.1,2,91,3394,1,Yes,Attitude,Attitude of support person,Normal
7825-ECJRF,Female,43,No,No,Yes,Santa Clarita,California,19,13-24,Month-to-Month,Fiber Optic,Bank Withdrawal,106.6,1934.45,2491.38,1,71,3764,1,Yes,Dissatisfaction,Network reliability,Normal
7841-TZDMQ,Male,19,No,No,No,Sun Valley,California,2,0-12,Month-to-Month,DSL,Credit Card,46.0,84.5,184.12,3,76,2667,1,Yes,Other,Don't know,Normal
9408-SSNVZ,Female,39,No,No,Yes,Stevenson Ranch,California,4,0-12,Month-to-Month,Fiber Optic,Bank Withdrawal,70.15,268.35,364.26,2,67,2227,1,Yes,Other,Don't know,Normal
0742-MOABM,Male,50,No,Yes,No,Fallbrook,California,4,0-12,Month-to-Month,Cable,Credit Card,50.05,179.35,218.03,2,82,3394,1,Yes,Competitor,Competitor made better offer,Normal
2232-DMLXU,Female,22,No,Yes,No,Van Nuys,California,1,0-12,Month-to-Month,DSL,Credit Card,55.2,55.2,90.8,2,81,3638,1,Yes,Dissatisfaction,Poor expertise of online support,Normal
8937-RDTHP,Male,40,No,No,Yes,Burbank,California,1,0-12,Month-to-Month,Fiber Optic,Credit Card,84.6,84.6,111.45,2,66,2484,1,Yes,Dissatisfaction,Poor expertise of phone support,Normal
1251-KRREG,Male,22,No,No,No,North Hollywood,California,2,0-12,Month-to-Month,DSL,Credit Card,54.4,114.1,202.72,3,81,2556,1,Yes,Price,Price too high,Normal
0322-YINQP,Male,37,No,No,No,Covina,California,1,0-12,Month-to-Month,DSL,Credit Card,48.55,48.55,59.9,1,77,5687,1,Yes,Attitude,Attitude of support person,Normal
4629-NRXKX,Female,47,No,Yes,No,El Monte,California,2,0-12,Month-to-Month,Fiber Optic,Bank Withdrawal,70.4,147.15,239.61,1,75,5687,1,Yes,Dissatisfaction,Network reliability,Normal
4959-JOSRX,Female,41,No,Yes,No,La Puente,California,2,0-12,Month-to-Month,Cable,Credit Card,44.6,80.55,140.93,2,91,4884,1,Yes,Price,Lack of affordable download/upload speed,Normal
6323-AYBRX,Male,51,No,No,No,Ontario,California,59,49-72,Two Year,,Credit Card,19.35,1099.6,2656.55,3,83,5084,1,Yes,Price,Price too high,Normal
6366-ZGQGL,Male,60,No,No,No,Pomona,California,1,0-12,Month-to-Month,Cable,Bank Withdrawal,24.8,24.8,24.8,2,73,5087,1,Yes,Dissatisfaction,Service dissatisfaction,Normal
5940-AHUHD,Male,30,No,No,No,Pomona,California,1,0-12,Month-to-Month,Fiber Optic,Credit Card,70.6,70.6,115.19,2,69,3338,1,Yes,Attitude,Attitude of support person,Normal
6432-TWQLB,Male,51,No,Yes,No,Rosemead,California,5,0-12,Month-to-Month,Fiber Optic,Bank Withdrawal,85.4,401.1,567.1800000000001,3,80,3676,1,Yes,Dissatisfaction,Network reliability,Normal
4484-GLZOU,Female,20,No,Yes,No,San Dimas,California,52,49-72,Month-to-Month,Fiber Optic,Bank Withdrawal,105.05,5624.85,6147.93,2,65,4839,1,Yes,Other,Don't know,Normal
9512-UIBFX,Male,52,No,Yes,No,West Covina,California,18,13-24,Month-to-Month,Fiber Optic,Credit Card,95.15,1779.95,1796.96,3,68,4643,1,Yes,Other,Don't know,Normal
5583-SXDAG,Male,41,No,Yes,No,Alhambra,California,1,0-12,Month-to-Month,Fiber Optic,Bank Withdrawal,70.0,70.0,99.15,3,90,4094,1,Yes,Other,Don't know,Normal
3580-REOAC,Male,34,No,No,No,San Diego,California,10,0-12,Month-to-Month,DSL,Credit Card,44.85,435.4,931.2,2,83,4061,1,Yes,Competitor,Competitor made better offer,Normal
6390-DSAZX,Female,21,No,No,No,San Diego,California,1,0-12,Month-to-Month,Fiber Optic,Credit Card,73.6,73.6,79.78999999999999,1,80,2565,1,Yes,Competitor,Competitor made better offer,Normal
7563-BIUPC,Male,30,No,No,No,San Diego,California,5,0-12,Month-to-Month,Fiber Optic,Bank Withdrawal,80.6,415.55,448.01,2,69,5715,1,Yes,Competitor,Competitor made better offer,Normal
2321-OMBXY,Female,55,No,Yes,No,San Diego,California,38,25-48,One Year,DSL,Credit Card,80.3,3058.65,4659.97,1,81,2071,1,Yes,Other,Don't know,Normal
0122-OAHPZ,Female,29,No,No,No,San Diego,California,7,0-12,Month-to-Month,Fiber Optic,Bank Withdrawal,73.85,511.25,698.5600000000001,3,67,2473,1,Yes,Competitor,Competitor made better offer,Normal
2868-SNELZ,Female,54,No,No,No,San Diego,California,2,0-12,Month-to-Month,Fiber Optic,Credit Card,80.6,155.8,166.44,1,92,2683,1,Yes,Competitor,Competitor made better offer,Normal
4322-RCYMT,Male,63,No,Yes,No,San Diego,California,68,49-72,One Year,DSL,Bank Withdrawal,75.8,5293.95,7368.19,3,81,4903,1,Yes,Competitor,Competitor made better offer,Normal
6680-NENYN,Female,24,No,No,No,San Diego,California,43,25-48,Two Year,Fiber Optic,Bank Withdrawal,104.6,4759.85,5313.6900000000005,1,91,5250,1,Yes,Competitor,Competitor made better offer,Normal
1343-EHPYB,Male,61,No,Yes,No,San Diego,California,63,49-72,Month-to-Month,Fiber Optic,Bank Withdrawal,103.4,6603.0,9686.85,2,91,4352,1,Yes,Competitor,Competitor made better offer,Normal
2034-GDRCN,Female,47,No,No,No,San Diego,California,2,0-12,Month-to-Month,Fiber Optic,Bank Withdrawal,90.4,168.2,189.26,3,76,4157,1,Yes,Other,Don't know,Normal
0219-YTZUE,Male,26,No,Yes,No,San Diego,California,4,0-12,Month-to-Month,Fiber Optic,Bank Withdrawal,84.8,371.9,486.98,3,73,4939,1,Yes,Competitor,Competitor made better offer,Normal
4572-DVCGN,Female,40,No,No,No,San Diego,California,10,0-12,Month-to-Month,Fiber Optic,Bank Withdrawal,80.25,846.0,1117.0,3,85,3598,1,Yes,Competitor,Competitor made better offer,Normal
1010-DIAUQ,Male,54,No,No,No,San Diego,California,5,0-12,Month-to-Month,Fiber Optic,Bank Withdrawal,96.5,492.55,596.85,3,91,5383,1,Yes,Competitor,Competitor made better offer,Normal
0259-GBZSH,Male,22,No,No,No,San Diego,California,2,0-12,Month-to-Month,Cable,Bank Withdrawal,85.65,181.5,262.36,1,73,3878,1,Yes,Competitor,Competitor made better offer,Normal
9601-BRXPO,Female,48,No,Yes,No,San Diego,California,25,25-48,Month-to-Month,Fiber Optic,Bank Withdrawal,104.95,2566.5,2789.25,3,66,3642,1,Yes,Competitor,Competitor made better offer,Normal
6905-NIQIN,Male,26,No,No,No,San Diego,California,1,0-12,Month-to-Month,DSL,Credit Card,50.65,50.65,65.42999999999999,1,76,2431,1,Yes,Competitor,Competitor made better offer,Normal
5167-ZFFMM,Male,64,No,No,No,San Diego,California,1,0-12,Month-to-Month,Fiber Optic,Credit Card,90.85,90.85,99.41,3,81,3424,1,Yes,Competitor,Competitor made better offer,Normal
6599-CEBNN,Female,63,No,No,No,San Diego,California,34,25-48,Month-to-Month,Fiber Optic,Credit Card,73.95,2524.45,2577.15,3,94,5795,1,Yes,Competitor,Competitor made better offer,Normal
0979-PHULV,Male,30,No,Yes,No,San Diego,California,69,49-72,Month-to-Month,Fiber Optic,Credit Card,99.45,7007.6,10374.8,3,80,4020,1,Yes,Competitor,Competitor made better offer,Normal
4800-VHZKI,Female,59,No,No,No,San Diego,California,1,0-12,Month-to-Month,,Credit Card,19.9,19.9,56.53,3,92,3351,1,Yes,Competitor,Competitor made better offer,Normal
7989-CHGTL,Male,52,No,No,No,San Diego,California,1,0-12,Month-to-Month,,Credit Card,19.6,19.6,33.77,1,95,3448,1,Yes,Competitor,Competitor made better offer,Normal
0578-SKVMF,Female,23,No,Yes,No,Seeley,California,22,13-24,Month-to-Month,Cable,Bank Withdrawal,83.3,1845.9,1934.12,1,88,3804,1,Yes,Competitor,Competitor had better devices,Normal
9063-ZGTUY,Female,22,No,Yes,No,Adelanto,California,61,49-72,Month-to-Month,,Credit Card,19.4,1182.55,4005.02,3,82,4221,1,Yes,Price,Long distance charges,Normal
2957-LOLHO,Male,49,No,No,No,Fallbrook,California,12,0-12,Month-to-Month,DSL,Bank Withdrawal,45.4,518.9,652.3399999999999,3,68,2887,1,Yes,Competitor,Competitor made better offer,Normal
7752-XUSCI,Female,20,No,No,No,Crestline,California,60,49-72,Month-to-Month,Fiber Optic,Bank Withdrawal,105.9,6396.45,7038.45,2,84,4105,1,Yes,Other,Don't know,Normal
4110-PFEUZ,Female,54,No,No,No,Daggett,California,1,0-12,Month-to-Month,Fiber Optic,Credit Card,69.55,69.55,99.33,1,73,2792,1,Yes,Competitor,Competitor had better devices,Normal
0256-LTHVJ,Female,58,No,Yes,No,Ludlow,California,28,25-48,Month-to-Month,Fiber Optic,Bank Withdrawal,81.05,2227.1,2698.9,1,91,5201,1,Yes,Competitor,Competitor had better devices,Normal
0880-TKATG,Male,21,No,Yes,No,Lucerne Valley,California,4,0-12,Month-to-Month,Fiber Optic,Bank Withdrawal,101.15,385.9,424.14,1,84,4417,1,Yes,Competitor,Competitor had better devices,Normal
3811-VBYBZ,Male,61,No,No,No,Lytle Creek,California,7,0-12,Month-to-Month,Fiber Optic,Bank Withdrawal,99.8,673.25,1012.46,1,91,2031,1,Yes,Competitor,Competitor had better devices,Normal
4640-UHDOS,Female,60,No,Yes,No,Phelan,California,13,13-24,Month-to-Month,DSL,Bank Withdrawal,55.95,734.35,982.0,1,91,4498,1,Yes,Competitor,Competitor had better devices,Normal
3583-EKAPL,Male,25,No,No,No,Redlands,California,1,0-12,Month-to-Month,Cable,Bank Withdrawal,55.0,55.0,102.22,1,71,4877,1,Yes,Competitor,Competitor had better devices,Normal
9399-APLBT,Female,52,No,Yes,No,Rialto,California,1,0-12,Month-to-Month,Fiber Optic,Bank Withdrawal,74.7,74.7,96.61,1,80,5980,1,Yes,Competitor,Competitor had better devices,Normal
2359-KMGLI,Male,52,No,No,No,Running Springs,California,24,13-24,Month-to-Month,Fiber Optic,Bank Withdrawal,80.25,1861.5,3044.7,1,77,4418,1,Yes,Competitor,Competitor had better devices,Normal
0306-JAELE,Male,61,No,No,No,Fallbrook,California,5,0-12,Month-to-Month,Fiber Optic,Bank Withdrawal,96.1,453.4,608.8499999999999,1,66,4192,1,Yes,Competitor,Competitor made better offer,Normal
6227-HWPWX,Female,40,No,No,No,Victorville,California,15,13-24,Month-to-Month,Fiber Optic,Bank Withdrawal,69.0,994.8,1064.85,1,73,5671,1,Yes,Competitor,Competitor had better devices,Normal
0447-BEMNG,Female,28,No,Yes,No,Wrightwood,California,48,25-48,Month-to-Month,Cable,Bank Withdrawal,45.3,2145.0,2285.0,1,65,4926,1,Yes,Price,Price too high,Normal
5949-XIKAE,Female,32,No,Yes,No,San Bernardino,California,8,0-12,Month-to-Month,Cable,Bank Withdrawal,83.55,680.05,938.61,1,65,2879,1,Yes,Dissatisfaction,Product dissatisfaction,Normal
8372-JUXUI,Male,32,No,No,No,San Bernardino,California,1,0-12,Month-to-Month,Fiber Optic,Bank Withdrawal,74.35,74.35,88.36999999999999,1,93,2814,1,Yes,Competitor,Competitor had better devices,Normal
0388-EOPEX,Female,28,No,Yes,No,Riverside,California,2,0-12,Month-to-Month,Fiber Optic,Bank Withdrawal,74.4,139.4,158.98000000000002,1,77,4263,1,Yes,Attitude,Attitude of support person,Normal
8205-OTCHB,Male,51,No,No,No,Riverside,California,22,13-24,One Year,DSL,Bank Withdrawal,43.75,903.6,903.6,3,66,3099,1,Yes,Dissatisfaction,Network reliability,Normal
7783-YKGDV,Female,49,No,No,No,March Air Reserve Base,California,12,0-12,Month-to-Month,Fiber Optic,Bank Withdrawal,99.7,1238.45,1431.29,1,76,2538,1,Yes,Price,Lack of affordable download/upload speed,Normal
7218-HKQFK,Male,49,No,Yes,No,Homeland,California,2,0-12,Month-to-Month,Fiber Optic,Bank Withdrawal,94.2,167.5,205.08,2,72,3715,1,Yes,Other,Don't know,Normal
4636-QRJKY,Female,64,No,Yes,No,Idyllwild,California,6,0-12,Month-to-Month,Fiber Optic,Bank Withdrawal,80.5,502.85,719.5699999999999,3,91,5032,1,Yes,Price,Price too high,Normal
9412-GHEEC,Male,55,No,No,No,Murrieta,California,40,25-48,Month-to-Month,Fiber Optic,Bank Withdrawal,104.8,4131.95,5555.15,1,88,3492,1,Yes,Competitor,Competitor had better devices,Normal
6825-UYPFK,Female,47,No,No,No,Sun City,California,23,13-24,Month-to-Month,Fiber Optic,Bank Withdrawal,75.6,1758.6,2393.63,1,81,2115,1,Yes,Dissatisfaction,Network reliability,Normal
8397-MVTAZ,Male,22,No,Yes,No,Sun City,California,34,25-48,Month-to-Month,Fiber Optic,Bank Withdrawal,100.05,3480.0,4285.06,3,72,2568,1,Yes,Other,Poor expertise of online support,Normal
9282-IZGQK,Female,51,No,No,No,Irvine,California,1,0-12,Month-to-Month,Fiber Optic,Bank Withdrawal,85.0,85.0,115.52,3,80,5679,1,Yes,Other,Don't know,Normal
1342-JPNKI,Male,33,No,No,No,Lake Forest,California,10,0-12,Month-to-Month,Fiber Optic,Bank Withdrawal,86.05,834.1,893.3000000000001,3,85,2966,1,Yes,Other,Don't know,Normal
2817-NTQDO,Male,52,No,No,No,Huntington Beach,California,13,13-24,Month-to-Month,DSL,Credit Card,45.55,597.0,597.0,3,74,4856,1,Yes,Dissatisfaction,Poor expertise of online support,Normal
6986-IJDHX,Male,29,No,Yes,No,Huntington Beach,California,39,25-48,Month-to-Month,Fiber Optic,Credit Card,86.3,3266.0,4835.75,1,91,3364,1,Yes,Competitor,Competitor had better devices,Normal
5301-GAUUY,Male,31,No,No,No,Newport Beach,California,32,25-48,Month-to-Month,Fiber Optic,Bank Withdrawal,80.35,2596.15,2643.83,1,92,5974,1,Yes,Competitor,Competitor had better devices,Normal
0939-YAPAF,Female,44,No,No,No,Santa Ana,California,35,25-48,Month-to-Month,Fiber Optic,Bank Withdrawal,100.25,3527.6,3894.75,3,72,2744,1,Yes,Competitor,Competitor offered higher download speeds,Normal
4710-FDUIZ,Male,50,No,Yes,No,Santa Ana,California,56,49-72,One Year,Fiber Optic,Credit Card,100.3,5614.45,7178.849999999999,2,67,5170,1,Yes,Competitor,Competitor offered more data,Normal
1218-VKFPE,Female,48,No,Yes,No,Anaheim,California,12,0-12,Month-to-Month,,Credit Card,19.0,233.55,467.31,1,72,3535,1,Yes,Competitor,Competitor made better offer,Normal
3627-FHKBK,Female,28,No,No,No,Anaheim,California,1,0-12,Month-to-Month,Fiber Optic,Mailed Check,75.3,75.3,79.42999999999999,1,87,3244,1,Yes,Competitor,Competitor had better devices,Normal
0719-SYFRB,Female,52,No,No,No,Norco,California,12,0-12,Month-to-Month,DSL,Mailed Check,61.65,713.75,1148.63,1,67,5670,1,Yes,Competitor,Competitor offered higher download speeds,Normal
6543-CPZMK,Male,32,No,Yes,No,Ventura,California,9,0-12,Month-to-Month,DSL,Bank Withdrawal,29.95,248.95,258.95,2,83,2573,1,Yes,Competitor,Competitor offered more data,Normal
4765-OXPPD,Female,20,No,Yes,No,Ventura,California,9,0-12,Month-to-Month,Cable,Mailed Check,65.0,663.05,720.1999999999999,1,76,3983,1,Yes,Competitor,Competitor offered more data,Normal
1009-IRMNA,Female,27,No,No,No,Port Hueneme,California,7,0-12,Month-to-Month,,Bank Withdrawal,20.0,137.6,249.88,3,91,4479,1,Yes,Attitude,Attitude of support person,Normal
7207-RMRDB,Female,20,No,Yes,No,Santa Barbara,California,65,49-72,Month-to-Month,Fiber Optic,Bank Withdrawal,105.5,6985.65,9204.75,1,89,5720,1,Yes,Competitor,Competitor had better devices,Normal
0195-IESCP,Male,26,No,Yes,No,Armona,California,10,0-12,Month-to-Month,Fiber Optic,Bank Withdrawal,85.25,855.3,975.5,3,75,3573,1,Yes,Competitor,Competitor offered more data,Normal
4580-TMHJU,Female,57,No,Yes,No,Avenal,California,43,25-48,Month-to-Month,DSL,Bank Withdrawal,56.15,2499.3,4101.05,2,65,2152,1,Yes,Other,Don't know,Normal
0970-ETWGE,Male,38,No,No,No,Bodfish,California,1,0-12,Month-to-Month,Cable,Bank Withdrawal,89.55,89.55,132.01,2,91,4996,1,Yes,Competitor,Competitor had better devices,Normal
0887-HJGAR,Male,57,No,No,No,Coalinga,California,1,0-12,Month-to-Month,DSL,Mailed Check,45.7,45.7,51.25,3,95,2295,1,Yes,Competitor,Competitor offered higher download speeds,Normal
9576-ANLXO,Female,30,No,No,No,Earlimart,California,3,0-12,Month-to-Month,Fiber Optic,Bank Withdrawal,69.55,222.3,301.08000000000004,1,87,2876,1,Yes,Competitor,Competitor offered higher download speeds,Normal
2024-BASKD,Female,23,No,No,No,Exeter,California,1,0-12,Month-to-Month,Fiber Optic,Mailed Check,74.6,74.6,106.76,3,94,3860,1,Yes,Competitor,Competitor offered more data,Normal
4464-JCOLN,Male,40,No,Yes,No,Huron,California,2,0-12,One Year,,Mailed Check,19.85,35.9,66.18,3,68,2362,1,Yes,Attitude,Attitude of support person,Normal
5650-VDUDS,Female,48,No,No,No,Kernville,California,4,0-12,Month-to-Month,Cable,Mailed Check,24.25,96.05,96.05,2,93,2038,1,Yes,Competitor,Competitor made better offer,Normal
7538-GWHML,Female,52,No,No,No,Lemon Cove,California,2,0-12,Month-to-Month,Fiber Optic,Bank Withdrawal,69.65,145.15,160.43,2,80,2323,1,Yes,Competitor,Competitor made better offer,Normal
3859-CVCET,Female,47,No,No,No,Lindsay,California,4,0-12,Month-to-Month,DSL,Mailed Check,45.65,191.05,372.65,1,78,2864,1,Yes,Competitor,Competitor had better devices,Normal
3276-HDUEG,Female,23,No,No,No,Temecula,California,1,0-12,Month-to-Month,Fiber Optic,Mailed Check,75.05,75.05,107.91,2,78,4838,1,Yes,Competitor,Competitor made better offer,Normal
0822-GAVAP,Female,19,No,No,No,Posey,California,2,0-12,Month-to-Month,DSL,Bank Withdrawal,34.7,62.25,62.25,1,65,3146,1,Yes,Competitor,Competitor made better offer,Normal
1448-PWKYE,Male,48,No,Yes,No,Shafter,California,1,0-12,Month-to-Month,Cable,Bank Withdrawal,80.0,80.0,115.71,1,88,2046,1,Yes,Competitor,Competitor had better devices,Normal
2276-YDAVZ,Female,63,No,No,No,San Diego,California,3,0-12,Month-to-Month,Fiber Optic,Credit Card,75.1,270.7,350.26,3,92,4965,1,Yes,Competitor,Competitor made better offer,Normal
5896-NPFWW,Male,23,No,Yes,No,San Diego,California,3,0-12,Month-to-Month,Cable,Bank Withdrawal,50.15,168.15,208.77,1,93,3273,1,Yes,Competitor,Competitor made better offer,Normal
7133-VBDCG,Female,54,No,No,No,San Diego,California,25,25-48,Month-to-Month,Fiber Optic,Bank Withdrawal,79.85,2015.35,2685.6,2,91,4535,1,Yes,Competitor,Competitor made better offer,Normal
1029-QFBEN,Male,27,No,No,No,San Diego,California,1,0-12,Month-to-Month,,Mailed Check,19.55,19.55,57.99,2,95,3556,1,Yes,Competitor,Competitor made better offer,Normal
4952-YSOGZ,Female,48,No,Yes,No,San Diego,California,4,0-12,Month-to-Month,Fiber Optic,Bank Withdrawal,85.95,381.3,397.86,3,95,5640,1,Yes,Competitor,Competitor made better offer,Normal
1589-AGTLK,Male,26,No,No,No,San Diego,California,3,0-12,Month-to-Month,DSL,Bank Withdrawal,45.35,141.5,250.94,3,90,2450,1,Yes,Other,Don't know,Normal
6439-GTPCA,Female,29,No,No,No,San Diego,California,45,25-48,Month-to-Month,Cable,Bank Withdrawal,87.25,3941.7,4143.3,1,90,5269,1,Yes,Competitor,Competitor made better offer,Normal
5138-WVKYJ,Male,51,No,No,No,San Diego,California,10,0-12,Month-to-Month,Fiber Optic,Bank Withdrawal,98.55,1008.55,1284.25,1,93,3658,1,Yes,Competitor,Competitor made better offer,Normal
2189-WWOEW,Female,37,No,No,No,Keene,California,15,13-24,Month-to-Month,Fiber Optic,Bank Withdrawal,85.9,1269.55,1639.0,3,96,3579,1,Yes,Other,Don't know,Normal
1894-IGFSG,Female,38,No,No,No,Lancaster,California,22,13-24,Month-to-Month,Fiber Optic,Bank Withdrawal,89.25,1907.85,2304.07,1,82,3161,1,Yes,Competitor,Competitor had better devices,Normal
7379-POKDZ,Male,31,No,Yes,No,Lancaster,California,3,0-12,Month-to-Month,Fiber Optic,Bank Withdrawal,70.3,208.85,288.98,1,66,3038,1,Yes,Competitor,Competitor had better devices,Normal
0236-HFWSV,Male,49,No,No,No,Palmdale,California,15,13-24,Month-to-Month,Fiber Optic,Bank Withdrawal,93.35,1444.65,2178.6000000000004,1,77,5264,1,Yes,Competitor,Competitor had better devices,Normal
3900-AQPHZ,Female,45,No,No,No,Pearblossom,California,1,0-12,Month-to-Month,,Mailed Check,19.9,19.9,69.41,2,91,4248,1,Yes,Attitude,Attitude of support person,Normal
5842-POCOP,Female,37,No,Yes,No,Randsburg,California,5,0-12,Month-to-Month,Cable,Mailed Check,88.9,454.15,662.0,1,79,4356,1,Yes,Competitor,Competitor offered higher download speeds,Normal
2037-XJFUP,Male,24,No,Yes,No,Temecula,California,33,25-48,One Year,Fiber Optic,Bank Withdrawal,95.8,3036.75,4476.15,2,76,4161,1,Yes,Competitor,Competitor made better offer,Normal
7314-OXENN,Male,42,No,No,No,Temecula,California,2,0-12,Month-to-Month,Fiber Optic,Bank Withdrawal,82.0,184.65,267.01,3,90,3051,1,Yes,Competitor,Competitor made better offer,Normal
0322-CHQRU,Male,63,No,No,No,Palmdale,California,2,0-12,Month-to-Month,DSL,Bank Withdrawal,45.35,89.5,140.48,1,81,3478,1,Yes,Competitor,Competitor had better devices,Normal
4678-DVQEO,Female,41,No,No,No,Bass Lake,California,1,0-12,Month-to-Month,DSL,Bank Withdrawal,52.2,52.2,86.24000000000001,1,71,4138,1,Yes,Competitor,Competitor made better offer,Normal
3009-JWMPU,Male,58,No,No,No,Five Points,California,62,49-72,One Year,Fiber Optic,Bank Withdrawal,96.75,6125.4,7529.08,2,92,5016,1,Yes,Attitude,Attitude of service provider,Normal
1450-GALXR,Female,33,No,No,No,Friant,California,10,0-12,Month-to-Month,Fiber Optic,Bank Withdrawal,98.5,1058.25,1313.55,1,74,5184,1,Yes,Competitor,Competitor had better devices,Normal
3138-BKYAV,Male,61,No,No,No,Kerman,California,6,0-12,Month-to-Month,Fiber Optic,Bank Withdrawal,85.35,489.45,561.27,3,75,4694,1,Yes,Attitude,Attitude of service provider,Normal
4289-DTDKW,Male,54,No,Yes,No,Madera,California,40,25-48,Month-to-Month,Cable,Bank Withdrawal,101.3,4113.1,5015.5,1,70,2576,1,Yes,Competitor,Competitor had better devices,Normal
1820-TQVEV,Male,27,No,No,No,Madera,California,1,0-12,Month-to-Month,Fiber Optic,Bank Withdrawal,69.55,69.55,118.98,2,76,3042,1,Yes,Attitude,Attitude of support person,Normal
2239-JALAW,Male,20,No,No,No,Escondido,California,58,49-72,One Year,Fiber Optic,Bank Withdrawal,103.25,6017.65,8598.65,1,74,6105,1,Yes,Competitor,Competitor made better offer,Normal
4853-RULSV,Male,25,No,No,No,Miramonte,California,70,49-72,Two Year,Fiber Optic,Credit Card,104.0,7250.15,8103.45,1,80,4544,1,Yes,Attitude,Attitude of service provider,Normal
6275-YDUVO,Female,62,No,No,No,Orosi,California,2,0-12,Month-to-Month,Fiber Optic,Mailed Check,86.2,178.7,226.8,3,95,2969,1,Yes,Attitude,Attitude of service provider,Normal
0115-TFERT,Male,24,No,Yes,No,Fresno,California,21,13-24,Month-to-Month,Fiber Optic,Bank Withdrawal,111.2,2317.1,3198.56,3,89,4123,1,Yes,Attitude,Attitude of service provider,Normal
2311-QYMUQ,Female,41,No,Yes,No,San Joaquin,California,16,13-24,Month-to-Month,Fiber Optic,Credit Card,89.45,1430.25,1937.93,3,73,3696,1,Yes,Attitude,Attitude of support person,Normal
3104-OWCGK,Male,21,No,Yes,No,South Dos Palos,California,60,49-72,One Year,Fiber Optic,Bank Withdrawal,90.95,5453.4,7448.4,3,76,4111,1,Yes,Other,Moved,Normal
9101-BWFSS,Female,58,No,Yes,No,Tollhouse,California,50,49-72,One Year,Fiber Optic,Bank Withdrawal,108.55,5610.7,7082.2,2,82,4274,1,Yes,Other,Moved,Normal
6982-SSHFK,Male,45,No,No,No,Fresno,California,1,0-12,Month-to-Month,DSL,Mailed Check,44.4,44.4,76.84,1,89,3522,1,Yes,Competitor,Competitor had better devices,Normal
1038-ZAGBI,Female,59,No,Yes,No,Fresno,California,12,0-12,One Year,,Bank Withdrawal,19.8,229.6,681.4,3,94,2653,1,Yes,Attitude,Attitude of support person,Normal
3027-ZTDHO,Male,21,No,No,No,Fresno,California,1,0-12,Month-to-Month,Fiber Optic,Bank Withdrawal,89.9,89.9,122.75,1,80,5951,1,Yes,Other,Don't know,Normal
2382-BCKQJ,Female,41,No,No,No,Escondido,California,62,49-72,One Year,Fiber Optic,Bank Withdrawal,100.15,6413.65,8433.609999999999,3,91,5600,1,Yes,Competitor,Competitor made better offer,Normal
2207-NHRJK,Male,58,No,No,No,Carmel,California,1,0-12,Month-to-Month,DSL,Bank Withdrawal,50.8,50.8,52.08,1,85,3718,1,Yes,Competitor,Competitor had better devices,Normal
9944-HKVVB,Female,55,No,No,No,King City,California,3,0-12,Month-to-Month,Cable,Bank Withdrawal,95.1,307.4,450.26,1,77,5861,1,Yes,Competitor,Competitor had better devices,Normal
4124-MMETB,Male,52,No,No,No,Lockwood,California,22,13-24,Month-to-Month,Fiber Optic,Credit Card,94.65,2104.55,3162.71,2,85,3665,1,Yes,Competitor,Competitor offered higher download speeds,Normal
3671-SHRSP,Male,46,No,Yes,No,Marina,California,4,0-12,Month-to-Month,Fiber Optic,Mailed Check,80.6,319.15,376.35,3,86,3080,1,Yes,Competitor,Competitor offered more data,Normal
3313-QKNKB,Male,24,No,Yes,No,Pebble Beach,California,59,49-72,One Year,Fiber Optic,Bank Withdrawal,85.55,5084.65,5492.339999999999,3,80,6304,1,Yes,Competitor,Competitor offered more data,Normal
5073-WXOYN,Female,58,No,No,No,Belmont,California,60,49-72,Month-to-Month,Cable,Bank Withdrawal,50.8,3027.4,3027.4,2,67,4941,1,Yes,Competitor,Competitor offered more data,Normal
0207-MDKNV,Female,54,No,No,No,Daly City,California,15,13-24,Month-to-Month,Fiber Optic,Bank Withdrawal,105.1,1582.75,1918.6,1,84,2122,1,Yes,Competitor,Competitor made better offer,Normal
9851-KIELU,Male,53,No,No,No,Loma Mar,California,10,0-12,Month-to-Month,Fiber Optic,Bank Withdrawal,110.1,1043.3,1223.6,1,76,5803,1,Yes,Competitor,Competitor made better offer,Normal
3908-BLSYF,Female,40,No,No,No,Los Altos,California,6,0-12,Month-to-Month,Fiber Optic,Bank Withdrawal,83.9,497.55,653.13,1,90,3962,1,Yes,Competitor,Competitor had better devices,Normal
7549-MYGPK,Female,48,No,Yes,No,Mountain View,California,63,49-72,Month-to-Month,Fiber Optic,Bank Withdrawal,100.55,6215.35,6781.09,2,79,5413,1,Yes,Price,Price too high,Normal
3804-RVTGV,Male,55,No,Yes,No,Mountain View,California,50,49-72,Month-to-Month,Fiber Optic,Bank Withdrawal,103.85,5017.9,7128.4,2,91,5812,1,Yes,Price,Price too high,Normal
9227-LUNBG,Female,39,No,No,No,Pescadero,California,1,0-12,Month-to-Month,DSL,Bank Withdrawal,24.6,24.6,24.6,2,76,5768,1,Yes,Price,Price too high,Normal
4315-MURBD,Female,64,No,No,No,San Bruno,California,12,0-12,Month-to-Month,Cable,Bank Withdrawal,98.9,1120.95,1539.99,1,71,5559,1,Yes,Price,Price too high,Normal
9734-YWGEX,Female,27,No,No,No,South San Francisco,California,9,0-12,Month-to-Month,Fiber Optic,Credit Card,98.3,923.5,1272.34,2,81,2954,1,Yes,Price,Price too high,Normal
2719-BDAQO,Male,36,No,No,No,Sunnyvale,California,17,13-24,Month-to-Month,Fiber Optic,Bank Withdrawal,93.85,1625.65,1702.3200000000002,1,93,4940,1,Yes,Price,Price too high,Normal
9625-QSTYE,Female,37,No,No,No,San Francisco,California,13,13-24,Month-to-Month,Fiber Optic,Bank Withdrawal,81.15,952.3,1002.22,1,79,4806,1,Yes,Competitor,Competitor had better devices,Normal
6400-BWQKW,Female,51,No,No,No,San Mateo,California,6,0-12,Month-to-Month,Fiber Optic,Bank Withdrawal,79.05,434.5,552.94,1,91,3263,1,Yes,Dissatisfaction,Network reliability,Normal
6680-WKXRZ,Female,32,No,No,No,Antioch,California,3,0-12,Month-to-Month,Fiber Optic,Bank Withdrawal,74.4,215.8,287.26,3,90,2054,1,Yes,Other,Don't know,Normal
9448-REEVD,Male,21,No,Yes,No,Concord,California,1,0-12,Month-to-Month,DSL,Credit Card,44.7,44.7,76.78,3,74,3700,1,Yes,Other,Don't know,Normal
9117-SHLZX,Male,36,No,No,No,Fremont,California,1,0-12,Month-to-Month,DSL,Mailed Check,45.7,45.7,56.11,3,72,3571,1,Yes,Dissatisfaction,Poor expertise of phone support,Normal
4541-RMRLG,Male,53,No,No,No,Hayward,California,7,0-12,Month-to-Month,,Bank Withdrawal,19.25,112.3,176.28,3,82,4489,1,Yes,Attitude,Attitude of support person,Normal
3158-MOERK,Female,57,No,No,No,Hayward,California,2,0-12,Month-to-Month,Fiber Optic,Bank Withdrawal,96.0,174.8,271.48,2,83,3391,1,Yes,Competitor,Competitor offered more data,Normal
7294-TMAOP,Female,30,No,No,No,Castro Valley,California,1,0-12,Month-to-Month,Fiber Optic,Bank Withdrawal,90.55,90.55,165.99,2,72,2627,1,Yes,Competitor,Competitor made better offer,Normal
2834-JRTUA,Male,30,No,No,No,Martinez,California,71,49-72,Two Year,Fiber Optic,Bank Withdrawal,108.05,7532.15,11040.97,1,81,5200,1,Yes,Competitor,Competitor had better devices,Normal
5875-YPQFJ,Male,51,No,No,No,Fremont,California,1,0-12,Month-to-Month,Fiber Optic,Bank Withdrawal,69.9,69.9,115.56,3,84,5367,1,Yes,Competitor,Competitor offered higher download speeds,Normal
8603-IJWDN,Male,41,No,No,No,Pinole,California,1,0-12,Month-to-Month,Fiber Optic,Bank Withdrawal,86.6,86.6,92.03,3,93,5228,1,Yes,Competitor,Competitor offered higher download speeds,Normal
3842-IYKUE,Female,28,No,No,No,San Leandro,California,35,25-48,Month-to-Month,Fiber Optic,Credit Card,85.3,2917.5,4603.51,2,88,2455,1,Yes,Competitor,Competitor offered more data,Normal
6641-XRPSU,Female,61,No,No,No,San Lorenzo,California,34,25-48,Month-to-Month,Fiber Optic,Credit Card,70.0,2416.1,2563.54,2,93,2318,1,Yes,Competitor,Competitor offered more data,Normal
8357-EQXFO,Female,46,No,No,No,Union City,California,7,0-12,Month-to-Month,Fiber Optic,Bank Withdrawal,95.35,660.9,965.13,2,92,3077,1,Yes,Competitor,Competitor made better offer,Normal
9524-EGPJC,Female,33,No,No,No,Walnut Creek,California,18,13-24,Month-to-Month,Fiber Optic,Bank Withdrawal,90.1,1612.75,2180.27,1,80,4260,1,Yes,Competitor,Competitor offered higher download speeds,Normal
6993-OHLXR,Female,26,No,No,No,Walnut Creek,California,2,0-12,Month-to-Month,Fiber Optic,Bank Withdrawal,68.95,119.75,181.21,1,84,5225,1,Yes,Competitor,Competitor had better devices,Normal
8818-XYFCQ,Male,39,No,Yes,No,Walnut Creek,California,32,25-48,Month-to-Month,Fiber Optic,Credit Card,99.55,3204.65,4353.07,1,71,5026,1,Yes,Competitor,Competitor made better offer,Normal
4695-VADHF,Male,53,No,Yes,No,Oakland,California,18,13-24,Month-to-Month,DSL,Bank Withdrawal,57.45,990.85,1026.6,1,84,2989,1,Yes,Competitor,Competitor had better devices,Normal
3863-IUBJR,Male,27,No,Yes,No,Oakland,California,12,0-12,One Year,DSL,Credit Card,53.65,696.35,1030.19,1,78,2595,1,Yes,Competitor,Competitor had better devices,Normal
8436-BJUMM,Male,62,No,Yes,No,Albany,California,26,25-48,Month-to-Month,Cable,Bank Withdrawal,83.75,2070.6,3004.0,3,84,2404,1,Yes,Competitor,Competitor offered higher download speeds,Normal
9948-YPTDG,Male,44,No,Yes,No,San Rafael,California,38,25-48,Month-to-Month,Fiber Optic,Bank Withdrawal,79.45,3013.05,4396.87,1,85,2405,1,Yes,Competitor,Competitor offered more data,Normal
4883-QICIH,Male,37,No,Yes,No,Bodega Bay,California,32,25-48,Month-to-Month,Fiber Optic,Bank Withdrawal,69.75,2347.9,2519.91,2,96,2356,1,Yes,Other,Don't know,Normal
8329-IBCTI,Female,50,No,No,No,Cotati,California,1,0-12,Month-to-Month,,Mailed Check,19.65,19.65,25.73,3,91,5881,1,Yes,Competitor,Competitor made better offer,Normal
5669-SRAIP,Female,55,No,No,No,Larkspur,California,5,0-12,Month-to-Month,DSL,Bank Withdrawal,39.5,210.75,171.48,2,93,2863,1,Yes,Competitor,Competitor offered higher download speeds,Normal
5981-ITEMU,Male,58,No,Yes,No,Marshall,California,40,25-48,Month-to-Month,Fiber Optic,Bank Withdrawal,97.1,3706.95,4318.3,3,67,3099,1,Yes,Competitor,Competitor offered more data,Normal
6941-PMGEP,Female,26,No,No,No,Novato,California,5,0-12,Month-to-Month,Fiber Optic,Bank Withdrawal,80.0,412.5,602.45,3,90,3937,1,Yes,Competitor,Competitor made better offer,Normal
1624-WOIWJ,Female,40,No,No,No,Nicasio,California,10,0-12,Month-to-Month,Fiber Optic,Mailed Check,84.7,832.05,1276.14,1,69,5686,1,Yes,Competitor,Competitor had better devices,Normal
2074-GKOWZ,Male,49,No,Yes,No,Novato,California,2,0-12,Month-to-Month,Fiber Optic,Bank Withdrawal,89.55,185.55,203.27,1,73,3851,1,Yes,Competitor,Competitor had better devices,Normal
0376-YMCJC,Male,21,No,No,No,Novato,California,23,13-24,Month-to-Month,Cable,Bank Withdrawal,90.6,1943.2,2828.34,2,82,4359,1,Yes,Competitor,Competitor offered higher download speeds,Normal
0634-SZPQA,Female,64,No,No,No,San Anselmo,California,23,13-24,Month-to-Month,Fiber Optic,Bank Withdrawal,90.05,2169.8,2224.07,2,67,4650,1,Yes,Competitor,Competitor offered higher download speeds,Normal
5536-RTPWK,Male,54,No,Yes,No,Sausalito,California,49,49-72,Month-to-Month,Fiber Optic,Bank Withdrawal,99.05,4853.75,5843.030000000001,2,91,5157,1,Yes,Competitor,Competitor offered higher download speeds,Normal
6166-ILMNY,Female,46,No,No,No,Tomales,California,2,0-12,Month-to-Month,Fiber Optic,Bank Withdrawal,69.75,144.55,197.43,1,68,5667,1,Yes,Competitor,Competitor had better devices,Normal
3097-NNSPB,Female,42,No,No,No,Valley Ford,California,2,0-12,Month-to-Month,DSL,Credit Card,49.05,91.1,160.5,1,91,2960,1,Yes,Competitor,Competitor had better devices,Normal
0655-RBDUG,Male,32,No,No,No,Alviso,California,7,0-12,Month-to-Month,Fiber Optic,Bank Withdrawal,98.05,713.0,777.75,1,86,2561,1,Yes,Competitor,Competitor had better devices,Normal
4361-BKAXE,Female,23,No,No,No,Boulder Creek,California,41,25-48,Month-to-Month,Fiber Optic,Bank Withdrawal,114.5,4527.45,5411.41,1,80,3038,1,Yes,Competitor,Competitor made better offer,Normal
9878-TNQGW,Male,51,No,No,No,Davenport,California,2,0-12,Month-to-Month,Fiber Optic,Bank Withdrawal,80.95,171.15,205.81,3,65,3533,1,Yes,Competitor,Competitor made better offer,Normal
4607-CHPCA,Male,63,No,Yes,No,San Martin,California,25,25-48,One Year,Fiber Optic,Bank Withdrawal,90.4,2178.6,3200.35,3,91,5801,1,Yes,Competitor,Competitor made better offer,Normal
8824-RWFXJ,Male,21,No,Yes,No,Santa Cruz,California,3,0-12,Month-to-Month,Cable,Mailed Check,56.15,168.15,256.02,1,83,2539,1,Yes,Competitor,Competitor had better devices,Normal
9763-PDTKK,Female,59,No,No,No,San Jose,California,4,0-12,Month-to-Month,Fiber Optic,Bank Withdrawal,94.4,387.2,545.92,1,74,4249,1,Yes,Competitor,Competitor had better devices,Normal
7627-JKIAZ,Female,62,No,Yes,No,San Jose,California,37,25-48,Month-to-Month,Fiber Optic,Credit Card,78.95,2839.65,4226.780000000001,3,90,3982,1,Yes,Competitor,Competitor offered higher download speeds,Normal
4081-DYXAV,Female,27,No,No,No,San Jose,California,19,13-24,One Year,DSL,Credit Card,44.85,893.55,893.55,3,72,5182,1,Yes,Competitor,Competitor offered higher download speeds,Normal
0927-LCSMG,Male,23,No,No,No,San Jose,California,7,0-12,Month-to-Month,Fiber Optic,Mailed Check,74.65,544.55,705.6099999999999,3,75,3331,1,Yes,Competitor,Competitor offered more data,Normal
8257-RZAHR,Female,51,No,Yes,No,San Jose,California,14,13-24,Month-to-Month,DSL,Bank Withdrawal,64.7,941.0,1226.6,1,86,4049,1,Yes,Competitor,Competitor offered more data,Normal
0841-NULXI,Male,38,No,No,No,Stockton,California,1,0-12,Month-to-Month,DSL,Bank Withdrawal,35.55,35.55,35.55,1,71,3958,1,Yes,Other,Don't know,Normal
7851-WZEKY,Female,32,No,No,No,Stockton,California,2,0-12,Month-to-Month,Fiber Optic,Bank Withdrawal,95.15,196.9,273.92,2,82,2414,1,Yes,Competitor,Competitor made better offer,Normal
8844-TONUD,Male,54,No,Yes,No,Acampo,California,13,13-24,Month-to-Month,Fiber Optic,Mailed Check,96.65,1162.85,1755.65,1,75,5295,1,Yes,Competitor,Competitor had better devices,Normal
5868-CZJDR,Male,41,No,No,No,Linden,California,1,0-12,Month-to-Month,DSL,Mailed Check,31.35,31.35,111.35,2,85,3605,1,Yes,Attitude,Attitude of service provider,Normal
0135-NMXAP,Female,57,No,No,No,Lodi,California,12,0-12,Month-to-Month,Fiber Optic,Bank Withdrawal,89.75,1052.4,1224.96,3,90,5671,1,Yes,Attitude,Attitude of support person,Normal
6270-OMFIW,Male,33,No,Yes,No,Valley Springs,California,60,49-72,One Year,Cable,Bank Withdrawal,94.4,5610.25,8454.25,2,91,4990,1,Yes,Attitude,Attitude of support person,Normal
0107-WESLM,Male,32,No,No,No,West Point,California,1,0-12,Month-to-Month,,Bank Withdrawal,19.85,19.85,51.620000000000005,2,66,3874,1,Yes,Attitude,Attitude of support person,Normal
3992-YWPKO,Female,55,No,No,No,Atwater,California,6,0-12,Month-to-Month,Fiber Optic,Credit Card,109.9,669.45,791.61,1,69,5750,1,Yes,Competitor,Competitor had better devices,Normal
0125-LZQXK,Male,42,No,No,No,Big Oak Flat,California,15,13-24,Month-to-Month,Fiber Optic,Bank Withdrawal,101.35,1553.95,2242.75,2,91,3025,1,Yes,Attitude,Attitude of service provider,Normal
5673-FSSMF,Female,19,No,No,No,Delhi,California,1,0-12,Month-to-Month,Cable,Bank Withdrawal,60.15,60.15,113.63,3,91,4611,1,Yes,Attitude,Attitude of support person,Normal
1579-KLYDT,Male,31,No,No,No,Hickman,California,7,0-12,Month-to-Month,Fiber Optic,Bank Withdrawal,90.45,593.45,844.82,2,91,5356,1,Yes,Competitor,Competitor made better offer,Normal
3927-NLNRY,Male,48,No,Yes,No,Long Barn,California,53,49-72,One Year,Fiber Optic,Bank Withdrawal,94.25,4867.95,5703.76,3,96,5414,1,Yes,Other,Moved,Normal
6358-LYNGM,Male,26,No,No,No,Mariposa,California,1,0-12,Month-to-Month,Fiber Optic,Bank Withdrawal,74.9,74.9,76.74000000000001,3,84,2548,1,Yes,Other,Moved,Normal
5494-HECPR,Female,34,No,No,No,Mi Wuk Village,California,1,0-12,Month-to-Month,Fiber Optic,Bank Withdrawal,80.25,80.25,113.17,2,69,2502,1,Yes,Other,Moved,Normal
9824-BEMCV,Male,58,No,Yes,No,Modesto,California,17,13-24,Month-to-Month,Fiber Optic,Bank Withdrawal,69.0,1149.65,1914.14,2,77,3368,1,Yes,Competitor,Competitor offered higher download speeds,Normal
1373-ORVIZ,Female,62,No,Yes,No,Modesto,California,11,0-12,Month-to-Month,DSL,Bank Withdrawal,66.35,740.8,913.39,1,91,2860,1,Yes,Competitor,Competitor had better devices,Normal
9866-QEVEE,Male,58,No,No,No,Modesto,California,19,13-24,Month-to-Month,Fiber Optic,Bank Withdrawal,86.0,1532.45,1950.24,1,91,4857,1,Yes,Competitor,Competitor had better devices,Normal
9897-KXHCM,Female,37,No,Yes,No,Modesto,California,3,0-12,Month-to-Month,Fiber Optic,Bank Withdrawal,80.3,250.05,395.19000000000005,1,72,3212,1,Yes,Competitor,Competitor offered higher download speeds,Normal
7979-CORPM,Male,40,No,No,No,Oakdale,California,24,13-24,Month-to-Month,Fiber Optic,Credit Card,90.55,2282.55,3144.87,2,67,5927,1,Yes,Other,Don't know,Normal
1618-CFHME,Female,30,No,No,No,Riverbank,California,2,0-12,Month-to-Month,Fiber Optic,Bank Withdrawal,75.9,143.35,197.09,1,86,2101,1,Yes,Other,Don't know,Normal
3165-HDOEW,Male,47,No,Yes,No,Salida,California,1,0-12,Month-to-Month,DSL,Credit Card,45.85,45.85,60.75,2,73,3706,1,Yes,Other,Don't know,Normal
6581-NQCBA,Female,36,No,Yes,No,Snelling,California,16,13-24,Month-to-Month,DSL,Bank Withdrawal,49.95,810.2,810.2,1,78,4840,1,Yes,Other,Don't know,Normal
1689-MRZQR,Male,36,No,Yes,No,Turlock,California,34,25-48,Month-to-Month,Fiber Optic,Bank Withdrawal,78.3,2564.3,3021.6000000000004,3,77,2777,1,Yes,Other,Don't know,Normal
5835-BEQEU,Male,44,No,No,No,Escondido,California,3,0-12,Month-to-Month,Fiber Optic,Bank Withdrawal,76.95,228.4,353.54,2,92,4428,1,Yes,Competitor,Competitor made better offer,Normal
5552-ZNFSJ,Male,49,No,No,No,Santa Rosa,California,1,0-12,Month-to-Month,DSL,Bank Withdrawal,45.3,45.3,79.66999999999999,3,66,4568,1,Yes,Other,Poor expertise of online support,Normal
2223-KAGMX,Female,47,No,No,No,Santa Rosa,California,15,13-24,Month-to-Month,,Bank Withdrawal,19.4,289.3,786.4000000000001,1,87,5379,1,Yes,Price,Long distance charges,Normal
7321-PKUYW,Female,46,No,No,No,Branscomb,California,11,0-12,Month-to-Month,Cable,Bank Withdrawal,90.15,987.95,1233.91,1,66,5250,1,Yes,Competitor,Competitor had better devices,Normal
2833-SLKDQ,Male,23,No,No,No,Caspar,California,1,0-12,Month-to-Month,Cable,Credit Card,45.05,45.05,93.08,1,91,4094,1,Yes,Competitor,Competitor had better devices,Normal
7595-EUIVN,Female,53,No,No,No,Clearlake,California,1,0-12,Month-to-Month,Fiber Optic,Bank Withdrawal,75.8,75.8,90.28,1,70,3940,1,Yes,Competitor,Competitor had better devices,Normal
2026-TGDHM,Female,54,No,No,No,Cloverdale,California,7,0-12,Month-to-Month,Fiber Optic,Bank Withdrawal,79.3,523.15,667.62,1,69,3830,1,Yes,Competitor,Competitor had better devices,Normal
4030-VPZBD,Female,53,No,No,No,Comptche,California,2,0-12,Month-to-Month,DSL,Bank Withdrawal,30.9,59.05,59.05,2,91,2860,1,Yes,Dissatisfaction,Network reliability,Normal
2408-TZMJL,Male,43,No,Yes,No,Gualala,California,59,49-72,One Year,Fiber Optic,Bank Withdrawal,110.15,6448.05,7787.94,1,90,4601,1,Yes,Dissatisfaction,Network reliability,Normal
7993-PYKOF,Male,20,No,Yes,No,Rio Nido,California,8,0-12,Month-to-Month,Fiber Optic,Bank Withdrawal,75.0,632.95,675.6700000000001,1,80,2587,1,Yes,Dissatisfaction,Network reliability,Normal
5027-XWQHA,Male,35,No,No,No,Ukiah,California,6,0-12,Month-to-Month,Cable,Bank Withdrawal,44.75,270.95,527.91,2,78,2087,1,Yes,Dissatisfaction,Network reliability,Normal
4566-QVRRW,Female,41,No,Yes,No,Witter Springs,California,11,0-12,Month-to-Month,DSL,Bank Withdrawal,44.05,483.7,756.8299999999999,1,84,3200,1,Yes,Competitor,Competitor had better devices,Normal
0201-OAMXR,Female,30,No,No,No,Mckinleyville,California,70,49-72,One Year,Fiber Optic,Credit Card,115.55,8127.6,8842.300000000001,1,87,4838,1,Yes,Dissatisfaction,Network reliability,Normal
7831-QGOXH,Female,27,No,No,No,Blue Lake,California,18,13-24,Month-to-Month,Fiber Optic,Bank Withdrawal,85.2,1553.9,1993.1,3,77,3326,1,Yes,Other,Don't know,Normal
6393-WRYZE,Female,35,No,Yes,No,Bridgeville,California,34,25-48,Month-to-Month,Fiber Optic,Bank Withdrawal,97.65,3207.55,4680.77,2,87,3979,1,Yes,Other,Don't know,Normal
6599-RCLCJ,Male,54,No,Yes,No,Fallbrook,California,47,25-48,Month-to-Month,Fiber Optic,Bank Withdrawal,109.55,5124.55,5482.6900000000005,2,90,5863,1,Yes,Competitor,Competitor made better offer,Normal
9831-BPFRI,Female,50,No,Yes,No,Ferndale,California,39,25-48,One Year,Fiber Optic,Bank Withdrawal,89.55,3474.45,4851.93,2,65,3849,1,Yes,Dissatisfaction,Poor expertise of online support,Normal
1725-MIMXW,Male,42,No,No,No,Honeydew,California,1,0-12,Month-to-Month,,Credit Card,19.45,19.45,68.41,2,78,5687,1,Yes,Dissatisfaction,Poor expertise of phone support,Normal
0031-PVLZI,Female,34,No,Yes,No,Korbel,California,4,0-12,Month-to-Month,,Credit Card,20.35,76.35,126.07,1,81,4133,1,Yes,Price,Long distance charges,Normal
4791-QRGMF,Male,33,No,Yes,No,Miranda,California,59,49-72,One Year,Fiber Optic,Bank Withdrawal,99.5,5961.1,6595.9400000000005,3,76,6098,1,Yes,Competitor,Competitor offered more data,Normal
4671-LXRDQ,Male,44,No,No,No,Salyer,California,2,0-12,Month-to-Month,Cable,Credit Card,45.0,96.45,160.95,1,93,5704,1,Yes,Competitor,Competitor had better devices,Normal
1934-SJVJK,Male,35,No,No,No,Smith River,California,1,0-12,Month-to-Month,,Credit Card,20.15,20.15,60.66,2,70,4103,1,Yes,Price,Long distance charges,Normal
3838-OZURD,Male,28,No,Yes,No,Somes Bar,California,66,49-72,Month-to-Month,Fiber Optic,Credit Card,105.0,7133.25,7613.73,1,96,5723,1,Yes,Competitor,Competitor had better devices,Normal
9269-CQOOL,Male,58,No,No,No,Trinidad,California,3,0-12,Month-to-Month,DSL,Credit Card,54.7,169.45,178.08999999999995,1,66,3335,1,Yes,Competitor,Competitor had better devices,Normal
2845-HSJCY,Female,49,No,Yes,No,Fallbrook,California,14,13-24,Month-to-Month,Fiber Optic,Bank Withdrawal,87.25,1258.6,1667.12,2,78,4786,1,Yes,Competitor,Competitor made better offer,Normal
1184-PJVDB,Male,38,No,Yes,No,Amador City,California,10,0-12,Month-to-Month,Fiber Optic,Bank Withdrawal,79.95,857.2,970.2,1,68,5640,1,Yes,Competitor,Competitor had better devices,Normal
9415-DPEWS,Female,47,No,No,No,Carmichael,California,18,13-24,Month-to-Month,Fiber Optic,Bank Withdrawal,88.35,1639.3,1867.36,3,96,5727,1,Yes,Competitor,Competitor offered more data,Normal
7943-RQCHR,Female,34,No,No,No,Davis,California,9,0-12,Month-to-Month,Fiber Optic,Bank Withdrawal,94.75,889.9,1010.53,2,83,2893,1,Yes,Competitor,Competitor offered more data,Normal
3249-ZPQRG,Male,28,No,No,No,Diamond Springs,California,4,0-12,Month-to-Month,Fiber Optic,Bank Withdrawal,78.45,330.05,498.29,1,67,5048,1,Yes,Competitor,Competitor made better offer,Normal
2568-BRGYX,Male,43,No,No,No,Dixon,California,4,0-12,Month-to-Month,Fiber Optic,Bank Withdrawal,70.2,237.95,290.03,1,92,5094,1,Yes,Competitor,Competitor had better devices,Normal
7721-JXEAW,Male,23,No,Yes,No,Elk Grove,California,59,49-72,Month-to-Month,DSL,Bank Withdrawal,41.05,2452.7,2452.7,2,70,4324,1,Yes,Competitor,Competitor offered higher download speeds,Normal
7249-WBIYX,Male,63,No,Yes,No,Elmira,California,10,0-12,Month-to-Month,Cable,Bank Withdrawal,85.6,813.85,1114.85,2,70,5146,1,Yes,Competitor,Competitor offered more data,Normal
3164-AALRN,Male,39,No,No,No,Greenwood,California,5,0-12,One Year,DSL,Credit Card,70.0,347.4,583.65,2,77,2673,1,Yes,Competitor,Competitor had better devices,Normal
3334-CTHOL,Female,51,No,No,No,Jackson,California,1,0-12,Month-to-Month,Cable,Bank Withdrawal,49.95,49.95,93.44,2,71,2041,1,Yes,Competitor,Competitor had better devices,Normal
4704-ERYFC,Female,19,No,Yes,No,Knights Landing,California,22,13-24,Month-to-Month,Fiber Optic,Bank Withdrawal,69.25,1554.0,2260.42,1,85,2159,1,Yes,Competitor,Competitor offered higher download speeds,Normal
0471-LVHGK,Male,34,No,Yes,No,Orangevale,California,41,25-48,One Year,DSL,Bank Withdrawal,73.0,3001.2,3653.51,2,86,2041,1,Yes,Competitor,Competitor offered higher download speeds,Normal
9518-RWHZL,Female,39,No,No,No,Penryn,California,64,49-72,One Year,Fiber Optic,Credit Card,100.05,6254.2,8054.519999999999,1,69,5452,1,Yes,Competitor,Competitor had better devices,Normal
6240-EURKS,Female,27,No,No,No,Plymouth,California,18,13-24,Month-to-Month,DSL,Bank Withdrawal,35.0,553.0,623.0,2,76,2649,1,Yes,Competitor,Competitor offered more data,Normal
6960-HVYXR,Female,20,No,No,No,Rio Linda,California,1,0-12,Month-to-Month,Fiber Optic,Bank Withdrawal,76.0,76.0,111.01,1,72,2567,1,Yes,Competitor,Competitor made better offer,Normal
7861-UVUFT,Female,36,No,Yes,No,Sloughhouse,California,15,13-24,Month-to-Month,Cable,Bank Withdrawal,84.3,1308.4,1732.9,1,86,4003,1,Yes,Competitor,Competitor had better devices,Normal
0680-DFNNY,Male,62,No,Yes,No,Winters,California,15,13-24,Month-to-Month,Fiber Optic,Bank Withdrawal,101.1,1504.05,2114.55,2,90,2055,1,Yes,Competitor,Competitor offered more data,Normal
7767-UXAGJ,Male,37,No,No,No,Colfax,California,1,0-12,Month-to-Month,Cable,Bank Withdrawal,50.45,50.45,78.7,3,68,2928,1,Yes,Competitor,Competitor made better offer,Normal
1571-SAVHK,Male,20,No,No,No,Meadow Vista,California,12,0-12,Month-to-Month,Fiber Optic,Credit Card,99.95,1132.75,1590.67,1,80,5598,1,Yes,Competitor,Competitor had better devices,Normal
9546-CQJSU,Female,50,No,No,No,Soda Springs,California,2,0-12,Month-to-Month,Fiber Optic,Bank Withdrawal,91.4,193.6,272.84,1,80,5100,1,Yes,Competitor,Competitor had better devices,Normal
2951-QOQTK,Male,28,No,No,No,Sacramento,California,4,0-12,Month-to-Month,Fiber Optic,Credit Card,80.8,332.45,501.77,2,72,5436,1,Yes,Competitor,Competitor offered higher download speeds,Normal
3473-XIIIT,Female,61,No,Yes,No,Sacramento,California,16,13-24,Month-to-Month,Cable,Bank Withdrawal,100.0,1534.75,2140.03,1,68,3794,1,Yes,Competitor,Competitor had better devices,Normal
7893-IXHRQ,Male,53,No,No,No,Sacramento,California,1,0-12,Month-to-Month,,Bank Withdrawal,20.55,20.55,36.46,2,87,5636,1,Yes,Attitude,Attitude of service provider,Normal
2952-QAYZF,Male,30,No,No,No,Sacramento,California,5,0-12,Month-to-Month,Fiber Optic,Bank Withdrawal,85.3,424.15,606.75,1,81,2264,1,Yes,Competitor,Competitor had better devices,Normal
4763-PGDPO,Female,19,No,No,No,Sacramento,California,4,0-12,Month-to-Month,Fiber Optic,Bank Withdrawal,70.4,281.0,515.48,1,88,4494,1,Yes,Competitor,Competitor had better devices,Normal
5394-SVGJV,Male,27,No,No,No,Sacramento,California,37,25-48,Month-to-Month,Fiber Optic,Bank Withdrawal,98.8,3475.55,4612.1900000000005,1,82,3066,1,Yes,Competitor,Competitor made better offer,Normal
9283-LZQOH,Male,36,No,Yes,No,Antelope,California,13,13-24,Month-to-Month,Fiber Optic,Credit Card,74.4,896.75,934.71,1,89,3687,1,Yes,Competitor,Competitor made better offer,Normal
7079-QRCBC,Female,35,No,No,No,Sacramento,California,24,13-24,Month-to-Month,Fiber Optic,Bank Withdrawal,98.75,2407.3,3311.86,1,85,4016,1,Yes,Competitor,Competitor had better devices,Normal
5469-CTCWN,Male,52,No,Yes,No,Arbuckle,California,61,49-72,One Year,Cable,Bank Withdrawal,106.0,6547.7,9411.65,1,92,4334,1,Yes,Competitor,Competitor offered higher download speeds,Normal
9851-QXEEQ,Male,21,No,No,No,Bangor,California,41,25-48,Month-to-Month,Fiber Optic,Bank Withdrawal,104.7,4346.4,6303.74,1,84,3316,1,Yes,Competitor,Competitor had better devices,Normal
5208-HFSBT,Female,47,No,No,No,Challenge,California,2,0-12,Month-to-Month,DSL,Credit Card,55.05,102.75,187.85,1,81,5855,1,Yes,Competitor,Competitor had better devices,Normal
2667-WYLWJ,Female,44,No,Yes,No,Dunnigan,California,8,0-12,One Year,,Credit Card,19.75,145.0,514.04,3,89,2247,1,Yes,Price,Long distance charges,Normal
1092-GANHU,Male,62,No,No,No,Magalia,California,17,13-24,Month-to-Month,Fiber Optic,Bank Withdrawal,76.65,1313.55,1833.92,2,87,3182,1,Yes,Competitor,Competitor offered more data,Normal
7881-EVUAD,Female,49,No,No,No,Oroville,California,2,0-12,Month-to-Month,DSL,Bank Withdrawal,42.6,72.4,72.4,2,79,4648,1,Yes,Competitor,Competitor offered more data,Normal
5766-XQXMQ,Female,45,No,No,No,Princeton,California,29,25-48,Month-to-Month,DSL,Bank Withdrawal,68.85,1970.5,2000.08,1,79,5449,1,Yes,Competitor,Competitor made better offer,Normal
3703-VAVCL,Male,51,No,Yes,No,Strawberry Valley,California,2,0-12,Month-to-Month,Fiber Optic,Credit Card,90.0,190.05,283.89,2,91,3902,1,Yes,Competitor,Competitor made better offer,Normal
8519-QJGJD,Female,42,No,No,No,Twain,California,14,13-24,Month-to-Month,Cable,Bank Withdrawal,75.35,1025.95,1288.31,2,71,4995,1,Yes,Attitude,Attitude of service provider,Normal
6326-MTTXK,Male,56,No,No,No,Yuba City,California,8,0-12,Month-to-Month,Fiber Optic,Bank Withdrawal,100.85,819.55,845.7099999999999,2,90,3849,1,Yes,Attitude,Attitude of service provider,Normal
0330-IVZHA,Female,55,No,Yes,No,Anderson,California,5,0-12,Month-to-Month,Fiber Optic,Bank Withdrawal,69.95,330.15,415.55,2,81,2969,1,Yes,Attitude,Attitude of service provider,Normal
2886-KEFUM,Female,50,No,Yes,No,Big Bend,California,63,49-72,One Year,Fiber Optic,Bank Withdrawal,107.5,6873.75,7055.34,3,96,6144,1,Yes,Attitude,Attitude of support person,Normal
4237-RLAQD,Male,58,No,No,No,Callahan,California,1,0-12,Month-to-Month,Cable,Credit Card,45.85,45.85,90.6,2,94,5930,1,Yes,Attitude,Attitude of support person,Normal
9651-GTSAQ,Female,44,No,Yes,No,Corning,California,53,49-72,One Year,Fiber Optic,Bank Withdrawal,106.1,5769.75,7364.52,3,94,4471,1,Yes,Attitude,Attitude of support person,Normal
3186-BAXNB,Female,20,No,No,No,Cottonwood,California,1,0-12,Month-to-Month,Fiber Optic,Bank Withdrawal,91.7,91.7,108.93,3,71,4319,1,Yes,Attitude,Attitude of service provider,Normal
0637-YLETY,Female,39,No,No,No,Douglas City,California,16,13-24,Month-to-Month,Fiber Optic,Credit Card,95.6,1555.65,1859.49,1,96,5915,1,Yes,Attitude,Attitude of service provider,Normal
1157-BQCUW,Male,59,No,No,No,Fall River Mills,California,1,0-12,Month-to-Month,Fiber Optic,Bank Withdrawal,74.95,74.95,105.02,1,82,2591,1,Yes,Competitor,Competitor had better devices,Normal
2003-CKLOR,Male,62,No,No,No,Igo,California,66,49-72,Month-to-Month,Cable,Bank Withdrawal,99.5,6710.5,8414.62,2,73,4001,1,Yes,Other,Moved,Normal
9254-RBFON,Female,38,No,Yes,No,Klamath River,California,17,13-24,One Year,Fiber Optic,Bank Withdrawal,98.6,1704.95,1796.75,2,91,5160,1,Yes,Competitor,Competitor had better devices,Normal
1205-WNWPJ,Female,54,No,No,No,Lakehead,California,7,0-12,Month-to-Month,DSL,Credit Card,59.5,415.95,431.63,3,91,4661,1,Yes,Other,Moved,Normal
8387-MOJJT,Female,53,No,Yes,No,Nubieber,California,42,25-48,Month-to-Month,Fiber Optic,Credit Card,77.95,3384.0,4812.84,1,82,5396,1,Yes,Competitor,Competitor made better offer,Normal
6032-KRXXO,Male,33,No,No,No,San Diego,California,30,25-48,Month-to-Month,Fiber Optic,Bank Withdrawal,90.25,2755.35,3657.15,2,84,5654,1,Yes,Competitor,Competitor made better offer,Normal
7459-RRWQZ,Female,51,No,No,No,San Diego,California,15,13-24,Month-to-Month,DSL,Bank Withdrawal,64.65,994.55,1708.1,1,89,4780,1,Yes,Competitor,Competitor made better offer,Normal
3092-IGHWF,Male,34,No,Yes,No,San Diego,California,67,49-72,One Year,Cable,Bank Withdrawal,87.4,5918.8,7821.6,2,65,4421,1,Yes,Competitor,Competitor made better offer,Normal
6352-TWCAU,Female,32,No,No,No,San Diego,California,35,25-48,Month-to-Month,Fiber Optic,Bank Withdrawal,86.45,3029.1,3696.55,1,68,5874,1,Yes,Competitor,Competitor made better offer,Normal
2929-QNSRW,Female,21,No,Yes,No,San Diego,California,56,49-72,One Year,Fiber Optic,Bank Withdrawal,98.25,5508.35,6731.31,1,90,4886,1,Yes,Competitor,Competitor made better offer,Normal
1262-OPMFY,Female,46,No,Yes,No,San Diego,California,9,0-12,Month-to-Month,Fiber Optic,Bank Withdrawal,75.75,655.9,941.65,3,92,5105,1,Yes,Competitor,Competitor made better offer,Normal
1899-VXWXM,Male,55,No,No,No,San Diego,California,48,25-48,One Year,Fiber Optic,Credit Card,106.1,5082.8,6269.84,1,89,5898,1,Yes,Other,Don't know,Normal
3331-HQDTW,Female,23,No,No,No,San Diego,California,34,25-48,Month-to-Month,Fiber Optic,Credit Card,109.8,3587.25,3858.91,1,89,3410,1,Yes,Competitor,Competitor made better offer,Normal
5442-XSDCW,Male,61,No,Yes,No,San Diego,California,11,0-12,Month-to-Month,Fiber Optic,Bank Withdrawal,79.5,868.5,1065.13,1,91,3469,1,Yes,Competitor,Competitor made better offer,Normal
3049-NDXFL,Female,30,No,No,No,San Diego,California,1,0-12,Month-to-Month,Fiber Optic,Credit Card,85.8,85.8,120.27,3,89,2850,1,Yes,Competitor,Competitor made better offer,Normal
7963-GQRMY,Female,19,No,Yes,No,Los Angeles,California,3,0-12,Month-to-Month,DSL,Credit Card,44.3,134.5,267.88,2,88,4903,1,Yes,Price,Extra data charges,Normal
1228-FZFRV,Male,37,No,Yes,No,Los Angeles,California,50,49-72,Month-to-Month,Fiber Optic,Credit Card,105.95,5341.8,6385.8,1,79,5536,1,Yes,Price,Extra data charges,Normal
2058-DCJBE,Male,32,No,No,No,Los Angeles,California,5,0-12,Month-to-Month,Fiber Optic,Bank Withdrawal,69.75,324.6,480.3,1,91,3965,1,Yes,Competitor,Competitor had better devices,Normal
5364-XYIRR,Male,44,No,Yes,No,Los Angeles,California,51,49-72,Month-to-Month,Fiber Optic,Bank Withdrawal,94.65,4812.75,5887.83,1,91,4747,1,Yes,Competitor,Competitor had better devices,Normal
4829-AUOAX,Female,57,No,No,No,Los Angeles,California,46,25-48,Month-to-Month,Cable,Bank Withdrawal,96.05,4399.5,4763.78,2,77,2712,1,Yes,Price,Extra data charges,Normal
9158-VCTQB,Female,41,No,Yes,No,Los Angeles,California,41,25-48,Month-to-Month,Fiber Optic,Bank Withdrawal,113.6,4594.95,4800.36,1,96,4963,1,Yes,Price,Extra data charges,Normal
6311-UEUME,Female,37,No,No,No,Los Angeles,California,29,25-48,Month-to-Month,Fiber Optic,Bank Withdrawal,78.9,2384.15,3669.72,2,90,3249,1,Yes,Price,Extra data charges,Normal
6839-ITVZJ,Female,35,No,Yes,No,Los Angeles,California,26,25-48,Month-to-Month,DSL,Bank Withdrawal,60.05,1616.15,2196.73,2,71,2039,1,Yes,Other,Don't know,Normal
0375-HVGXO,Female,31,No,No,No,Los Angeles,California,1,0-12,Month-to-Month,DSL,Bank Withdrawal,34.7,34.7,34.7,3,81,4476,1,Yes,Other,Don't know,Normal
8593-WHYHV,Male,46,No,No,No,Los Angeles,California,3,0-12,Month-to-Month,Fiber Optic,Bank Withdrawal,85.3,264.8,307.64,1,67,4934,1,Yes,Other,Don't know,Normal
6097-EQISJ,Female,41,No,Yes,No,Los Angeles,California,66,49-72,One Year,Fiber Optic,Credit Card,102.45,6615.15,9963.97,1,82,4688,1,Yes,Competitor,Competitor had better devices,Normal
4423-YLHDV,Female,22,No,Yes,No,Los Angeles,California,21,13-24,Month-to-Month,Fiber Optic,Bank Withdrawal,104.4,2200.25,3009.17,1,67,5570,1,Yes,Attitude,Attitude of support person,Normal
0107-YHINA,Male,59,No,No,No,Los Angeles,California,1,0-12,Month-to-Month,Fiber Optic,Bank Withdrawal,99.75,99.75,140.46,1,93,4214,1,Yes,Competitor,Competitor had better devices,Normal
8640-SDGKB,Male,39,No,No,No,Los Angeles,California,4,0-12,Month-to-Month,DSL,Bank Withdrawal,74.4,299.7,415.26,2,69,3633,1,Yes,Attitude,Attitude of support person,Normal
4116-TZAQJ,Female,23,No,No,No,Culver City,California,9,0-12,Month-to-Month,Fiber Optic,Credit Card,74.25,639.65,764.39,1,76,5393,1,Yes,Attitude,Attitude of support person,Normal
3877-JRJIP,Male,50,No,No,No,Hawthorne,California,1,0-12,Month-to-Month,Cable,Bank Withdrawal,59.85,59.85,81.9,2,71,4017,1,Yes,Attitude,Attitude of support person,Normal
7511-YMXVQ,Male,54,No,No,No,Lynwood,California,9,0-12,Month-to-Month,Cable,Bank Withdrawal,45.4,418.8,438.8,1,81,5028,1,Yes,Competitor,Competitor had better devices,Normal
7551-JOHTI,Female,54,No,No,No,Malibu,California,1,0-12,Month-to-Month,,Credit Card,19.5,19.5,51.95,2,77,5211,1,Yes,Attitude,Attitude of support person,Normal
9804-ICWBG,Male,56,No,No,No,Pacific Palisades,California,1,0-12,Month-to-Month,Fiber Optic,Bank Withdrawal,69.9,69.9,115.4,2,88,3349,1,Yes,Attitude,Attitude of support person,Normal
5318-IXUZF,Female,50,No,No,No,Redondo Beach,California,2,0-12,Month-to-Month,Fiber Optic,Bank Withdrawal,87.15,183.75,196.15,2,72,4149,1,Yes,Other,Don't know,Normal
3198-VELRD,Female,47,No,Yes,No,Marina Del Rey,California,3,0-12,Month-to-Month,Fiber Optic,Bank Withdrawal,84.75,264.85,379.12,1,91,2014,1,Yes,Competitor,Competitor had better devices,Normal
9436-ZBZCT,Male,40,No,No,No,Inglewood,California,14,13-24,Month-to-Month,Cable,Bank Withdrawal,89.95,1178.4,1579.5,2,90,5463,1,Yes,Attitude,Attitude of support person,Normal
7198-GLXTC,Male,33,No,No,No,La Palma,California,2,0-12,Month-to-Month,Fiber Optic,Bank Withdrawal,79.0,143.65,240.97,3,92,5239,1,Yes,Attitude,Attitude of support person,Normal
0516-VRYBW,Female,39,No,No,No,Stanton,California,18,13-24,One Year,,Bank Withdrawal,20.15,390.85,551.95,3,85,4931,1,Yes,Attitude,Attitude of support person,Normal
8380-PEFPE,Male,60,No,No,No,Avalon,California,1,0-12,Month-to-Month,Fiber Optic,Bank Withdrawal,71.65,71.65,89.19,1,93,2377,1,Yes,Competitor,Competitor had better devices,Normal
5687-DKDTV,Female,35,No,No,No,Bellflower,California,4,0-12,Month-to-Month,,Credit Card,20.35,77.5,228.14,3,76,5984,1,Yes,Attitude,Attitude of support person,Normal
7530-HDYDS,Female,26,No,No,No,Lakewood,California,38,25-48,Month-to-Month,Fiber Optic,Credit Card,84.25,3264.5,3935.58,2,70,2885,1,Yes,Attitude,Attitude of support person,Normal
3096-IZETN,Female,32,No,No,No,Lomita,California,12,0-12,Month-to-Month,Fiber Optic,Bank Withdrawal,78.1,947.3,1457.9,3,89,4741,1,Yes,Attitude,Attitude of support person,Normal
5922-ABDVO,Female,20,No,Yes,No,Seal Beach,California,19,13-24,Month-to-Month,Fiber Optic,Credit Card,89.65,1761.05,2253.54,3,74,3046,1,Yes,Attitude,Attitude of support person,Normal
9172-ANCRX,Female,35,No,No,No,Carson,California,10,0-12,Month-to-Month,Fiber Optic,Bank Withdrawal,98.7,973.25,1346.85,1,68,5561,1,Yes,Attitude,Attitude of support person,Normal
6910-HADCM,Female,63,No,No,No,Long Beach,California,1,0-12,Month-to-Month,Cable,Bank Withdrawal,76.35,76.35,83.61,2,67,5613,1,Yes,Attitude,Attitude of support person,Normal
4816-LXZYW,Female,51,No,No,No,Long Beach,California,23,13-24,Month-to-Month,Fiber Optic,Bank Withdrawal,79.15,1676.95,2446.07,1,68,5216,1,Yes,Competitor,Competitor had better devices,Normal
4911-BANWH,Female,44,No,No,No,Sunland,California,31,25-48,Month-to-Month,Fiber Optic,Credit Card,86.55,2697.4,3732.18,3,74,4198,1,Yes,Attitude,Attitude of support person,Normal
8496-EJAUI,Male,47,No,No,No,Tujunga,California,19,13-24,Month-to-Month,Fiber Optic,Credit Card,73.85,1424.5,1588.51,3,89,2251,1,Yes,Attitude,Attitude of support person,Normal
6365-MTGZX,Male,44,No,No,No,Glendale,California,24,13-24,Month-to-Month,Fiber Optic,Bank Withdrawal,96.0,2122.45,2716.69,1,71,3068,1,Yes,Competitor,Competitor had better devices,Normal
1349-WXNGG,Male,57,No,No,No,Glendale,California,1,0-12,Month-to-Month,,Bank Withdrawal,20.05,20.05,32.05,2,66,4710,1,Yes,Attitude,Attitude of support person,Normal
6990-YNRIO,Male,53,No,Yes,No,Agoura Hills,California,65,49-72,Two Year,Fiber Optic,Bank Withdrawal,108.65,6937.95,9660.15,1,79,6120,1,Yes,Attitude,Attitude of support person,Normal
0621-TWIEM,Male,28,No,No,No,Newhall,California,10,0-12,Month-to-Month,Cable,Bank Withdrawal,45.55,402.6,747.0,1,67,4097,1,Yes,Attitude,Attitude of support person,Normal
2485-ITVKB,Female,36,No,Yes,No,Northridge,California,2,0-12,Month-to-Month,DSL,Bank Withdrawal,35.1,68.75,78.75,2,78,2643,1,Yes,Attitude,Attitude of support person,Normal
3669-OYSJI,Male,47,No,No,No,Porter Ranch,California,1,0-12,Month-to-Month,DSL,Credit Card,46.2,46.2,94.78,2,76,4167,1,Yes,Attitude,Attitude of support person,Normal
1612-EOHDH,Female,29,No,No,No,Pacoima,California,1,0-12,Month-to-Month,DSL,Bank Withdrawal,45.15,45.15,76.07,3,89,5828,1,Yes,Attitude,Attitude of support person,Normal
7517-SAWMO,Female,31,No,Yes,No,Granada Hills,California,19,13-24,Month-to-Month,Fiber Optic,Bank Withdrawal,73.2,1441.1,1930.35,2,90,4718,1,Yes,Attitude,Attitude of support person,Normal
4143-HHPMK,Male,46,No,No,No,Mission Hills,California,52,49-72,Month-to-Month,Fiber Optic,Bank Withdrawal,85.35,4338.6,6931.360000000001,3,91,6402,1,Yes,Attitude,Attitude of support person,Normal
7054-LGEQW,Female,23,No,No,No,Canyon Country,California,1,0-12,Month-to-Month,DSL,Credit Card,45.95,45.95,51.07,2,69,4888,1,Yes,Attitude,Attitude of support person,Normal
0923-PNFUB,Female,55,No,No,No,Westlake Village,California,3,0-12,Month-to-Month,Fiber Optic,Bank Withdrawal,83.75,247.25,386.33,2,65,4852,1,Yes,Attitude,Attitude of support person,Normal
3494-JCHRQ,Male,38,No,No,No,Van Nuys,California,1,0-12,Month-to-Month,Fiber Optic,Bank Withdrawal,70.05,70.05,97.94,2,69,2699,1,Yes,Attitude,Attitude of support person,Normal
6474-FVJLC,Male,61,No,No,No,Sherman Oaks,California,2,0-12,Month-to-Month,Fiber Optic,Bank Withdrawal,86.0,165.45,252.39,2,77,4546,1,Yes,Attitude,Attitude of support person,Normal
4547-LYTDD,Female,35,No,No,No,North Hollywood,California,16,13-24,Month-to-Month,Fiber Optic,Bank Withdrawal,72.65,1194.3,1946.14,1,73,2850,1,Yes,Competitor,Competitor had better devices,Normal
6770-XUAGN,Female,30,No,Yes,No,North Hollywood,California,1,0-12,Month-to-Month,,Bank Withdrawal,21.0,21.0,37.66,2,90,3753,1,Yes,Attitude,Attitude of support person,Normal
3143-ILDAL,Male,21,No,No,No,El Monte,California,56,49-72,Month-to-Month,Fiber Optic,Bank Withdrawal,94.45,5124.6,6547.56,3,96,4830,1,Yes,Attitude,Attitude of support person,Normal
4720-VSTSI,Female,54,No,No,No,Monterey Park,California,44,25-48,Month-to-Month,Fiber Optic,Bank Withdrawal,84.8,3862.55,5630.030000000001,2,66,3997,1,Yes,Attitude,Attitude of support person,Normal
3946-MHCZW,Male,50,No,No,No,Ontario,California,1,0-12,Month-to-Month,DSL,Credit Card,50.9,50.9,57.85,1,83,5111,1,Yes,Attitude,Attitude of support person,Normal
6651-AZVTJ,Male,27,No,Yes,No,Pomona,California,49,49-72,Month-to-Month,Fiber Optic,Bank Withdrawal,99.8,4872.45,7302.51,1,83,6088,1,Yes,Attitude,Attitude of support person,Normal
4566-GOLUK,Male,43,No,Yes,No,Rosemead,California,47,25-48,Month-to-Month,Fiber Optic,Bank Withdrawal,107.35,5118.95,6892.73,2,91,3620,1,Yes,Attitude,Attitude of support person,Normal
2484-DGXPZ,Female,45,No,Yes,No,San Dimas,California,31,25-48,Month-to-Month,,Credit Card,19.55,658.95,1591.12,3,67,2687,1,Yes,Attitude,Attitude of support person,Normal
4587-NUKOX,Female,60,No,No,No,Walnut,California,3,0-12,Month-to-Month,Fiber Optic,Bank Withdrawal,79.1,246.5,343.79,1,74,5339,1,Yes,Attitude,Attitude of support person,Normal
0420-BWTPW,Male,40,No,No,No,San Diego,California,8,0-12,Month-to-Month,DSL,Mailed Check,25.5,215.2,215.2,2,78,5578,1,Yes,Attitude,Attitude of support person,Normal
8183-ONMXC,Female,41,No,No,No,San Diego,California,2,0-12,Month-to-Month,Fiber Optic,Bank Withdrawal,80.75,159.45,169.67,3,87,2176,1,Yes,Competitor,Competitor made better offer,Normal
9614-RMGHA,Male,29,No,Yes,No,San Diego,California,65,49-72,Month-to-Month,Fiber Optic,Bank Withdrawal,91.85,5940.85,8329.6,3,82,5530,1,Yes,Competitor,Competitor made better offer,Normal
5054-IEXZT,Male,41,No,No,No,San Diego,California,1,0-12,Month-to-Month,Fiber Optic,Bank Withdrawal,75.35,75.35,118.17,3,90,5284,1,Yes,Competitor,Competitor made better offer,Normal
5834-ASPWA,Male,55,No,No,No,San Diego,California,1,0-12,Month-to-Month,Fiber Optic,Bank Withdrawal,75.45,75.45,87.03,3,74,5518,1,Yes,Competitor,Competitor made better offer,Normal
3948-XHGNA,Male,35,No,No,No,San Diego,California,24,13-24,Month-to-Month,DSL,Bank Withdrawal,49.55,1210.4,1555.7600000000002,1,80,5005,1,Yes,Other,Don't know,Normal
0565-IYCGT,Male,51,No,No,No,San Diego,California,69,49-72,One Year,DSL,Credit Card,78.6,5356.45,7383.67,1,93,6230,1,Yes,Competitor,Competitor made better offer,Normal
5445-UTODQ,Female,35,No,Yes,No,San Diego,California,7,0-12,Month-to-Month,Fiber Optic,Bank Withdrawal,81.1,576.65,657.71,2,87,3238,1,Yes,Competitor,Competitor made better offer,Normal
1024-VRZHF,Male,39,No,Yes,No,San Diego,California,11,0-12,Month-to-Month,Fiber Optic,Bank Withdrawal,74.95,825.7,1063.08,1,70,2044,1,Yes,Competitor,Competitor made better offer,Normal
0348-SDKOL,Female,33,No,Yes,No,San Diego,California,58,49-72,Month-to-Month,Fiber Optic,Credit Card,102.1,5885.4,6188.98,2,96,4415,1,Yes,Competitor,Competitor made better offer,Normal
4373-MAVJG,Female,64,No,Yes,No,San Diego,California,14,13-24,Month-to-Month,Fiber Optic,Bank Withdrawal,90.9,1259.0,1449.96,2,70,5148,1,Yes,Competitor,Competitor made better offer,Normal
8901-HJXTF,Female,46,No,Yes,No,San Diego,California,12,0-12,Month-to-Month,DSL,Mailed Check,29.2,309.1,309.1,1,94,3747,1,Yes,Competitor,Competitor made better offer,Normal
5419-KLXBN,Female,36,No,Yes,No,San Diego,California,25,25-48,Month-to-Month,Fiber Optic,Bank Withdrawal,89.15,2257.75,2873.75,2,90,5853,1,Yes,Competitor,Competitor made better offer,Normal
9828-AOQLM,Female,37,No,Yes,No,San Diego,California,1,0-12,Month-to-Month,DSL,Bank Withdrawal,45.7,45.7,58.5,1,91,3187,1,Yes,Competitor,Competitor made better offer,Normal
7615-ESMYF,Female,23,No,Yes,No,San Diego,California,2,0-12,Month-to-Month,Cable,Bank Withdrawal,44.6,97.1,97.1,3,70,5482,1,Yes,Competitor,Competitor made better offer,Normal
3858-VOBET,Male,48,No,No,No,San Diego,California,23,13-24,Month-to-Month,Cable,Bank Withdrawal,74.95,1710.45,2372.85,3,89,5897,1,Yes,Competitor,Competitor made better offer,Normal
1447-PJGGA,Female,39,No,No,No,San Diego,California,57,49-72,Two Year,Fiber Optic,Bank Withdrawal,95.25,5464.65,6465.0,1,93,5789,1,Yes,Competitor,Competitor made better offer,Normal
8565-CLBZW,Male,23,No,No,No,San Diego,California,24,13-24,Month-to-Month,Fiber Optic,Mailed Check,89.85,2165.05,2836.33,3,95,2050,1,Yes,Competitor,Competitor made better offer,Normal
9139-WQQDY,Female,35,No,Yes,No,San Diego,California,49,49-72,One Year,Fiber Optic,Mailed Check,100.45,4941.8,6233.93,3,90,4235,1,Yes,Other,Poor expertise of online support,Normal
0224-HJAPT,Male,25,No,No,No,San Diego,California,5,0-12,Month-to-Month,Cable,Bank Withdrawal,47.15,223.15,333.20000000000005,2,82,2857,1,Yes,Competitor,Competitor made better offer,Normal
8086-OVPWV,Male,58,No,No,No,San Diego,California,2,0-12,Month-to-Month,Fiber Optic,Bank Withdrawal,80.2,181.1,244.04,1,91,2384,1,Yes,Competitor,Competitor made better offer,Normal
9430-FRQOC,Female,33,No,No,No,San Diego,California,4,0-12,Month-to-Month,Fiber Optic,Mailed Check,87.1,341.45,471.29,2,80,5587,1,Yes,Competitor,Competitor made better offer,Normal
3074-GQWYX,Male,30,No,No,No,San Diego,California,5,0-12,Month-to-Month,Fiber Optic,Bank Withdrawal,75.9,357.75,592.15,2,87,3520,1,Yes,Competitor,Competitor made better offer,Normal
6845-RGTYS,Female,29,No,Yes,No,San Diego,California,47,25-48,Month-to-Month,Fiber Optic,Bank Withdrawal,98.75,4533.7,4668.59,1,80,4622,1,Yes,Competitor,Competitor made better offer,Normal
8861-HGGKB,Female,57,No,No,No,San Diego,California,10,0-12,Month-to-Month,Fiber Optic,Bank Withdrawal,86.45,830.85,1007.35,2,80,5699,1,Yes,Competitor,Competitor made better offer,Normal
7065-YUNRY,Female,28,No,No,No,San Diego,California,1,0-12,Month-to-Month,Cable,Mailed Check,45.3,45.3,85.24,1,69,3049,1,Yes,Competitor,Competitor made better offer,Normal
7694-VLBWQ,Male,61,No,Yes,No,Coronado,California,67,49-72,One Year,Fiber Optic,Bank Withdrawal,104.1,7040.85,7588.91,2,74,4857,1,Yes,Dissatisfaction,Product dissatisfaction,Normal
6481-OGDOO,Male,31,No,Yes,No,San Diego,California,67,49-72,One Year,Fiber Optic,Credit Card,90.6,6056.15,8116.4,1,73,4394,1,Yes,Competitor,Competitor made better offer,Normal
3753-TSEMP,Female,21,No,Yes,No,San Diego,California,15,13-24,Month-to-Month,Fiber Optic,Bank Withdrawal,88.15,1390.6,1574.65,1,79,2524,1,Yes,Dissatisfaction,Product dissatisfaction,Normal
8305-VHZBZ,Male,55,No,No,No,San Diego,California,1,0-12,Month-to-Month,,Mailed Check,20.2,20.2,33.47,1,92,4325,1,Yes,Price,Long distance charges,Normal
9172-JITSM,Female,47,No,Yes,No,Palm Desert,California,26,25-48,Month-to-Month,Fiber Optic,Bank Withdrawal,90.8,2361.8,2761.42,1,75,2641,1,Yes,Other,Don't know,Normal
6298-QDFNH,Male,48,No,No,No,Banning,California,22,13-24,Month-to-Month,Fiber Optic,Bank Withdrawal,79.35,1730.35,2152.53,1,68,4718,1,Yes,Dissatisfaction,Product dissatisfaction,Normal
6173-ITPWD,Male,26,No,Yes,No,Heber,California,47,25-48,Month-to-Month,Fiber Optic,Bank Withdrawal,83.35,4065.0,5029.38,1,91,2516,1,Yes,Dissatisfaction,Product dissatisfaction,Normal
9734-UYXQI,Female,27,No,No,No,Fallbrook,California,2,0-12,Month-to-Month,Cable,Bank Withdrawal,49.4,106.55,156.20999999999998,1,90,5115,1,Yes,Competitor,Competitor made better offer,Normal
2189-UXTKY,Female,27,No,Yes,No,La Quinta,California,22,13-24,Month-to-Month,DSL,Bank Withdrawal,79.2,1742.75,2031.17,1,91,3410,1,Yes,Dissatisfaction,Product dissatisfaction,Normal
4958-GZWIY,Male,61,No,Yes,No,North Palm Springs,California,7,0-12,Month-to-Month,DSL,Bank Withdrawal,48.7,340.25,376.16,2,91,2984,1,Yes,Other,Don't know,Normal
6356-ELRKD,Female,29,No,No,No,Rancho Mirage,California,1,0-12,Month-to-Month,Fiber Optic,Bank Withdrawal,95.6,95.6,102.27,2,79,4091,1,Yes,Other,Don't know,Normal
8624-GIOUT,Female,40,No,No,No,Seeley,California,49,49-72,Month-to-Month,DSL,Credit Card,59.75,2934.3,4691.93,1,78,6006,1,Yes,Other,Don't know,Normal
3177-LASXD,Female,43,No,No,No,Westmorland,California,1,0-12,Month-to-Month,Cable,Bank Withdrawal,71.35,71.35,111.75,3,77,2619,1,Yes,Dissatisfaction,Poor expertise of phone support,Normal
4897-QSUYC,Female,42,No,No,No,Amboy,California,1,0-12,Month-to-Month,,Mailed Check,20.15,20.15,41.74,3,86,4939,1,Yes,Attitude,Attitude of support person,Normal
1084-UQCHV,Male,35,No,No,No,Angelus Oaks,California,1,0-12,Month-to-Month,Fiber Optic,Bank Withdrawal,69.75,69.75,97.72,2,66,2901,1,Yes,Attitude,Attitude of support person,Normal
2955-BJZHG,Male,41,No,Yes,No,Apple Valley,California,17,13-24,Month-to-Month,Fiber Optic,Bank Withdrawal,80.85,1400.85,1683.2199999999998,1,77,5174,1,Yes,Competitor,Competitor had better devices,Normal
3806-DXQOM,Female,47,No,No,No,Baker,California,4,0-12,Month-to-Month,DSL,Bank Withdrawal,33.65,137.85,137.85,2,95,2563,1,Yes,Attitude,Attitude of service provider,Normal
9300-RENDD,Male,56,No,No,No,Cedar Glen,California,1,0-12,Month-to-Month,Fiber Optic,Bank Withdrawal,79.95,79.95,83.08,3,91,4815,1,Yes,Attitude,Attitude of support person,Normal
0761-AETCS,Female,58,No,No,No,Colton,California,1,0-12,Month-to-Month,,Bank Withdrawal,19.3,19.3,44.92,2,92,3236,1,Yes,Attitude,Attitude of support person,Normal
2153-MREFK,Female,55,No,Yes,No,Fawnskin,California,37,25-48,One Year,Fiber Optic,Bank Withdrawal,99.2,3754.6,4870.52,1,79,3599,1,Yes,Attitude,Attitude of support person,Normal
3106-ULWFW,Female,32,No,Yes,No,Fontana,California,8,0-12,Month-to-Month,Fiber Optic,Credit Card,85.2,627.4,838.68,1,95,2887,1,Yes,Competitor,Competitor had better devices,Normal
0925-VYDLG,Female,40,No,No,No,Ludlow,California,3,0-12,Month-to-Month,Fiber Optic,Bank Withdrawal,75.25,242.0,295.61,3,83,5898,1,Yes,Attitude,Attitude of service provider,Normal
4349-GFQHK,Male,30,No,No,No,Mentone,California,1,0-12,Month-to-Month,DSL,Bank Withdrawal,54.35,54.35,79.74000000000001,3,87,4212,1,Yes,Attitude,Attitude of service provider,Normal
7802-EFKNY,Male,37,No,Yes,No,Redlands,California,5,0-12,Month-to-Month,DSL,Bank Withdrawal,24.95,100.4,100.4,1,79,5865,1,Yes,Competitor,Competitor had better devices,Normal
8035-BUYVG,Male,39,No,Yes,No,Running Springs,California,40,25-48,One Year,DSL,Bank Withdrawal,42.35,1716.45,1716.45,1,67,5422,1,Yes,Attitude,Attitude of support person,Normal
9787-XVQIU,Male,38,No,No,No,Sugarloaf,California,1,0-12,Month-to-Month,Fiber Optic,Bank Withdrawal,75.3,75.3,114.74,3,91,3596,1,Yes,Attitude,Attitude of support person,Normal
8945-MUQUF,Male,22,No,No,No,Fallbrook,California,51,49-72,One Year,Fiber Optic,Bank Withdrawal,94.8,4837.6,7120.870000000001,3,94,5074,1,Yes,Competitor,Competitor made better offer,Normal
3023-GFLBR,Female,63,No,Yes,No,San Bernardino,California,33,25-48,Month-to-Month,Fiber Optic,Credit Card,86.15,2745.7,3218.92,2,66,3336,1,Yes,Attitude,Attitude of service provider,Normal
0524-IAVZO,Female,25,No,Yes,No,Anza,California,30,25-48,Month-to-Month,Fiber Optic,Bank Withdrawal,85.0,2624.25,2768.85,2,90,3698,1,Yes,Other,Don't know,Normal
2737-YNGYW,Female,29,No,No,No,Hemet,California,2,0-12,Month-to-Month,Fiber Optic,Bank Withdrawal,80.55,184.1,251.88,3,69,2856,1,Yes,Attitude,Attitude of support person,Normal
5159-YFPKQ,Female,37,No,No,No,Moreno Valley,California,2,0-12,Month-to-Month,Fiber Optic,Bank Withdrawal,75.8,160.75,209.37,1,91,5270,1,Yes,Competitor,Competitor had better devices,Normal
7927-AUXBZ,Female,45,No,No,No,Sun City,California,30,25-48,Month-to-Month,Fiber Optic,Bank Withdrawal,85.15,2555.9,2836.1,2,76,4417,1,Yes,Attitude,Attitude of support person,Normal
7619-ODSGN,Male,63,No,Yes,Yes,Foothill Ranch,California,24,13-24,Month-to-Month,DSL,Bank Withdrawal,54.75,1338.15,1752.63,1,90,5699,1,Yes,Attitude,Attitude of support person,Normal
2514-GINMM,Male,60,No,No,No,Dana Point,California,1,0-12,Month-to-Month,Fiber Optic,Bank Withdrawal,79.5,79.5,128.47,2,92,4490,1,Yes,Attitude,Attitude of service provider,Normal
2659-VXMWZ,Male,58,No,Yes,No,Newport Coast,California,67,49-72,One Year,Fiber Optic,Bank Withdrawal,111.3,7482.1,9441.18,3,85,4146,1,Yes,Attitude,Attitude of support person,Normal
4285-GYRQC,Female,63,No,Yes,No,Newport Beach,California,7,0-12,Month-to-Month,Fiber Optic,Bank Withdrawal,86.25,587.1,899.72,2,89,3344,1,Yes,Attitude,Attitude of support person,Normal
8337-MSSXB,Female,64,No,No,No,Trabuco Canyon,California,14,13-24,Month-to-Month,Fiber Optic,Bank Withdrawal,86.3,1180.95,1601.15,2,74,3677,1,Yes,Attitude,Attitude of service provider,Normal
8182-BJDSI,Female,56,No,No,No,Santa Ana,California,28,25-48,Month-to-Month,Fiber Optic,Bank Withdrawal,89.95,2625.55,3473.3900000000003,1,90,2468,1,Yes,Attitude,Attitude of service provider,Normal
2482-CZGBB,Male,41,No,No,No,Anaheim,California,10,0-12,Month-to-Month,Fiber Optic,Bank Withdrawal,70.0,740.0,1012.8,1,67,3156,1,Yes,Competitor,Competitor had better devices,Normal
0866-QLSIR,Female,53,No,No,No,Garden Grove,California,34,25-48,One Year,DSL,Mailed Check,64.4,2088.75,3258.69,2,75,5189,1,Yes,Attitude,Attitude of support person,Normal
7181-BQYBV,Female,52,No,Yes,No,Garden Grove,California,1,0-12,Month-to-Month,Fiber Optic,Bank Withdrawal,102.45,102.45,128.33,1,85,4811,1,Yes,Attitude,Attitude of service provider,Normal
6204-IEUXJ,Female,30,No,No,No,Yorba Linda,California,3,0-12,Month-to-Month,Fiber Optic,Credit Card,80.1,217.55,339.56,3,65,4330,1,Yes,Attitude,Attitude of service provider,Normal
4529-CKBCL,Female,51,No,No,No,Ventura,California,2,0-12,Month-to-Month,Fiber Optic,Bank Withdrawal,80.2,146.05,255.63,2,85,4381,1,Yes,Attitude,Attitude of service provider,Normal
2506-CLAKW,Female,20,No,No,No,Ventura,California,6,0-12,Month-to-Month,Fiber Optic,Bank Withdrawal,98.15,567.45,689.01,1,80,3578,1,Yes,Attitude,Attitude of support person,Normal
1583-IHQZE,Male,60,No,No,No,Camarillo,California,12,0-12,Month-to-Month,Cable,Mailed Check,112.95,1384.75,1582.15,2,90,3965,1,Yes,Attitude,Attitude of support person,Normal
0151-ONTOV,Female,43,No,No,No,Moorpark,California,1,0-12,Month-to-Month,Fiber Optic,Mailed Check,70.9,70.9,110.71,1,78,4739,1,Yes,Competitor,Competitor had better devices,Normal
0320-JDNQG,Male,28,No,Yes,No,Oxnard,California,23,13-24,Month-to-Month,Fiber Optic,Bank Withdrawal,99.85,2331.3,3204.15,1,83,3425,1,Yes,Other,Don't know,Normal
7180-PISOG,Male,41,No,Yes,No,Piru,California,1,0-12,Month-to-Month,Fiber Optic,Bank Withdrawal,74.5,74.5,110.94,3,75,5554,1,Yes,Attitude,Attitude of service provider,Normal
3571-RFHAR,Male,60,No,No,No,Santa Paula,California,65,49-72,Month-to-Month,Fiber Optic,Bank Withdrawal,109.15,6941.2,7689.599999999999,2,91,6001,1,Yes,Attitude,Attitude of support person,Normal
9578-VRMNM,Female,48,No,No,No,Summerland,California,16,13-24,Month-to-Month,DSL,Credit Card,65.2,1043.35,1802.55,1,73,4722,1,Yes,Competitor,Competitor had better devices,Normal
6140-QNRQQ,Male,42,No,No,No,Santa Barbara,California,1,0-12,Month-to-Month,Fiber Optic,Mailed Check,71.55,71.55,88.82,1,91,5739,1,Yes,Competitor,Competitor had better devices,Normal
4307-KTUMW,Male,27,No,Yes,No,Santa Barbara,California,53,49-72,Month-to-Month,Fiber Optic,Bank Withdrawal,93.9,5029.2,6684.92,1,68,5543,1,Yes,Attitude,Attitude of service provider,Normal
7470-MCQTK,Female,42,No,Yes,No,Alpaugh,California,13,13-24,Month-to-Month,DSL,Bank Withdrawal,48.75,633.4,633.4,2,86,2655,1,Yes,Attitude,Attitude of support person,Normal
7488-MXJIV,Female,63,No,No,No,Armona,California,4,0-12,Month-to-Month,Fiber Optic,Bank Withdrawal,85.65,321.65,504.93,1,96,3223,1,Yes,Competitor,Competitor had better devices,Normal
2027-FECZV,Male,44,No,No,No,Bodfish,California,12,0-12,Month-to-Month,Fiber Optic,Bank Withdrawal,106.7,1253.9,1556.18,2,92,2406,1,Yes,Attitude,Attitude of support person,Normal
2672-DZUOY,Male,46,No,No,No,Buttonwillow,California,1,0-12,Month-to-Month,DSL,Bank Withdrawal,25.15,25.15,25.15,1,91,5386,1,Yes,Competitor,Competitor had better devices,Normal
3870-MQAMG,Female,21,No,Yes,No,Camp Nelson,California,54,49-72,One Year,Fiber Optic,Bank Withdrawal,110.35,5893.15,6010.87,1,90,6189,1,Yes,Competitor,Competitor had better devices,Normal
4800-CZMPC,Female,24,No,Yes,No,Delano,California,48,25-48,One Year,Fiber Optic,Credit Card,103.25,5037.55,5342.83,1,71,4736,1,Yes,Attitude,Attitude of service provider,Normal
7377-DMMRI,Male,35,No,No,No,Exeter,California,2,0-12,Month-to-Month,DSL,Bank Withdrawal,47.8,92.45,119.91,1,89,4134,1,Yes,Attitude,Attitude of support person,Normal
8949-JTMAY,Female,49,No,No,No,Mc Kittrick,California,29,25-48,Month-to-Month,Fiber Optic,Credit Card,98.6,2933.2,3737.95,1,72,5144,1,Yes,Competitor,Competitor had better devices,Normal
3211-ILJTT,Male,35,No,Yes,No,Taft,California,17,13-24,Month-to-Month,Fiber Optic,Bank Withdrawal,70.4,1214.05,1446.61,1,67,4469,1,Yes,Competitor,Competitor had better devices,Normal
5103-MHMHY,Female,49,No,No,Yes,Los Osos,California,1,0-12,Month-to-Month,Cable,Mailed Check,45.95,45.95,92.12,1,82,4563,1,Yes,Competitor,Competitor had better devices,Normal
0235-KGSLC,Female,45,No,No,No,Buellton,California,1,0-12,Month-to-Month,Fiber Optic,Credit Card,85.55,85.55,118.89,2,86,3967,1,Yes,Other,Moved,Normal
2884-GBPFB,Female,61,No,Yes,No,Morro Bay,California,35,25-48,Month-to-Month,Fiber Optic,Bank Withdrawal,70.3,2416.55,2861.6000000000004,3,79,5413,1,Yes,Other,Moved,Normal
5136-KCKGI,Female,22,No,Yes,No,Templeton,California,33,25-48,One Year,Fiber Optic,Mailed Check,103.7,3467.0,4840.13,2,76,4461,1,Yes,Competitor,Competitor had better devices,Normal
3722-WPXTK,Male,23,No,No,No,Benton,California,1,0-12,Month-to-Month,Fiber Optic,Bank Withdrawal,88.35,88.35,102.61,1,72,4254,1,Yes,Competitor,Competitor offered higher download speeds,Normal
2929-ERCFZ,Female,22,No,Yes,No,Independence,California,8,0-12,Month-to-Month,Fiber Optic,Bank Withdrawal,94.2,777.3,1087.94,1,80,2939,1,Yes,Competitor,Competitor had better devices,Normal
7548-SEPYI,Female,62,No,No,No,Temecula,California,5,0-12,Month-to-Month,Fiber Optic,Bank Withdrawal,96.25,512.45,673.0500000000001,2,74,5056,1,Yes,Competitor,Competitor made better offer,Normal
8835-VSDSE,Female,28,No,Yes,No,San Diego,California,2,0-12,Month-to-Month,Cable,Bank Withdrawal,70.7,141.45,160.97,2,86,4559,1,Yes,Competitor,Competitor made better offer,Normal
1623-NLDOT,Female,55,No,Yes,No,Lancaster,California,42,25-48,One Year,Cable,Mailed Check,33.55,1445.3,1495.3,2,82,2044,1,Yes,Competitor,Competitor had better devices,Normal
5236-PERKL,Female,38,No,No,No,Pearblossom,California,57,49-72,Two Year,Fiber Optic,Bank Withdrawal,112.95,6465.0,9250.02,1,89,4738,1,Yes,Competitor,Competitor offered higher download speeds,Normal
7854-FOKSF,Male,54,No,No,No,Rosamond,California,1,0-12,Month-to-Month,Cable,Bank Withdrawal,35.9,35.9,35.9,1,93,4747,1,Yes,Competitor,Competitor offered higher download speeds,Normal
2519-FAKOD,Male,30,No,No,No,Tehachapi,California,38,25-48,Month-to-Month,Fiber Optic,Bank Withdrawal,99.25,3777.15,4965.41,1,76,5274,1,Yes,Competitor,Competitor had better devices,Normal
7089-IVVAZ,Female,26,No,No,No,Cantua Creek,California,8,0-12,Month-to-Month,Fiber Optic,Bank Withdrawal,103.35,847.3,1004.74,1,71,2363,1,Yes,Competitor,Competitor offered more data,Normal
9492-TOKRI,Female,55,No,No,No,Dinuba,California,18,13-24,Month-to-Month,Fiber Optic,Credit Card,90.0,1527.35,1773.05,1,90,2708,1,Yes,Competitor,Competitor had better devices,Normal
3325-FUYCG,Male,58,No,Yes,No,Five Points,California,28,25-48,One Year,Fiber Optic,Bank Withdrawal,106.1,2847.4,3116.76,1,85,3770,1,Yes,Dissatisfaction,Service dissatisfaction,Normal
8481-YYXWG,Female,30,No,No,No,Hume,California,5,0-12,Month-to-Month,Fiber Optic,Bank Withdrawal,89.35,461.7,512.25,3,70,4584,1,Yes,Dissatisfaction,Network reliability,Normal
2609-IAICY,Female,32,No,No,No,North Fork,California,1,0-12,Month-to-Month,Fiber Optic,Bank Withdrawal,77.15,77.15,114.85,3,79,2756,1,Yes,Dissatisfaction,Limited range of services,Normal
1740-CSDJP,Male,53,No,No,No,Oakhurst,California,1,0-12,Month-to-Month,DSL,Bank Withdrawal,35.25,35.25,35.25,2,88,2548,1,Yes,Price,Lack of affordable download/upload speed,Normal
2636-OHFMN,Male,26,No,Yes,No,Orosi,California,4,0-12,Month-to-Month,DSL,Bank Withdrawal,48.55,201.0,201.0,2,90,3955,1,Yes,Price,Long distance charges,Normal
1323-OOEPC,Female,45,No,Yes,No,Prather,California,53,49-72,Month-to-Month,Fiber Optic,Credit Card,98.4,5149.5,7361.72,2,87,6481,1,Yes,Price,Extra data charges,Normal
9921-ZVRHG,Female,44,No,No,No,Traver,California,14,13-24,Month-to-Month,Fiber Optic,Bank Withdrawal,80.45,1072.0,1088.66,1,94,4155,1,Yes,Competitor,Competitor had better devices,Normal
4701-MLJPN,Male,60,No,No,No,Fresno,California,31,25-48,Month-to-Month,DSL,Bank Withdrawal,55.25,1715.65,1773.0800000000002,3,78,2933,1,Yes,Attitude,Attitude of support person,Normal
9206-GVPEQ,Male,28,No,Yes,No,Fresno,California,13,13-24,Month-to-Month,Cable,Bank Withdrawal,54.45,706.85,706.85,1,88,5212,1,Yes,Dissatisfaction,Network reliability,Normal
1596-BBVTG,Male,53,No,No,No,San Dimas,California,35,25-48,Month-to-Month,Fiber Optic,Credit Card,75.35,2636.05,3512.4500000000003,3,79,2785,1,Yes,Other,Poor expertise of online support,Normal
8433-WXGNA,Male,55,No,No,No,Salinas,California,2,0-12,Month-to-Month,Cable,Bank Withdrawal,75.7,189.2,273.52,1,82,4676,1,Yes,Other,Don't know,Normal
3707-GNWHM,Male,28,No,No,No,Carmel Valley,California,1,0-12,Month-to-Month,Fiber Optic,Mailed Check,74.25,74.25,96.05,1,93,4750,1,Yes,Other,Don't know,Normal
5766-ZJYBB,Male,52,No,No,No,Brisbane,California,1,0-12,Month-to-Month,,Mailed Check,19.4,19.4,22.54,2,66,4152,1,Yes,Dissatisfaction,Service dissatisfaction,Normal
8931-GJJIQ,Female,46,No,No,No,Burlingame,California,9,0-12,Month-to-Month,Fiber Optic,Bank Withdrawal,83.3,803.3,1070.6,2,90,3520,1,Yes,Attitude,Attitude of support person,Normal
4277-PVRAN,Female,34,No,No,No,Daly City,California,8,0-12,Month-to-Month,Fiber Optic,Bank Withdrawal,80.1,679.3,970.42,1,67,5071,1,Yes,Competitor,Competitor had better devices,Normal
0203-HHYIJ,Male,62,No,No,No,Atherton,California,25,25-48,One Year,,Bank Withdrawal,25.3,676.35,815.6,3,79,3779,1,Yes,Price,Long distance charges,Normal
0952-KMEEH,Male,46,No,No,No,Mountain View,California,13,13-24,Month-to-Month,Fiber Optic,Mailed Check,98.15,1230.25,1313.93,1,91,5525,1,Yes,Price,Long distance charges,Normal
8178-EYZUO,Male,48,No,No,No,San Francisco,California,46,25-48,Month-to-Month,Fiber Optic,Bank Withdrawal,93.7,4154.8,4880.68,1,70,3378,1,Yes,Price,Extra data charges,Normal
3230-WYKIR,Male,36,No,No,No,San Francisco,California,18,13-24,One Year,DSL,Credit Card,82.0,1425.45,1650.45,1,79,3306,1,Yes,Dissatisfaction,Product dissatisfaction,Normal
0407-BDJKB,Male,59,No,Yes,No,San Francisco,California,60,49-72,Month-to-Month,Fiber Optic,Bank Withdrawal,95.75,5742.9,7856.099999999999,2,88,4129,1,Yes,Dissatisfaction,Service dissatisfaction,Normal
9600-UDOPK,Male,33,No,Yes,No,San Francisco,California,30,25-48,Month-to-Month,Fiber Optic,Credit Card,94.05,2866.45,3181.45,3,68,4095,1,Yes,Attitude,Attitude of support person,Normal
4074-SJFFA,Female,44,No,No,No,San Francisco,California,1,0-12,Month-to-Month,DSL,Mailed Check,54.75,54.75,67.76,3,83,2614,1,Yes,Dissatisfaction,Network reliability,Normal
4910-GMJOT,Female,56,No,No,No,San Francisco,California,1,0-12,Month-to-Month,Fiber Optic,Bank Withdrawal,94.6,94.6,95.77,1,96,4033,1,Yes,Other,Don't know,Normal
4323-SADQS,Male,61,No,Yes,Yes,Concord,California,7,0-12,Month-to-Month,Cable,Bank Withdrawal,34.5,279.25,279.25,1,93,3520,1,Yes,Dissatisfaction,Service dissatisfaction,Normal
4446-BZKHU,Male,44,No,Yes,No,Pleasant Hill,California,61,49-72,Month-to-Month,Fiber Optic,Bank Withdrawal,105.55,6281.45,9069.15,1,86,5011,1,Yes,Competitor,Competitor had better devices,Normal
5202-IVJNU,Female,56,No,No,Yes,Crockett,California,39,25-48,Month-to-Month,DSL,Credit Card,30.1,1131.3,1281.3,3,72,3106,1,Yes,Dissatisfaction,Network reliability,Normal
5976-JCJRH,Male,36,No,Yes,No,Danville,California,10,0-12,Month-to-Month,Fiber Optic,Bank Withdrawal,70.3,738.2,1055.4,3,94,2162,1,Yes,Dissatisfaction,Limited range of services,Normal
0137-OCGAB,Female,25,No,No,No,Fairfield,California,1,0-12,Month-to-Month,Fiber Optic,Mailed Check,80.2,80.2,81.43,3,90,3056,1,Yes,Price,Lack of affordable download/upload speed,Normal
3351-NQLDI,Female,41,No,Yes,No,Travis Afb,California,67,49-72,One Year,Fiber Optic,Credit Card,94.35,6341.45,8414.43,1,91,4348,1,Yes,Price,Long distance charges,Normal
7593-JNWRU,Male,61,No,Yes,Yes,Fremont,California,6,0-12,Month-to-Month,DSL,Bank Withdrawal,44.6,260.8,556.0,2,90,4525,1,Yes,Price,Extra data charges,Normal
4588-YBNIB,Female,24,No,No,No,Fremont,California,1,0-12,Month-to-Month,,Credit Card,19.6,19.6,24.96,2,91,4205,1,Yes,Price,Price too high,Normal
5028-GZLDO,Male,21,No,No,No,Moraga,California,2,0-12,Month-to-Month,Fiber Optic,Credit Card,70.7,140.7,212.82,1,96,5317,1,Yes,Dissatisfaction,Service dissatisfaction,Normal
6877-TJMBR,Male,21,No,Yes,No,Orinda,California,1,0-12,Month-to-Month,Fiber Optic,Bank Withdrawal,84.8,84.8,122.63,3,80,2627,1,Yes,Dissatisfaction,Network reliability,Normal
6769-DCQLI,Male,21,No,No,No,Pope Valley,California,52,49-72,One Year,Fiber Optic,Bank Withdrawal,105.0,5426.85,7989.93,2,85,4630,1,Yes,Other,Don't know,Normal
2433-KMEAS,Male,62,No,No,No,Dublin,California,22,13-24,Month-to-Month,DSL,Bank Withdrawal,54.45,1127.35,1287.51,1,71,2445,1,Yes,Other,Don't know,Normal
2195-ZRVAX,Female,40,No,Yes,No,Rodeo,California,47,25-48,Month-to-Month,Cable,Bank Withdrawal,85.3,4045.65,6125.87,2,90,3631,1,Yes,Other,Don't know,Normal
3550-SAHFP,Female,51,No,No,No,Saint Helena,California,33,25-48,Month-to-Month,Fiber Optic,Bank Withdrawal,83.35,2757.85,3467.42,2,66,5456,1,Yes,Price,Price too high,Normal
2011-TRQYE,Male,59,No,No,No,Deer Park,California,18,13-24,Month-to-Month,DSL,Credit Card,33.5,600.0,600.0,2,82,5474,1,Yes,Dissatisfaction,Product dissatisfaction,Normal
4873-ILOLJ,Male,64,No,No,No,Sunol,California,24,13-24,Month-to-Month,Fiber Optic,Bank Withdrawal,90.35,2238.5,3018.26,1,67,5546,1,Yes,Competitor,Competitor had better devices,Normal
2725-KXXWT,Male,26,No,Yes,No,Vallejo,California,1,0-12,Month-to-Month,Fiber Optic,Bank Withdrawal,90.75,90.75,113.81,3,86,5460,1,Yes,Attitude,Attitude of support person,Normal
9565-DJPIB,Female,64,No,No,No,Vallejo,California,4,0-12,Month-to-Month,Fiber Optic,Credit Card,89.6,365.65,512.6899999999999,1,87,4689,1,Yes,Competitor,Competitor had better devices,Normal
8348-HFYIV,Male,21,No,No,No,Oakland,California,2,0-12,Month-to-Month,DSL,Bank Withdrawal,49.25,90.35,90.35,3,90,5775,1,Yes,Dissatisfaction,Limited range of services,Normal
6849-WLEYG,Male,43,No,No,Yes,Emeryville,California,1,0-12,Month-to-Month,,Credit Card,19.75,19.75,31.66,3,92,2611,1,Yes,Attitude,Attitude of support person,Normal
4659-NZRUF,Female,64,No,No,No,Oakland,California,19,13-24,Month-to-Month,Fiber Optic,Bank Withdrawal,95.15,1789.25,2533.78,3,78,5830,1,Yes,Price,Long distance charges,Normal
8429-XIBUM,Male,44,No,No,No,Oakland,California,22,13-24,Month-to-Month,Fiber Optic,Bank Withdrawal,101.35,2317.1,2544.36,1,77,4694,1,Yes,Price,Extra data charges,Normal
2608-BHKFN,Female,46,No,No,No,Berkeley,California,4,0-12,Month-to-Month,Fiber Optic,Credit Card,70.05,266.9,317.22,1,89,3600,1,Yes,Competitor,Competitor had better devices,Normal
7341-LXCAF,Male,24,No,Yes,No,Berkeley,California,4,0-12,Month-to-Month,Fiber Optic,Bank Withdrawal,74.65,301.4,495.96,1,87,4013,1,Yes,Dissatisfaction,Product dissatisfaction,Normal
9462-MJUAW,Male,60,No,No,No,Berkeley,California,4,0-12,Month-to-Month,Cable,Credit Card,50.4,206.6,328.36,1,92,4399,1,Yes,Competitor,Competitor had better devices,Normal
8128-YVJRG,Female,61,No,No,No,Berkeley,California,7,0-12,Month-to-Month,Fiber Optic,Credit Card,79.65,604.7,886.94,1,81,4513,1,Yes,Attitude,Attitude of support person,Normal
1569-TTNYJ,Male,55,No,Yes,No,Richmond,California,5,0-12,Month-to-Month,Fiber Optic,Bank Withdrawal,78.75,412.1,427.9,2,72,3401,1,Yes,Other,Don't know,Normal
4749-VFKVB,Female,47,No,No,No,Inverness,California,1,0-12,Month-to-Month,DSL,Credit Card,50.1,50.1,96.59,2,90,4778,1,Yes,Other,Don't know,Normal
7598-UAASY,Male,19,No,Yes,No,Marshall,California,2,0-12,Month-to-Month,Fiber Optic,Bank Withdrawal,76.4,151.8,192.8,1,71,4340,1,Yes,Competitor,Competitor had better devices,Normal
7938-OUHIO,Male,28,No,No,No,Mill Valley,California,3,0-12,Month-to-Month,Fiber Optic,Bank Withdrawal,98.7,293.65,391.93,3,72,3916,1,Yes,Attitude,Attitude of service provider,Normal
0431-APWVY,Female,37,No,Yes,No,Novato,California,28,25-48,One Year,Fiber Optic,Bank Withdrawal,90.1,2598.95,3111.63,3,91,5958,1,Yes,Other,Poor expertise of online support,Normal
3426-NIYYL,Male,47,No,No,No,Sausalito,California,15,13-24,Month-to-Month,DSL,Bank Withdrawal,51.55,765.5,832.75,2,66,2087,1,Yes,Attitude,Attitude of support person,Normal
3387-VATUS,Male,44,No,No,No,Aromas,California,5,0-12,Month-to-Month,Fiber Optic,Bank Withdrawal,94.85,462.8,663.55,3,69,5701,1,Yes,Attitude,Attitude of service provider,Normal
1143-NMNQJ,Female,39,No,No,No,Boulder Creek,California,2,0-12,Month-to-Month,Fiber Optic,Bank Withdrawal,85.7,169.8,197.94,2,95,2187,1,Yes,Attitude,Attitude of service provider,Normal
0415-MOSGF,Female,58,No,No,No,Los Gatos,California,1,0-12,Month-to-Month,DSL,Credit Card,44.4,44.4,70.93,2,76,3204,1,Yes,Attitude,Attitude of support person,Normal
2495-INZWQ,Male,44,No,No,No,San Juan Bautista,California,4,0-12,Month-to-Month,Cable,Bank Withdrawal,44.55,174.3,184.3,2,66,5605,1,Yes,Attitude,Attitude of service provider,Normal
4139-SUGLD,Male,41,No,Yes,Yes,Santa Clara,California,31,25-48,Month-to-Month,DSL,Bank Withdrawal,35.4,1077.5,1077.5,1,77,2067,1,Yes,Attitude,Attitude of service provider,Normal
6857-VWJDT,Female,45,No,No,No,Santa Cruz,California,1,0-12,Month-to-Month,Fiber Optic,Credit Card,95.65,95.65,127.98,2,87,3473,1,Yes,Attitude,Attitude of service provider,Normal
5624-BQSSA,Female,19,No,No,No,Santa Cruz,California,1,0-12,Month-to-Month,,Credit Card,20.95,20.95,61.42999999999999,1,70,4285,1,Yes,Price,Long distance charges,Normal
5577-OTWWW,Female,54,No,No,No,San Jose,California,15,13-24,Month-to-Month,,Bank Withdrawal,19.75,297.3,894.9000000000001,2,69,2428,1,Yes,Other,Moved,Normal
6100-QQHEB,Male,42,No,Yes,No,San Jose,California,17,13-24,Month-to-Month,Fiber Optic,Bank Withdrawal,92.55,1515.1,1816.17,3,91,5775,1,Yes,Other,Moved,Normal
2691-NZETQ,Male,28,No,No,No,San Jose,California,9,0-12,Month-to-Month,Fiber Optic,Bank Withdrawal,85.35,758.6,1200.86,2,89,2752,1,Yes,Competitor,Competitor offered higher download speeds,Normal
4404-HIBDJ,Female,48,No,No,No,San Jose,California,25,25-48,One Year,DSL,Credit Card,74.3,1863.8,1898.05,1,85,5175,1,Yes,Competitor,Competitor offered more data,Normal
7295-JOMMD,Female,34,No,No,No,San Jose,California,4,0-12,Month-to-Month,Fiber Optic,Bank Withdrawal,98.1,396.3,418.82,1,87,2895,1,Yes,Competitor,Competitor made better offer,Normal
5013-SBUIH,Female,63,No,No,No,Stockton,California,50,49-72,Two Year,Fiber Optic,Bank Withdrawal,109.65,5551.15,6936.15,1,84,5855,1,Yes,Competitor,Competitor had better devices,Normal
6023-YEBUP,Male,32,No,No,No,Stockton,California,3,0-12,Month-to-Month,Cable,Bank Withdrawal,100.95,329.95,375.77,1,81,5351,1,Yes,Competitor,Competitor had better devices,Normal
7209-JCUDS,Male,25,No,No,No,Stockton,California,10,0-12,Month-to-Month,Fiber Optic,Bank Withdrawal,94.9,1048.85,1451.05,1,83,2832,1,Yes,Competitor,Competitor had better devices,Normal
6158-DWPZT,Male,53,No,Yes,No,Avery,California,9,0-12,One Year,DSL,Bank Withdrawal,24.1,259.8,259.8,2,82,3195,1,Yes,Competitor,Competitor offered more data,Normal
3763-GCZHZ,Male,23,No,Yes,No,Hathaway Pines,California,66,49-72,One Year,Fiber Optic,Bank Withdrawal,104.05,6890.0,8214.62,2,95,5504,1,Yes,Competitor,Competitor offered more data,Normal
0772-GYEQQ,Male,33,No,No,No,Lodi,California,3,0-12,Month-to-Month,Fiber Optic,Credit Card,88.35,262.05,410.25,2,93,5202,1,Yes,Competitor,Competitor offered more data,Normal
4831-EOBFE,Male,43,No,Yes,No,Mountain Ranch,California,29,25-48,Month-to-Month,Fiber Optic,Credit Card,94.65,2649.15,3823.36,1,70,5150,1,Yes,Other,Don't know,Normal
9170-GYZJC,Female,42,No,Yes,Yes,Vallecito,California,41,25-48,Month-to-Month,Cable,Credit Card,79.9,3326.2,5181.86,1,84,4734,1,Yes,Price,Price too high,Normal
2002-MZHWP,Female,24,No,No,No,Delhi,California,1,0-12,Month-to-Month,,Credit Card,20.5,20.5,46.620000000000005,2,76,3820,1,Yes,Price,Long distance charges,Normal
2004-OCQXK,Female,44,No,No,No,Merced,California,1,0-12,Month-to-Month,Fiber Optic,Bank Withdrawal,81.95,81.95,126.89,1,85,5622,1,Yes,Competitor,Competitor had better devices,Normal
5027-QPKTE,Male,39,No,Yes,No,Modesto,California,7,0-12,Month-to-Month,Fiber Optic,Bank Withdrawal,69.35,451.1,564.35,1,82,4292,1,Yes,Competitor,Competitor had better devices,Normal
2672-HUYVI,Female,53,No,No,No,Newman,California,6,0-12,Month-to-Month,Fiber Optic,Bank Withdrawal,91.1,455.3,526.16,2,68,2266,1,Yes,Price,Long distance charges,Normal
7508-MYBOG,Male,20,No,Yes,No,Patterson,California,14,13-24,Month-to-Month,Fiber Optic,Bank Withdrawal,86.1,1235.55,1337.19,1,89,2177,1,Yes,Competitor,Competitor had better devices,Normal
0148-DCDOS,Male,41,No,No,No,Planada,California,25,25-48,Month-to-Month,Fiber Optic,Bank Withdrawal,94.7,2362.1,3234.1,1,82,5641,1,Yes,Competitor,Competitor had better devices,Normal
9992-RRAMN,Male,40,No,Yes,No,Riverbank,California,22,13-24,Month-to-Month,Fiber Optic,Bank Withdrawal,85.1,1873.7,2230.1,1,68,5248,1,Yes,Dissatisfaction,Product dissatisfaction,Normal
0310-MVLET,Female,63,No,Yes,No,Snelling,California,61,49-72,Month-to-Month,Fiber Optic,Bank Withdrawal,99.15,6010.05,9019.18,3,77,5612,1,Yes,Dissatisfaction,Service dissatisfaction,Normal
5696-QURRL,Male,31,No,No,No,Waterford,California,1,0-12,Month-to-Month,DSL,Credit Card,45.05,45.05,128.89,3,73,2644,1,Yes,Dissatisfaction,Network reliability,Normal
0495-RVCBF,Female,39,No,No,No,Santa Rosa,California,1,0-12,Month-to-Month,Fiber Optic,Bank Withdrawal,79.7,79.7,113.58,3,75,2066,1,Yes,Other,Poor expertise of online support,Normal
7854-EDSSA,Male,46,No,No,No,Santa Rosa,California,22,13-24,Month-to-Month,Cable,Bank Withdrawal,59.0,1254.7,2342.16,3,77,2195,1,Yes,Dissatisfaction,Poor expertise of online support,Normal
8869-TORSS,Female,51,No,No,No,Santa Rosa,California,48,25-48,One Year,DSL,Credit Card,60.35,2896.4,4524.08,1,69,2681,1,Yes,Dissatisfaction,Poor expertise of phone support,Normal
2115-BFTIW,Male,52,No,No,No,Clearlake Oaks,California,25,25-48,Month-to-Month,Fiber Optic,Credit Card,70.95,1767.35,2410.1,1,75,4881,1,Yes,Dissatisfaction,Product dissatisfaction,Normal
0611-DFXKO,Male,35,No,Yes,No,Comptche,California,20,13-24,Month-to-Month,Fiber Optic,Credit Card,89.0,1820.45,2181.45,2,78,4594,1,Yes,Dissatisfaction,Service dissatisfaction,Normal
7780-OTDSO,Male,51,No,Yes,No,Covelo,California,18,13-24,Month-to-Month,Fiber Optic,Bank Withdrawal,99.4,1742.95,1946.35,1,86,2421,1,Yes,Attitude,Attitude of support person,Normal
9747-DDZOS,Female,50,No,No,No,Eldridge,California,1,0-12,Month-to-Month,Fiber Optic,Bank Withdrawal,73.5,73.5,77.34,2,74,4378,1,Yes,Dissatisfaction,Network reliability,Normal
0564-JJHGS,Male,45,No,No,No,Guerneville,California,9,0-12,Month-to-Month,Fiber Optic,Bank Withdrawal,95.5,829.1,1002.08,2,90,5007,1,Yes,Dissatisfaction,Limited range of services,Normal
3348-CFRNX,Female,47,No,Yes,No,Healdsburg,California,28,25-48,Month-to-Month,Fiber Optic,Credit Card,92.35,2602.9,3657.38,1,71,2990,1,Yes,Price,Lack of affordable download/upload speed,Normal
1428-GTBJJ,Male,20,No,No,No,Jenner,California,11,0-12,Month-to-Month,Fiber Optic,Bank Withdrawal,74.55,824.75,884.15,2,81,4601,1,Yes,Price,Long distance charges,Normal
2249-YPRNG,Female,57,No,Yes,No,The Sea Ranch,California,20,13-24,Month-to-Month,Fiber Optic,Bank Withdrawal,105.85,2239.65,2815.45,2,84,4223,1,Yes,Dissatisfaction,Service dissatisfaction,Normal
7410-YTJIK,Female,35,No,No,No,Eureka,California,7,0-12,Month-to-Month,Fiber Optic,Credit Card,75.45,480.75,607.45,1,75,2872,1,Yes,Competitor,Competitor had better devices,Normal
4626-GYCZP,Male,60,No,No,No,Eureka,California,7,0-12,Month-to-Month,Fiber Optic,Bank Withdrawal,93.85,635.6,744.1700000000001,1,79,3506,1,Yes,Competitor,Competitor had better devices,Normal
5590-BYNII,Male,51,No,No,No,Bayside,California,22,13-24,Month-to-Month,Fiber Optic,Bank Withdrawal,100.75,2095.0,2885.46,2,91,4152,1,Yes,Other,Don't know,Normal
3237-AJGEH,Female,43,No,Yes,Yes,Bridgeville,California,3,0-12,Month-to-Month,DSL,Credit Card,31.0,95.05,115.05,3,67,5122,1,Yes,Other,Poor expertise of online support,Normal
1591-NFNLQ,Male,38,No,No,No,Fallbrook,California,51,49-72,Month-to-Month,Fiber Optic,Credit Card,80.0,4242.35,4528.97,3,91,4769,1,Yes,Other,Poor expertise of online support,Normal
0596-BQCEQ,Female,32,No,Yes,No,Hydesville,California,62,49-72,Month-to-Month,Fiber Optic,Bank Withdrawal,100.15,6283.3,9295.26,1,93,4120,1,Yes,Competitor,Competitor had better devices,Normal
1481-ZUWZA,Male,52,No,No,No,Klamath,California,28,25-48,Month-to-Month,Fiber Optic,Credit Card,94.5,2659.4,3653.96,1,80,5433,1,Yes,Dissatisfaction,Service dissatisfaction,Normal
2309-OSFEU,Male,42,No,No,No,Smith River,California,10,0-12,Month-to-Month,DSL,Credit Card,33.9,298.45,298.45,1,84,2529,1,Yes,Attitude,Attitude of support person,Normal
7613-LLQFO,Male,41,No,No,No,Amador City,California,12,0-12,Month-to-Month,Fiber Optic,Bank Withdrawal,84.45,1059.55,1207.87,2,91,3330,1,Yes,Dissatisfaction,Limited range of services,Normal
2640-PMGFL,Male,35,No,No,No,West Sacramento,California,27,25-48,Month-to-Month,Fiber Optic,Bank Withdrawal,79.5,2180.55,2847.99,1,91,2518,1,Yes,Price,Lack of affordable download/upload speed,Normal
3801-HMYNL,Male,44,No,Yes,No,Brooks,California,1,0-12,Month-to-Month,Fiber Optic,Mailed Check,89.15,89.15,121.5,1,68,3123,1,Yes,Competitor,Competitor had better devices,Normal
4484-CGXFK,Female,45,No,No,No,El Dorado,California,3,0-12,Month-to-Month,DSL,Bank Withdrawal,55.3,196.15,274.03,1,96,3190,1,Yes,Dissatisfaction,Product dissatisfaction,Normal
6214-EDAKZ,Female,32,No,Yes,Yes,Elverta,California,22,13-24,Month-to-Month,DSL,Bank Withdrawal,55.15,1206.05,1351.77,2,79,5115,1,Yes,Dissatisfaction,Service dissatisfaction,Normal
6127-ISGTU,Female,34,No,Yes,No,Garden Valley,California,16,13-24,Month-to-Month,Fiber Optic,Bank Withdrawal,84.95,1378.25,1487.37,3,67,3075,1,Yes,Attitude,Attitude of support person,Normal
8740-XLHDR,Male,30,No,No,No,Greenwood,California,5,0-12,Month-to-Month,Cable,Mailed Check,43.25,219.0,219.0,2,67,5824,1,Yes,Dissatisfaction,Network reliability,Normal
1208-DNHLN,Male,60,No,Yes,No,Grizzly Flats,California,23,13-24,One Year,DSL,Credit Card,48.35,1067.15,1200.5500000000002,2,83,4580,1,Yes,Other,Don't know,Normal
1761-AEZZR,Male,59,No,No,No,Guinda,California,1,0-12,Month-to-Month,Fiber Optic,Bank Withdrawal,79.55,79.55,83.59,2,72,5593,1,Yes,Other,Don't know,Normal
7120-RFMVS,Male,31,No,No,No,Isleton,California,1,0-12,Month-to-Month,Fiber Optic,Bank Withdrawal,84.5,84.5,91.39,2,73,4340,1,Yes,Price,Price too high,Normal
7317-GGVPB,Male,57,No,Yes,No,Lotus,California,71,49-72,Two Year,Fiber Optic,Credit Card,108.6,7690.9,8119.86,1,90,4982,1,Yes,Dissatisfaction,Product dissatisfaction,Normal
1322-AGOQM,Male,57,No,No,No,Mather,California,46,25-48,Month-to-Month,DSL,Bank Withdrawal,30.3,1380.1,1380.1,2,95,2243,1,Yes,Dissatisfaction,Service dissatisfaction,Normal
5692-FPTAH,Female,32,No,No,No,Nicolaus,California,1,0-12,Month-to-Month,Cable,Credit Card,45.4,45.4,83.71000000000001,2,67,2168,1,Yes,Dissatisfaction,Network reliability,Normal
1550-LOAHA,Female,53,No,Yes,No,Orangevale,California,32,25-48,Month-to-Month,Fiber Optic,Bank Withdrawal,84.15,2585.95,3785.31,2,74,4017,1,Yes,Dissatisfaction,Limited range of services,Normal
0268-QKIWO,Female,41,No,No,No,Pilot Hill,California,3,0-12,Month-to-Month,,Bank Withdrawal,19.75,58.85,132.74,3,83,2647,1,Yes,Attitude,Attitude of support person,Normal
0876-WDUUZ,Female,62,No,No,No,Pine Grove,California,5,0-12,Month-to-Month,Fiber Optic,Credit Card,85.4,425.9,643.4499999999999,2,90,3716,1,Yes,Price,Long distance charges,Normal
0617-FHSGK,Male,62,No,No,No,Rancho Cordova,California,49,49-72,Month-to-Month,Fiber Optic,Credit Card,75.2,3678.3,4633.22,2,90,5283,1,Yes,Price,Extra data charges,Normal
2858-MOFSQ,Female,50,No,No,No,Rio Oso,California,17,13-24,One Year,DSL,Mailed Check,55.85,937.5,1350.77,2,76,5472,1,Yes,Price,Price too high,Normal
7005-CCBKV,Male,53,No,No,No,Thornton,California,6,0-12,Month-to-Month,Fiber Optic,Bank Withdrawal,84.4,556.35,688.1700000000001,3,77,4539,1,Yes,Dissatisfaction,Service dissatisfaction,Normal
4250-FDVOU,Female,44,No,No,No,Woodland,California,6,0-12,Month-to-Month,DSL,Bank Withdrawal,56.25,389.1,492.18,1,95,4110,1,Yes,Attitude,Attitude of support person,Normal
2141-RRYGO,Female,51,No,No,No,Camino,California,4,0-12,Month-to-Month,DSL,Bank Withdrawal,68.65,261.25,303.81,3,76,5274,1,Yes,Other,Poor expertise of online support,Normal
6376-GAHQE,Male,48,No,No,No,Dutch Flat,California,4,0-12,Month-to-Month,Fiber Optic,Bank Withdrawal,77.85,299.2,480.4,2,65,2140,1,Yes,Other,Don't know,Normal
5052-PNLOS,Male,50,No,No,No,Echo Lake,California,3,0-12,Month-to-Month,Fiber Optic,Bank Withdrawal,105.35,323.25,364.74,3,65,3662,1,Yes,Other,Poor expertise of online support,Normal
6979-ZNSFF,Female,48,No,No,No,Pollock Pines,California,8,0-12,Month-to-Month,Fiber Optic,Bank Withdrawal,87.05,762.1,1126.8200000000002,1,69,2545,1,Yes,Price,Price too high,Normal
2386-LAHRK,Male,22,No,No,No,Weimar,California,1,0-12,Month-to-Month,DSL,Mailed Check,53.5,53.5,68.08,1,80,5094,1,Yes,Dissatisfaction,Product dissatisfaction,Normal
6032-IGALN,Female,35,No,No,No,Granite Bay,California,1,0-12,Month-to-Month,Cable,Mailed Check,25.1,25.1,25.1,1,79,4769,1,Yes,Competitor,Competitor had better devices,Normal
0516-WJVXC,Female,21,No,No,No,Sacramento,California,5,0-12,Month-to-Month,DSL,Bank Withdrawal,54.2,308.25,326.3,1,78,5476,1,Yes,Dissatisfaction,Network reliability,Normal
8809-RIHDD,Male,47,No,Yes,No,Sacramento,California,72,49-72,Two Year,Fiber Optic,Bank Withdrawal,103.4,7372.65,7593.69,3,83,5055,1,Yes,Price,Lack of affordable download/upload speed,Normal
4822-NGOCH,Female,60,No,No,No,Sacramento,California,13,13-24,Month-to-Month,Fiber Optic,Bank Withdrawal,84.45,1058.6,1343.04,2,74,5801,1,Yes,Price,Long distance charges,Normal
1432-FPAXX,Female,53,No,No,No,Beale Afb,California,29,25-48,Month-to-Month,DSL,Bank Withdrawal,30.6,856.35,856.35,2,77,3615,1,Yes,Dissatisfaction,Product dissatisfaction,Normal
3884-HCSWG,Female,51,No,No,No,Camptonville,California,17,13-24,Month-to-Month,Fiber Optic,Bank Withdrawal,70.0,1144.5,1354.72,1,70,4390,1,Yes,Attitude,Attitude of support person,Normal
5077-DXTCG,Female,37,No,No,No,Challenge,California,1,0-12,Month-to-Month,Cable,Bank Withdrawal,45.3,45.3,71.71,1,86,2293,1,Yes,Competitor,Competitor had better devices,Normal
1142-WACZW,Male,64,No,No,No,Chico,California,2,0-12,Month-to-Month,Cable,Bank Withdrawal,29.85,75.6,75.6,2,95,4268,1,Yes,Other,Don't know,Normal
4892-VLANZ,Male,40,No,No,No,Colusa,California,1,0-12,Month-to-Month,,Mailed Check,19.8,19.8,29.46,3,96,5600,1,Yes,Price,Long distance charges,Normal
2919-HBCJO,Female,36,No,No,No,Downieville,California,4,0-12,Month-to-Month,Fiber Optic,Bank Withdrawal,76.65,333.6,429.96,1,90,4580,1,Yes,Other,Moved,Normal
4236-XPXAV,Female,45,No,Yes,No,Dunnigan,California,5,0-12,Month-to-Month,Fiber Optic,Mailed Check,99.15,465.05,511.2000000000001,2,74,2283,1,Yes,Other,Moved,Normal
3030-YZADT,Male,57,No,No,No,Grass Valley,California,9,0-12,Month-to-Month,DSL,Mailed Check,44.95,431.0,466.92,1,66,5023,1,Yes,Competitor,Competitor had better devices,Normal
7410-KTVFV,Male,53,No,Yes,No,Grimes,California,18,13-24,Month-to-Month,DSL,Mailed Check,49.55,878.35,1221.25,1,90,2815,1,Yes,Competitor,Competitor had better devices,Normal
8393-DLHGA,Male,55,No,No,No,Palermo,California,25,25-48,Month-to-Month,Fiber Optic,Bank Withdrawal,95.9,2448.75,2580.5,1,68,2241,1,Yes,Competitor,Competitor offered more data,Normal
2834-SPCJV,Male,40,No,Yes,No,Rough And Ready,California,52,49-72,Month-to-Month,Fiber Optic,Bank Withdrawal,84.1,4348.65,6343.889999999999,1,75,6216,1,Yes,Competitor,Competitor had better devices,Normal
0587-DMGBH,Female,48,No,No,No,Willows,California,8,0-12,Month-to-Month,Cable,Bank Withdrawal,49.85,365.55,664.86,3,75,2269,1,Yes,Competitor,Competitor offered higher download speeds,Normal
3523-QRQLL,Female,22,No,Yes,No,Bieber,California,22,13-24,One Year,DSL,Bank Withdrawal,69.5,1498.2,2219.51,2,94,5922,1,Yes,Competitor,Competitor offered more data,Normal
0895-DQHEW,Male,47,No,Yes,No,Burney,California,54,49-72,Month-to-Month,Fiber Optic,Bank Withdrawal,104.3,5278.15,7181.54,1,77,4019,1,Yes,Competitor,Competitor offered more data,Normal
8149-RSOUN,Female,49,No,No,No,Dorris,California,1,0-12,Month-to-Month,Fiber Optic,Bank Withdrawal,93.85,93.85,110.0,3,78,3014,1,Yes,Competitor,Competitor offered more data,Normal
7250-EQKIY,Female,47,No,Yes,Yes,Escondido,California,1,0-12,Month-to-Month,DSL,Mailed Check,50.45,50.45,60.18000000000001,2,75,2426,1,Yes,Competitor,Competitor made better offer,Normal
4013-UBXWQ,Female,33,No,No,No,Fallbrook,California,7,0-12,Month-to-Month,Cable,Bank Withdrawal,74.65,521.1,834.49,3,67,4612,1,Yes,Competitor,Competitor made better offer,Normal
5519-NPHVG,Female,53,No,No,No,Klamath River,California,12,0-12,Month-to-Month,Fiber Optic,Bank Withdrawal,94.2,1046.1,1311.7099999999998,3,73,3975,1,Yes,Price,Price too high,Normal
8849-GYOKR,Female,59,No,Yes,No,Mineral,California,54,49-72,One Year,Fiber Optic,Bank Withdrawal,106.55,5763.3,6240.12,1,90,4893,1,Yes,Dissatisfaction,Product dissatisfaction,Normal
3148-BLQJT,Male,33,No,No,No,Fallbrook,California,1,0-12,Month-to-Month,,Credit Card,20.1,20.1,36.91,1,80,5747,1,Yes,Competitor,Competitor made better offer,Normal
0461-CVKMU,Female,45,No,Yes,No,Oak Run,California,23,13-24,Month-to-Month,Fiber Optic,Bank Withdrawal,83.8,1900.25,2792.88,1,80,5737,1,Yes,Attitude,Attitude of support person,Normal
8806-EAGWC,Male,25,No,No,No,Old Station,California,3,0-12,Month-to-Month,DSL,Credit Card,55.15,159.15,227.46,2,78,5698,1,Yes,Dissatisfaction,Network reliability,Normal
4183-WCSEP,Male,46,No,No,No,Weaverville,California,31,25-48,Month-to-Month,Fiber Optic,Bank Withdrawal,78.45,2435.15,3540.9300000000003,1,72,3091,1,Yes,Price,Long distance charges,Normal
5498-TXHLF,Female,39,No,Yes,No,Whitmore,California,34,25-48,Month-to-Month,Fiber Optic,Bank Withdrawal,87.45,2874.15,4260.67,3,91,3358,1,Yes,Price,Extra data charges,Normal
9722-UJOJR,Male,36,No,Yes,No,Blairsden Graeagle,California,29,25-48,Month-to-Month,Fiber Optic,Bank Withdrawal,70.75,1974.8,2300.76,1,73,2663,1,Yes,Price,Price too high,Normal
6772-KSATR,Male,31,No,No,No,Eagleville,California,1,0-12,Month-to-Month,Fiber Optic,Bank Withdrawal,81.7,81.7,91.51,1,83,5574,1,Yes,Dissatisfaction,Service dissatisfaction,Normal
7112-OPOTK,Male,37,No,No,No,Fort Bidwell,California,33,25-48,Month-to-Month,Fiber Optic,Bank Withdrawal,68.25,2171.15,3122.87,2,91,5647,1,Yes,Attitude,Attitude of support person,Normal
4210-QFJMF,Female,41,No,No,No,Fallbrook,California,4,0-12,Month-to-Month,Fiber Optic,Bank Withdrawal,79.15,317.25,464.89,1,68,5762,1,Yes,Competitor,Competitor made better offer,Normal
5828-AVIPD,Male,29,No,Yes,No,Sierraville,California,19,13-24,One Year,Fiber Optic,Bank Withdrawal,100.95,1875.55,1988.22,3,73,4072,1,Yes,Other,Poor expertise of online support,Normal
1086-LXKFY,Female,46,No,Yes,No,Westwood,California,1,0-12,Month-to-Month,Fiber Optic,Credit Card,69.1,69.1,85.64999999999999,1,92,4779,1,Yes,Other,Don't know,Normal
7774-OJSXI,Male,53,No,No,No,South Lake Tahoe,California,31,25-48,One Year,Fiber Optic,Bank Withdrawal,103.45,3066.45,3353.82,3,65,5387,1,Yes,Dissatisfaction,Poor expertise of phone support,Normal
7786-WBJYI,Female,31,No,No,No,San Diego,California,4,0-12,Month-to-Month,Fiber Optic,Bank Withdrawal,77.95,305.55,429.35,2,89,5365,1,Yes,Competitor,Competitor made better offer,Normal
5016-ETTFF,Male,46,No,No,No,Los Angeles,California,10,0-12,Month-to-Month,DSL,Credit Card,29.5,255.25,295.25,3,69,3797,1,Yes,Dissatisfaction,Service dissatisfaction,Normal
3866-MDTUB,Female,64,No,No,No,Los Angeles,California,2,0-12,Month-to-Month,DSL,Bank Withdrawal,70.75,146.9,200.76,1,72,3257,1,Yes,Attitude,Attitude of support person,Normal
0697-ZMSWS,Male,19,No,No,No,Los Angeles,California,4,0-12,Month-to-Month,Fiber Optic,Bank Withdrawal,85.65,338.9,366.54,1,87,2330,1,Yes,Dissatisfaction,Limited range of services,Normal
7593-XFKDI,Male,39,No,No,No,Los Angeles,California,1,0-12,Month-to-Month,DSL,Credit Card,46.3,46.3,94.52,1,73,3017,1,Yes,Price,Extra data charges,Normal
0337-CNPZE,Female,63,No,No,No,Los Angeles,California,41,25-48,Month-to-Month,Fiber Optic,Bank Withdrawal,106.3,4443.45,5001.08,2,85,5383,1,Yes,Price,Price too high,Normal
1513-XNPPH,Female,36,No,No,No,Los Angeles,California,12,0-12,Month-to-Month,Fiber Optic,Bank Withdrawal,89.4,1095.65,1305.17,1,79,5047,1,Yes,Dissatisfaction,Product dissatisfaction,Normal
6347-DCUIK,Male,28,No,No,No,Los Angeles,California,10,0-12,Month-to-Month,Fiber Optic,Credit Card,74.15,811.8,1104.1999999999998,1,90,4231,1,Yes,Attitude,Attitude of support person,Normal
0897-FEGMU,Female,43,No,Yes,No,Los Angeles,California,11,0-12,Month-to-Month,Fiber Optic,Bank Withdrawal,99.5,1056.95,1398.83,3,84,5286,1,Yes,Dissatisfaction,Network reliability,Normal
7663-RGWBC,Male,44,No,No,No,Los Angeles,California,1,0-12,Month-to-Month,DSL,Credit Card,44.15,44.15,52.92,1,90,4773,1,Yes,Other,Don't know,Normal
1120-BMWUB,Female,36,No,No,No,Los Angeles,California,16,13-24,Month-to-Month,DSL,Credit Card,53.9,834.15,983.91,3,65,5091,1,Yes,Other,Don't know,Normal
9124-LHCJQ,Female,22,No,No,No,Los Angeles,California,1,0-12,Month-to-Month,Fiber Optic,Credit Card,85.45,85.45,116.48,1,91,2318,1,Yes,Price,Price too high,Normal
2235-ZGKPT,Female,36,No,Yes,Yes,Los Angeles,California,4,0-12,Month-to-Month,Cable,Credit Card,50.85,239.55,291.07,1,90,5386,1,Yes,Dissatisfaction,Product dissatisfaction,Normal
3891-PUQOD,Female,40,No,No,Yes,Los Angeles,California,1,0-12,Month-to-Month,DSL,Bank Withdrawal,59.2,59.2,72.78,1,65,5020,1,Yes,Dissatisfaction,Service dissatisfaction,Normal
0689-NKYLF,Male,42,No,No,No,Los Angeles,California,13,13-24,Month-to-Month,Fiber Optic,Bank Withdrawal,83.2,1060.6,1520.8,2,86,4028,1,Yes,Attitude,Attitude of support person,Normal
3658-KIBGF,Female,19,No,No,No,Los Angeles,California,1,0-12,Month-to-Month,DSL,Bank Withdrawal,54.9,54.9,99.26,1,89,2833,1,Yes,Dissatisfaction,Network reliability,Normal
5519-YLDGW,Female,57,No,Yes,No,Los Angeles,California,21,13-24,Month-to-Month,Fiber Optic,Bank Withdrawal,103.9,2254.2,2279.61,1,91,3769,1,Yes,Dissatisfaction,Limited range of services,Normal
4946-EDSEW,Female,35,No,Yes,Yes,Compton,California,11,0-12,Month-to-Month,,Credit Card,19.25,180.3,499.41,1,69,5638,1,Yes,Attitude,Attitude of support person,Normal
8185-UPYBR,Male,33,No,Yes,No,Hermosa Beach,California,6,0-12,Month-to-Month,Fiber Optic,Bank Withdrawal,75.5,438.0,565.38,1,88,5838,1,Yes,Dissatisfaction,Product dissatisfaction,Normal
4585-HETAI,Female,25,No,Yes,No,Huntington Park,California,4,0-12,Month-to-Month,Fiber Optic,Bank Withdrawal,73.75,325.45,519.37,1,83,5026,1,Yes,Dissatisfaction,Service dissatisfaction,Normal
7526-BEZQB,Male,39,No,No,No,Lawndale,California,12,0-12,Month-to-Month,Cable,Bank Withdrawal,96.05,1148.1,1684.62,1,89,2577,1,Yes,Attitude,Attitude of support person,Normal
4951-UKAAQ,Female,30,No,No,No,Inglewood,California,4,0-12,Month-to-Month,Fiber Optic,Bank Withdrawal,88.95,355.2,588.48,1,72,5948,1,Yes,Dissatisfaction,Network reliability,Normal
2108-YKQTY,Female,42,No,No,No,Santa Monica,California,4,0-12,Month-to-Month,DSL,Credit Card,50.7,151.3,190.54,3,90,4930,1,Yes,Other,Don't know,Normal
4918-QLLIW,Male,23,No,No,No,Santa Monica,California,3,0-12,Month-to-Month,DSL,Credit Card,53.4,188.7,331.74,2,65,2755,1,Yes,Other,Don't know,Normal
1625-JAIIY,Female,42,No,Yes,No,Torrance,California,68,49-72,One Year,Fiber Optic,Bank Withdrawal,83.0,5685.8,8694.12,1,86,4714,1,Yes,Dissatisfaction,Product dissatisfaction,Normal
2947-DOMLJ,Male,47,No,No,Yes,Buena Park,California,1,0-12,Month-to-Month,Cable,Credit Card,50.6,50.6,62.46,1,82,3677,1,Yes,Dissatisfaction,Service dissatisfaction,Normal
4112-LUEIZ,Male,55,No,No,No,La Palma,California,10,0-12,Month-to-Month,Fiber Optic,Bank Withdrawal,89.5,863.1,990.9,3,84,4206,1,Yes,Attitude,Attitude of support person,Normal
4510-HIMLV,Male,50,No,No,No,La Habra,California,1,0-12,Month-to-Month,Fiber Optic,Bank Withdrawal,69.8,69.8,102.66,2,90,4154,1,Yes,Dissatisfaction,Network reliability,Normal
2430-USGXP,Male,44,No,Yes,No,Santa Fe Springs,California,24,13-24,Month-to-Month,Fiber Optic,Bank Withdrawal,101.05,2391.8,3222.6800000000003,1,66,4766,1,Yes,Price,Lack of affordable download/upload speed,Normal
5955-ERIHD,Male,53,No,Yes,No,Lakewood,California,18,13-24,Month-to-Month,Fiber Optic,Bank Withdrawal,94.7,1687.95,2254.77,1,72,2206,1,Yes,Price,Long distance charges,Normal
5949-EBSQK,Male,44,No,Yes,Yes,Sunset Beach,California,4,0-12,Month-to-Month,DSL,Credit Card,61.45,229.55,338.51,2,83,2131,1,Yes,Price,Price too high,Normal
7274-RTAPZ,Male,20,No,No,No,Long Beach,California,1,0-12,Month-to-Month,Fiber Optic,Bank Withdrawal,90.55,90.55,97.7,1,89,3898,1,Yes,Dissatisfaction,Product dissatisfaction,Normal
0311-UNPFF,Female,58,No,No,No,Long Beach,California,26,25-48,Month-to-Month,Fiber Optic,Bank Withdrawal,88.8,2274.35,3314.69,2,82,4910,1,Yes,Dissatisfaction,Service dissatisfaction,Normal
3834-XUIFC,Male,23,No,No,No,Long Beach,California,7,0-12,Month-to-Month,Fiber Optic,Credit Card,85.2,602.55,734.3599999999999,1,86,3905,1,Yes,Attitude,Attitude of support person,Normal
7599-FKVXZ,Male,54,No,Yes,No,South Pasadena,California,42,25-48,Month-to-Month,Fiber Optic,Bank Withdrawal,106.15,4512.7,4613.92,1,93,2265,1,Yes,Other,Don't know,Normal
8229-TNIQA,Female,36,No,No,No,Pasadena,California,4,0-12,Month-to-Month,Cable,Credit Card,45.3,196.95,356.54999999999995,2,91,3443,1,Yes,Other,Don't know,Normal
6221-AVQYL,Male,37,No,No,No,Glendale,California,2,0-12,Month-to-Month,Fiber Optic,Credit Card,73.25,131.05,136.97,1,78,2919,1,Yes,Price,Price too high,Normal
7743-EXURX,Male,47,No,Yes,Yes,Glendale,California,8,0-12,Month-to-Month,DSL,Bank Withdrawal,51.05,415.05,445.85,1,77,3758,1,Yes,Dissatisfaction,Product dissatisfaction,Normal
5569-KGJHX,Female,63,No,Yes,No,Canoga Park,California,9,0-12,Month-to-Month,Fiber Optic,Bank Withdrawal,85.35,754.65,932.54,3,95,2445,1,Yes,Dissatisfaction,Service dissatisfaction,Normal
7730-IUTDZ,Male,63,No,No,No,Chatsworth,California,43,25-48,Month-to-Month,Fiber Optic,Bank Withdrawal,75.2,3198.6,4660.6,1,68,4673,1,Yes,Dissatisfaction,Network reliability,Normal
0426-TIRNE,Female,54,No,No,No,Encino,California,1,0-12,Month-to-Month,,Credit Card,20.9,20.9,36.41,3,90,5527,1,Yes,Dissatisfaction,Limited range of services,Normal
7587-RZNME,Male,23,No,No,No,Valencia,California,3,0-12,Month-to-Month,DSL,Bank Withdrawal,43.3,123.65,270.17,3,91,4849,1,Yes,Price,Lack of affordable download/upload speed,Normal
0748-RDGGM,Male,38,No,Yes,No,Tarzana,California,70,49-72,One Year,Fiber Optic,Bank Withdrawal,109.5,7534.65,10308.75,2,82,6136,1,Yes,Price,Long distance charges,Normal
3746-EUBYR,Male,63,No,Yes,No,Fallbrook,California,1,0-12,Month-to-Month,Fiber Optic,Bank Withdrawal,74.6,74.6,119.32999999999998,1,75,5861,1,Yes,Competitor,Competitor made better offer,Normal
2332-EFBJY,Male,35,No,No,No,Sherman Oaks,California,16,13-24,Month-to-Month,,Credit Card,19.7,342.4,434.24,1,82,3438,1,Yes,Price,Long distance charges,Normal
9474-PHLYD,Female,25,No,No,No,Sherman Oaks,California,15,13-24,Month-to-Month,DSL,Bank Withdrawal,59.45,892.65,1437.75,1,68,5129,1,Yes,Dissatisfaction,Network reliability,Normal
2165-VOEGB,Female,23,No,No,No,Burbank,California,46,25-48,One Year,Fiber Optic,Bank Withdrawal,105.2,4822.85,6802.6900000000005,2,91,3322,1,Yes,Other,Don't know,Normal
2219-MVUSO,Male,59,No,No,No,Los Angeles,California,8,0-12,Month-to-Month,Cable,Credit Card,45.15,438.4,722.64,2,91,3721,1,Yes,Other,Don't know,Normal
8914-RBTSB,Male,62,No,Yes,No,Valley Village,California,31,25-48,Month-to-Month,Fiber Optic,Bank Withdrawal,93.8,3019.5,3135.22,1,79,4115,1,Yes,Other,Don't know,Normal
0963-ZBDRN,Male,45,No,No,No,Claremont,California,32,25-48,Month-to-Month,Fiber Optic,Bank Withdrawal,96.2,3183.4,3990.12,3,93,3606,1,Yes,Attitude,Attitude of support person,Normal
7594-RQHXR,Female,20,No,No,No,Covina,California,1,0-12,Month-to-Month,Fiber Optic,Bank Withdrawal,79.6,79.6,101.32,2,94,3108,1,Yes,Other,Deceased,Normal
6331-EWIEB,Male,49,No,No,No,El Monte,California,20,13-24,Month-to-Month,Fiber Optic,Bank Withdrawal,85.25,1734.5,1761.7,2,92,2414,1,Yes,Other,Moved,Normal
5998-VVEJY,Male,34,No,No,No,Glendora,California,26,25-48,Month-to-Month,Fiber Optic,Bank Withdrawal,80.5,2088.8,2716.96,3,72,2729,1,Yes,Other,Moved,Normal
4317-VTEOA,Male,61,No,No,No,Rowland Heights,California,1,0-12,Month-to-Month,DSL,Bank Withdrawal,50.75,50.75,93.78,2,93,5355,1,Yes,Competitor,Competitor had better devices,Normal
1670-SVOWZ,Female,57,No,Yes,No,Mira Loma,California,14,13-24,Month-to-Month,Fiber Optic,Credit Card,89.65,1208.35,1435.03,1,91,2504,1,Yes,Competitor,Competitor had better devices,Normal
7541-YLXCL,Male,25,No,No,No,Pomona,California,36,25-48,One Year,Cable,Credit Card,65.4,2498.4,3452.76,1,71,5220,1,Yes,Other,Don't know,Normal
0260-ZDLGK,Female,50,No,No,Yes,San Dimas,California,9,0-12,Month-to-Month,Cable,Credit Card,72.9,651.4,970.81,1,65,3585,1,Yes,Competitor,Competitor made better offer,Normal
8722-NGNBH,Male,25,No,No,No,Walnut,California,5,0-12,Month-to-Month,Cable,Credit Card,40.0,223.45,223.45,1,80,3125,1,Yes,Competitor,Competitor had better devices,Normal
0133-BMFZO,Female,40,No,No,No,Alhambra,California,2,0-12,Month-to-Month,Fiber Optic,Bank Withdrawal,86.25,181.65,255.27,2,94,3529,1,Yes,Competitor,Competitor offered higher download speeds,Normal
6128-CZOMY,Female,43,No,No,No,Alpine,California,1,0-12,Month-to-Month,Cable,Bank Withdrawal,45.65,45.65,82.64,2,78,4689,1,Yes,Competitor,Competitor offered higher download speeds,Normal
9540-JYROE,Male,30,No,No,No,Bonita,California,8,0-12,Month-to-Month,Fiber Optic,Credit Card,70.1,551.35,665.6700000000001,1,75,2899,1,Yes,Competitor,Competitor offered higher download speeds,Normal
3656-TKRVZ,Female,19,No,No,No,Chula Vista,California,3,0-12,Month-to-Month,DSL,Bank Withdrawal,55.35,165.2,168.92,2,65,5787,1,Yes,Competitor,Competitor offered more data,Normal
1501-SGHBW,Male,34,No,No,No,Guatay,California,2,0-12,Month-to-Month,Cable,Credit Card,45.85,81.0,120.04,1,81,3843,1,Yes,Competitor,Competitor made better offer,Normal
3208-YPIOE,Male,64,No,No,No,La Mesa,California,39,25-48,Month-to-Month,Fiber Optic,Bank Withdrawal,75.25,3017.65,4428.280000000001,3,96,4696,1,Yes,Competitor,Competitor made better offer,Normal
2612-RANWT,Female,24,No,No,No,Mount Laguna,California,12,0-12,Month-to-Month,Fiber Optic,Bank Withdrawal,100.15,1164.3,1530.78,2,96,3682,1,Yes,Price,Price too high,Normal
2933-FILNV,Female,53,No,Yes,Yes,Carlsbad,California,2,0-12,Month-to-Month,DSL,Credit Card,24.4,36.55,36.55,3,91,2635,1,Yes,Dissatisfaction,Lack of self-service on Website,Normal
9986-BONCE,Female,36,No,No,No,Fallbrook,California,4,0-12,Month-to-Month,,Bank Withdrawal,20.95,85.5,93.54,1,85,5822,1,Yes,Competitor,Competitor made better offer,Normal
4083-EUGRJ,Male,37,No,No,No,Oceanside,California,9,0-12,Month-to-Month,,Credit Card,20.25,178.5,258.69,1,91,3361,1,Yes,Attitude,Attitude of support person,Normal
6410-LEFEN,Female,38,No,No,No,San Diego,California,9,0-12,Month-to-Month,DSL,Bank Withdrawal,45.15,416.45,557.03,1,73,3757,1,Yes,Dissatisfaction,Product dissatisfaction,Normal
3194-ORPIK,Female,59,No,Yes,No,San Diego,California,50,49-72,Month-to-Month,Fiber Optic,Bank Withdrawal,84.4,4116.15,5882.65,1,80,5135,1,Yes,Competitor,Competitor had better devices,Normal
8816-VXNZD,Female,36,No,No,No,Coronado,California,1,0-12,Month-to-Month,Fiber Optic,Bank Withdrawal,75.1,75.1,81.03999999999999,2,83,4335,1,Yes,Dissatisfaction,Lack of self-service on Website,Normal
9378-FXTIZ,Female,50,No,Yes,No,San Diego,California,54,49-72,One Year,DSL,Credit Card,70.15,3715.65,5989.05,3,95,4596,1,Yes,Dissatisfaction,Network reliability,Normal
1723-HKXJQ,Male,64,No,No,No,San Diego,California,42,25-48,Month-to-Month,Fiber Optic,Bank Withdrawal,101.75,4273.45,5062.63,2,66,5545,1,Yes,Other,Don't know,Normal
7825-GKXMW,Female,41,No,No,No,San Diego,California,1,0-12,Month-to-Month,DSL,Bank Withdrawal,45.8,45.8,77.91,1,78,5973,1,Yes,Competitor,Competitor made better offer,Normal
1240-KNSEZ,Male,63,No,No,No,San Diego,California,1,0-12,Month-to-Month,,Credit Card,20.1,20.1,60.93,3,95,4933,1,Yes,Price,Long distance charges,Normal
0836-SEYLU,Male,64,No,Yes,No,San Diego,California,9,0-12,Month-to-Month,DSL,Mailed Check,40.65,328.95,328.95,1,91,4800,1,Yes,Competitor,Competitor had better devices,Normal
3716-BDVDB,Male,62,No,No,No,San Diego,California,1,0-12,Month-to-Month,Fiber Optic,Bank Withdrawal,69.1,69.1,107.76,1,82,5795,1,Yes,Competitor,Competitor made better offer,Normal
5899-MQZZL,Female,25,No,No,No,San Ysidro,California,13,13-24,Month-to-Month,Fiber Optic,Mailed Check,75.0,999.45,1077.84,2,68,2189,1,Yes,Competitor,Competitor offered higher download speeds,Normal
6849-OYAMU,Male,56,No,Yes,No,Indio,California,19,13-24,One Year,Fiber Optic,Bank Withdrawal,100.0,1888.65,2723.7000000000003,2,71,2608,1,Yes,Competitor,Competitor offered more data,Normal
6038-GCYEC,Female,25,No,No,No,Palm Desert,California,24,13-24,Month-to-Month,DSL,Credit Card,54.15,1240.25,1240.25,1,95,5153,1,Yes,Competitor,Competitor had better devices,Normal
1150-WFARN,Female,59,No,Yes,No,Brawley,California,67,49-72,Two Year,Fiber Optic,Credit Card,108.75,7156.2,9310.25,1,90,5516,1,Yes,Competitor,Competitor had better devices,Normal
3144-AUDBS,Female,59,No,Yes,No,Calexico,California,6,0-12,Month-to-Month,DSL,Bank Withdrawal,49.15,270.8,312.44,1,86,5271,1,Yes,Competitor,Competitor had better devices,Normal
5616-PRTNT,Male,30,No,No,Yes,Desert Center,California,20,13-24,Month-to-Month,,Bank Withdrawal,19.4,374.5,830.1,2,86,3785,1,Yes,Attitude,Attitude of support person,Normal
6688-UZPWD,Female,36,No,Yes,No,Palm Springs,California,11,0-12,Month-to-Month,Fiber Optic,Bank Withdrawal,102.0,1145.35,1232.14,1,88,5750,1,Yes,Competitor,Competitor offered more data,Normal
2839-RFSQE,Female,60,No,No,No,Rancho Mirage,California,2,0-12,Month-to-Month,,Mailed Check,20.65,38.7,88.12,2,83,3845,1,Yes,Attitude,Attitude of support person,Normal
0968-GSIKN,Female,23,No,No,No,Thousand Palms,California,1,0-12,Month-to-Month,Fiber Optic,Mailed Check,70.8,70.8,101.4,3,73,3901,1,Yes,Competitor,Competitor made better offer,Normal
1965-DDBWU,Male,37,No,No,No,Escondido,California,16,13-24,Month-to-Month,Fiber Optic,Credit Card,89.05,1448.6,1639.96,3,87,5953,1,Yes,Competitor,Competitor made better offer,Normal
9057-SIHCH,Female,48,No,No,No,Twentynine Palms,California,3,0-12,Month-to-Month,Fiber Optic,Bank Withdrawal,96.6,291.9,321.75,1,72,3260,1,Yes,Price,Price too high,Normal
6771-XWBDM,Female,47,No,Yes,No,White Water,California,57,49-72,Month-to-Month,Fiber Optic,Credit Card,104.5,5921.35,8208.76,1,80,4471,1,Yes,Dissatisfaction,Product dissatisfaction,Normal
8601-QACRS,Female,54,No,No,No,Fallbrook,California,5,0-12,Month-to-Month,Cable,Mailed Check,50.6,249.95,455.45,2,94,2353,1,Yes,Competitor,Competitor made better offer,Normal
2391-SOORI,Male,40,No,No,Yes,Big Bear City,California,4,0-12,Month-to-Month,DSL,Bank Withdrawal,49.35,219.65,323.81,1,83,5858,1,Yes,Dissatisfaction,Lack of self-service on Website,Normal
2645-QTLMB,Male,22,No,No,No,Bloomington,California,7,0-12,Month-to-Month,Fiber Optic,Bank Withdrawal,94.25,669.0,753.35,3,91,5267,1,Yes,Dissatisfaction,Network reliability,Normal
4806-HIPDW,Female,64,No,Yes,No,Calimesa,California,1,0-12,Month-to-Month,Fiber Optic,Bank Withdrawal,68.95,68.95,90.6,2,75,5644,1,Yes,Dissatisfaction,Limited range of services,Normal
8443-ZRDBZ,Male,62,No,No,No,Fontana,California,4,0-12,Month-to-Month,Fiber Optic,Bank Withdrawal,76.05,318.9,488.66,1,75,3685,1,Yes,Price,Long distance charges,Normal
9136-ALYBR,Male,44,No,No,No,Fontana,California,1,0-12,Month-to-Month,Cable,Mailed Check,24.45,24.45,24.45,3,65,2121,1,Yes,Price,Extra data charges,Normal
7479-NITWS,Male,35,No,No,No,Green Valley Lake,California,7,0-12,Month-to-Month,Fiber Optic,Credit Card,89.35,631.85,949.73,1,91,4154,1,Yes,Price,Price too high,Normal
2959-MJHIC,Male,60,No,Yes,No,Hinkley,California,4,0-12,Month-to-Month,Fiber Optic,Bank Withdrawal,80.35,307.4,437.12,1,65,4167,1,Yes,Dissatisfaction,Product dissatisfaction,Normal
5960-WPXQM,Male,24,No,No,No,Temecula,California,1,0-12,Month-to-Month,Fiber Optic,Bank Withdrawal,79.05,79.05,110.39,1,80,3555,1,Yes,Competitor,Competitor made better offer,Normal
0684-AOSIH,Male,42,No,Yes,No,Oro Grande,California,1,0-12,Month-to-Month,Cable,Bank Withdrawal,95.0,95.0,107.04,1,82,4489,1,Yes,Dissatisfaction,Network reliability,Normal
8260-NGFNY,Female,29,No,No,No,Phelan,California,1,0-12,Month-to-Month,DSL,Mailed Check,25.2,25.2,25.2,2,82,3196,1,Yes,Other,Don't know,Normal
1725-IQNIY,Male,34,No,Yes,No,San Bernardino,California,54,49-72,Two Year,Fiber Optic,Bank Withdrawal,109.75,6110.2,8383.06,2,90,6274,1,Yes,Competitor,Competitor had better devices,Normal
6598-RFFVI,Male,56,No,No,No,San Bernardino,California,2,0-12,One Year,,Credit Card,19.3,28.3,59.88,3,94,2279,1,Yes,Price,Long distance charges,Normal
8614-VGMMV,Female,33,No,No,No,Riverside,California,15,13-24,Month-to-Month,DSL,Bank Withdrawal,49.1,679.55,825.1999999999999,1,86,5209,1,Yes,Competitor,Competitor had better devices,Normal
2930-UOTMB,Female,29,No,No,No,Riverside,California,31,25-48,Month-to-Month,Cable,Credit Card,65.25,1994.3,3079.6400000000003,1,68,4403,1,Yes,Competitor,Competitor offered higher download speeds,Normal
2533-QVMSK,Male,46,No,Yes,No,March Air Reserve Base,California,61,49-72,Two Year,Fiber Optic,Bank Withdrawal,94.1,5638.3,7281.64,3,71,6295,1,Yes,Competitor,Competitor offered more data,Normal
8625-AZYZY,Male,51,No,Yes,No,Anza,California,24,13-24,Month-to-Month,Fiber Optic,Bank Withdrawal,104.65,2542.45,2614.45,3,72,4734,1,Yes,Competitor,Competitor made better offer,Normal
9306-CPCBC,Female,44,No,No,No,Moreno Valley,California,3,0-12,Month-to-Month,Fiber Optic,Bank Withdrawal,74.25,210.3,316.92,3,94,3207,1,Yes,Competitor,Competitor made better offer,Normal
2656-TABEH,Male,57,No,Yes,No,Temecula,California,4,0-12,Month-to-Month,Fiber Optic,Bank Withdrawal,100.2,420.2,533.0799999999999,2,82,2650,1,Yes,Dissatisfaction,Service dissatisfaction,Normal
2325-ZUSFD,Female,46,No,Yes,No,Irvine,California,57,49-72,One Year,DSL,Bank Withdrawal,70.1,3913.3,6002.35,1,81,4669,1,Yes,Dissatisfaction,Network reliability,Normal
3932-CMDTD,Female,29,No,No,No,Foothill Ranch,California,4,0-12,One Year,Fiber Optic,Bank Withdrawal,105.65,443.9,617.7,2,66,4663,1,Yes,Dissatisfaction,Limited range of services,Normal
3594-UVONA,Female,27,No,No,No,Costa Mesa,California,35,25-48,One Year,Cable,Credit Card,85.95,3110.1,3418.1,1,91,3833,1,Yes,Price,Extra data charges,Normal
0004-TLHLJ,Male,50,No,No,No,Costa Mesa,California,4,0-12,Month-to-Month,Fiber Optic,Bank Withdrawal,73.9,280.85,415.4500000000001,1,71,4479,1,Yes,Competitor,Competitor had better devices,Normal
5089-IFSDP,Female,39,No,Yes,No,Huntington Beach,California,58,49-72,Two Year,Fiber Optic,Bank Withdrawal,109.45,6144.55,7767.97,1,89,6424,1,Yes,Dissatisfaction,Product dissatisfaction,Normal
4817-VYYWS,Female,21,No,No,No,Silverado,California,30,25-48,Month-to-Month,Fiber Optic,Bank Withdrawal,100.2,2983.8,3335.7000000000003,1,90,3598,1,Yes,Dissatisfaction,Service dissatisfaction,Normal
1396-QWFBJ,Female,32,No,Yes,No,Rancho Santa Margarita,California,21,13-24,Month-to-Month,Fiber Optic,Bank Withdrawal,74.05,1565.7,1672.17,3,91,5630,1,Yes,Dissatisfaction,Lack of self-service on Website,Normal
5299-SJCZT,Male,57,No,No,No,Ladera Ranch,California,3,0-12,Month-to-Month,Fiber Optic,Bank Withdrawal,101.55,298.35,363.93,3,73,4480,1,Yes,Dissatisfaction,Network reliability,Normal
2898-LSJGD,Female,30,No,Yes,No,Santa Ana,California,21,13-24,One Year,Cable,Bank Withdrawal,55.95,1157.05,1167.05,1,74,5531,1,Yes,Attitude,Attitude of service provider,Normal
7359-PTSXY,Male,36,No,No,No,Tustin,California,1,0-12,Month-to-Month,DSL,Bank Withdrawal,45.75,45.75,69.99,1,90,3531,1,Yes,Attitude,Attitude of support person,Normal
4503-BDXBD,Male,41,No,No,No,Anaheim,California,11,0-12,Month-to-Month,Fiber Optic,Bank Withdrawal,74.95,815.5,1093.14,1,76,4251,1,Yes,Attitude,Attitude of support person,Normal
6086-ESGRL,Female,53,No,No,No,Brea,California,1,0-12,Month-to-Month,Fiber Optic,Credit Card,80.15,80.15,84.82000000000001,1,72,3947,1,Yes,Attitude,Attitude of support person,Normal
3886-CERTZ,Female,57,No,Yes,No,Fullerton,California,72,49-72,One Year,Fiber Optic,Bank Withdrawal,109.25,8109.8,10351.16,1,90,4261,1,Yes,Competitor,Competitor had better devices,Normal
5759-RCVCB,Female,20,No,No,No,Orange,California,3,0-12,Month-to-Month,DSL,Credit Card,35.2,108.95,108.95,1,91,5450,1,Yes,Competitor,Competitor had better devices,Normal
6372-RFVNS,Female,55,No,Yes,No,Placentia,California,1,0-12,Month-to-Month,Fiber Optic,Bank Withdrawal,78.8,78.8,106.84,3,87,5075,1,Yes,Attitude,Attitude of service provider,Normal
8938-UMKPI,Female,42,No,No,No,Corona,California,47,25-48,Month-to-Month,Fiber Optic,Bank Withdrawal,106.4,5127.95,6818.54,1,91,4804,1,Yes,Competitor,Competitor had better devices,Normal
0991-BRRFB,Male,31,No,No,No,Corona,California,18,13-24,Month-to-Month,DSL,Bank Withdrawal,49.4,874.8,1250.28,1,75,4028,1,Yes,Other,Deceased,Normal
6319-IEJWJ,Male,63,No,Yes,No,Camarillo,California,20,13-24,Month-to-Month,Fiber Optic,Bank Withdrawal,90.2,1776.55,2770.35,1,85,2058,1,Yes,Other,Moved,Normal
9025-AOMKI,Female,42,No,No,No,Carpinteria,California,6,0-12,Month-to-Month,Fiber Optic,Bank Withdrawal,93.55,536.4,799.1999999999999,2,71,5617,1,Yes,Other,Moved,Normal
5275-SQEIZ,Male,64,No,No,No,Ojai,California,1,0-12,Month-to-Month,Fiber Optic,Credit Card,80.85,80.85,95.76,1,77,3096,1,Yes,Competitor,Competitor had better devices,Normal
7716-YTYHG,Female,41,No,Yes,No,Oxnard,California,48,25-48,One Year,Fiber Optic,Mailed Check,82.05,4029.95,5179.549999999999,2,93,3365,1,Yes,Competitor,Competitor offered higher download speeds,Normal
4390-KYULV,Male,41,No,Yes,No,Piru,California,3,0-12,Month-to-Month,,Credit Card,20.55,51.15,163.98,1,90,4115,1,Yes,Attitude,Attitude of support person,Normal
8945-GRKHX,Female,41,No,No,No,Santa Barbara,California,1,0-12,Month-to-Month,Fiber Optic,Bank Withdrawal,78.65,78.65,124.74,1,81,2728,1,Yes,Competitor,Competitor had better devices,Normal
6959-UWKHF,Male,47,No,No,No,Alpaugh,California,1,0-12,Month-to-Month,Cable,Bank Withdrawal,42.9,42.9,46.92,1,87,4895,1,Yes,Competitor,Competitor had better devices,Normal
3815-SLMEF,Female,26,No,No,No,Avenal,California,3,0-12,Month-to-Month,Cable,Mailed Check,34.25,139.35,139.35,1,88,2802,1,Yes,Competitor,Competitor offered higher download speeds,Normal
5154-VEKBL,Female,30,No,No,No,Bodfish,California,9,0-12,Month-to-Month,Cable,Mailed Check,58.5,539.85,539.85,1,95,3032,1,Yes,Competitor,Competitor offered higher download speeds,Normal
4587-VVTOX,Female,23,No,Yes,No,Frazier Park,California,6,0-12,Month-to-Month,Fiber Optic,Bank Withdrawal,105.3,545.2,709.84,1,90,4163,1,Yes,Competitor,Competitor offered more data,Normal
4652-NNHNY,Male,32,No,Yes,No,Fellows,California,16,13-24,Month-to-Month,Fiber Optic,Bank Withdrawal,73.85,1284.2,1571.56,1,77,3226,1,Yes,Other,Don't know,Normal
8515-OCTJS,Female,61,No,No,No,Lemoore,California,25,25-48,Two Year,,Credit Card,24.75,692.1,1185.85,3,94,4931,1,Yes,Competitor,Competitor made better offer,Normal
5261-QSHQM,Female,31,No,No,No,Temecula,California,4,0-12,Month-to-Month,DSL,Bank Withdrawal,24.45,86.6,86.6,1,70,4909,1,Yes,Competitor,Competitor made better offer,Normal
8868-WOZGU,Male,33,No,No,No,Porterville,California,28,25-48,Month-to-Month,Fiber Optic,Bank Withdrawal,105.7,2979.5,3912.94,3,72,2464,1,Yes,Dissatisfaction,Service dissatisfaction,Normal
1334-FJSVR,Male,64,No,No,No,Sequoia National Park,California,1,0-12,Month-to-Month,DSL,Bank Withdrawal,24.25,24.25,24.25,1,85,2846,1,Yes,Dissatisfaction,Lack of self-service on Website,Normal
7625-XCQRH,Female,48,No,No,No,Strathmore,California,11,0-12,Month-to-Month,Fiber Optic,Bank Withdrawal,76.5,837.95,1009.55,3,76,2291,1,Yes,Dissatisfaction,Network reliability,Normal
1731-TVIUK,Female,47,No,No,No,Temecula,California,4,0-12,Month-to-Month,Fiber Optic,Bank Withdrawal,93.5,362.2,391.76,2,73,4554,1,Yes,Competitor,Competitor made better offer,Normal
0618-XWMSS,Male,60,No,No,No,Wasco,California,28,25-48,Month-to-Month,Fiber Optic,Bank Withdrawal,74.9,2068.55,3308.3900000000003,1,91,5392,1,Yes,Price,Long distance charges,Normal
2565-JSLRY,Male,21,No,No,No,Bakersfield,California,1,0-12,Month-to-Month,,Mailed Check,24.05,24.05,44.31,2,67,3162,1,Yes,Price,Price too high,Normal
6689-KXGBO,Female,36,No,No,No,San Luis Obispo,California,1,0-12,Month-to-Month,DSL,Bank Withdrawal,50.55,50.55,81.50999999999999,1,87,3420,1,Yes,Dissatisfaction,Product dissatisfaction,Normal
6615-NGGZJ,Male,56,No,No,No,Buellton,California,14,13-24,Month-to-Month,Fiber Optic,Bank Withdrawal,100.55,1415.55,1933.13,2,72,5224,1,Yes,Dissatisfaction,Service dissatisfaction,Normal
4255-DDUOU,Female,47,No,Yes,Yes,Casmalia,California,1,0-12,Month-to-Month,,Mailed Check,20.5,20.5,55.07,1,76,2398,1,Yes,Price,Long distance charges,Normal
2984-MIIZL,Male,51,No,No,No,Guadalupe,California,4,0-12,Month-to-Month,Fiber Optic,Bank Withdrawal,74.8,321.9,350.94,1,71,5882,1,Yes,Dissatisfaction,Network reliability,Normal
5590-YRFJT,Female,44,No,Yes,No,Lompoc,California,20,13-24,Month-to-Month,DSL,Bank Withdrawal,24.45,482.8,482.8,3,94,3298,1,Yes,Other,Don't know,Normal
3677-TNKIO,Female,27,No,No,No,Templeton,California,14,13-24,Month-to-Month,Fiber Optic,Credit Card,71.0,914.0,1421.5,1,95,3228,1,Yes,Other,Don't know,Normal
3329-WDIOK,Female,56,No,No,No,Edwards,California,3,0-12,Month-to-Month,Cable,Bank Withdrawal,50.6,155.35,155.35,1,83,4800,1,Yes,Dissatisfaction,Poor expertise of online support,Normal
2873-ZLIWT,Female,64,No,Yes,No,Temecula,California,40,25-48,Month-to-Month,Fiber Optic,Bank Withdrawal,84.85,3303.05,3384.25,2,91,5764,1,Yes,Competitor,Competitor made better offer,Normal
3415-TAILE,Female,21,No,Yes,Yes,Johannesburg,California,2,0-12,Month-to-Month,DSL,Credit Card,65.7,134.35,188.89,1,96,4265,1,Yes,Competitor,Competitor had better devices,Normal
1915-IOFGU,Female,53,No,No,No,Keene,California,1,0-12,Month-to-Month,Fiber Optic,Bank Withdrawal,70.5,70.5,111.89,2,90,4123,1,Yes,Competitor,Competitor offered higher download speeds,Normal
3045-XETSH,Female,34,No,No,No,Lake Hughes,California,10,0-12,Month-to-Month,Fiber Optic,Bank Withdrawal,94.85,953.45,1386.05,3,90,3074,1,Yes,Competitor,Competitor offered more data,Normal
7239-HZZCX,Male,21,No,No,No,Lancaster,California,1,0-12,Month-to-Month,,Credit Card,19.75,19.75,49.08,3,91,4851,1,Yes,Competitor,Competitor made better offer,Normal
7683-CBDKJ,Male,42,No,Yes,Yes,Palmdale,California,14,13-24,Month-to-Month,Cable,Bank Withdrawal,65.45,937.6,1576.0,1,90,2881,1,Yes,Competitor,Competitor had better devices,Normal
0628-CNQRM,Male,49,No,Yes,No,Temecula,California,22,13-24,One Year,Cable,Bank Withdrawal,67.5,1544.05,1979.65,1,76,3378,1,Yes,Other,Don't know,Normal
7665-TOALD,Female,25,No,No,No,Temecula,California,1,0-12,Month-to-Month,Fiber Optic,Bank Withdrawal,69.6,69.6,83.78999999999999,1,79,2412,1,Yes,Competitor,Competitor made better offer,Normal
0112-QWPNC,Male,61,No,Yes,No,Valyermo,California,49,49-72,One Year,Cable,Bank Withdrawal,84.35,4059.35,5997.299999999999,2,73,6452,1,Yes,Competitor,Competitor offered higher download speeds,Normal
2777-PHDEI,Female,20,No,No,No,Ahwahnee,California,1,0-12,Month-to-Month,Fiber Optic,Bank Withdrawal,78.05,78.05,117.46,1,91,3458,1,Yes,Competitor,Competitor offered more data,Normal
1196-AMORA,Male,63,No,No,No,Big Creek,California,7,0-12,Month-to-Month,Fiber Optic,Bank Withdrawal,73.6,520.0,786.49,1,87,2679,1,Yes,Competitor,Competitor offered more data,Normal
4282-YMKNA,Female,55,No,No,No,Biola,California,9,0-12,Month-to-Month,Fiber Optic,Bank Withdrawal,74.75,706.6,854.9200000000001,2,82,5003,1,Yes,Competitor,Competitor made better offer,Normal
5356-RHIPP,Male,38,No,No,No,Dinuba,California,1,0-12,Month-to-Month,,Credit Card,20.2,20.2,65.69,1,81,5355,1,Yes,Competitor,Competitor made better offer,Normal
0746-JTRFU,Male,22,No,No,No,Kingsburg,California,2,0-12,Month-to-Month,Cable,Bank Withdrawal,25.05,56.35,56.35,1,77,4810,1,Yes,Dissatisfaction,Product dissatisfaction,Normal
4628-CTTLA,Male,23,No,No,No,Sanger,California,57,49-72,Month-to-Month,DSL,Bank Withdrawal,39.3,2111.45,2191.45,1,66,4917,1,Yes,Dissatisfaction,Lack of self-service on Website,Normal
2876-VBBBL,Female,64,No,No,No,Shaver Lake,California,1,0-12,Month-to-Month,,Credit Card,20.25,20.25,30.96,2,85,2783,1,Yes,Attitude,Attitude of support person,Normal
6834-NXDCA,Female,30,No,No,No,South Dos Palos,California,13,13-24,Month-to-Month,DSL,Bank Withdrawal,23.9,300.8,300.8,3,82,2967,1,Yes,Dissatisfaction,Limited range of services,Normal
5597-GLBUC,Female,48,No,No,No,Squaw Valley,California,1,0-12,Month-to-Month,Fiber Optic,Bank Withdrawal,85.45,85.45,108.42,2,95,4931,1,Yes,Price,Lack of affordable download/upload speed,Normal
2748-MYRVK,Female,22,No,No,No,Fresno,California,63,49-72,One Year,Fiber Optic,Bank Withdrawal,99.9,6137.0,6664.9400000000005,3,71,4776,1,Yes,Price,Long distance charges,Normal
4822-YCXMX,Male,64,No,No,No,Fresno,California,25,25-48,Month-to-Month,Fiber Optic,Bank Withdrawal,84.8,2043.45,2251.2,1,70,4203,1,Yes,Price,Extra data charges,Normal
9821-POOTN,Male,48,No,Yes,No,San Dimas,California,35,25-48,Month-to-Month,Fiber Optic,Bank Withdrawal,75.2,2576.2,4272.65,2,94,4639,1,Yes,Price,Price too high,Normal
6559-ILWKJ,Male,44,No,Yes,No,Fresno,California,71,49-72,Two Year,Cable,Bank Withdrawal,49.35,3515.25,3615.25,1,95,4879,1,Yes,Dissatisfaction,Product dissatisfaction,Normal
4229-CZMLL,Male,49,No,No,No,Salinas,California,6,0-12,Month-to-Month,Fiber Optic,Bank Withdrawal,74.9,469.8,507.72,1,87,4160,1,Yes,Dissatisfaction,Service dissatisfaction,Normal
3663-MITLP,Female,43,No,No,No,Marina,California,15,13-24,Month-to-Month,Fiber Optic,Bank Withdrawal,101.25,1457.25,1709.55,3,85,3968,1,Yes,Dissatisfaction,Lack of self-service on Website,Normal
9025-ZRPVR,Male,59,No,No,No,Pacific Grove,California,9,0-12,Month-to-Month,,Credit Card,18.95,185.6,633.26,3,78,5403,1,Yes,Attitude,Attitude of support person,Normal
3285-UCQVC,Female,31,No,No,No,Seaside,California,37,25-48,Month-to-Month,DSL,Credit Card,28.6,973.55,973.55,2,82,4429,1,Yes,Other,Don't know,Normal
3737-GCSPV,Female,60,No,Yes,No,Millbrae,California,11,0-12,Month-to-Month,Fiber Optic,Credit Card,96.2,1222.05,1517.73,1,92,3101,1,Yes,Competitor,Competitor had better devices,Normal
4088-YLDSU,Male,21,No,Yes,No,Redwood City,California,55,49-72,One Year,Fiber Optic,Bank Withdrawal,104.15,5743.05,6326.6,1,86,4369,1,Yes,Competitor,Competitor had better devices,Normal
5797-APWZC,Female,41,No,No,No,San Francisco,California,1,0-12,Month-to-Month,Fiber Optic,Bank Withdrawal,90.6,90.6,122.28,1,92,2540,1,Yes,Competitor,Competitor offered higher download speeds,Normal
3683-QKIUE,Female,51,No,No,No,San Francisco,California,6,0-12,Month-to-Month,DSL,Bank Withdrawal,50.8,288.05,419.51,2,88,4713,1,Yes,Competitor,Competitor offered higher download speeds,Normal
4228-ZGYUW,Male,42,No,No,No,San Francisco,California,4,0-12,Month-to-Month,Fiber Optic,Bank Withdrawal,90.05,368.1,447.06,3,91,3212,1,Yes,Competitor,Competitor offered more data,Normal
3519-ZKXGG,Female,61,No,Yes,No,San Francisco,California,3,0-12,Month-to-Month,Fiber Optic,Bank Withdrawal,75.85,256.6,389.62,2,79,4062,1,Yes,Competitor,Competitor offered more data,Normal
6416-TVAIH,Male,39,No,Yes,No,San Francisco,California,1,0-12,Month-to-Month,Fiber Optic,Bank Withdrawal,68.5,68.5,99.12,3,89,5753,1,Yes,Competitor,Competitor offered more data,Normal
5108-ADXWO,Male,30,No,No,No,San Francisco,California,11,0-12,Month-to-Month,Fiber Optic,Bank Withdrawal,73.5,791.75,1219.43,1,75,4509,1,Yes,Competitor,Competitor made better offer,Normal
3066-RRJIO,Female,29,No,No,No,San Francisco,California,1,0-12,Month-to-Month,Fiber Optic,Credit Card,69.95,69.95,82.99000000000001,3,65,5341,1,Yes,Competitor,Competitor made better offer,Normal
6715-OFDBP,Male,52,No,No,No,Palo Alto,California,5,0-12,Month-to-Month,DSL,Bank Withdrawal,70.05,346.4,417.7,1,84,4944,1,Yes,Price,Price too high,Normal
1567-DSCIC,Male,59,No,No,No,San Mateo,California,8,0-12,Month-to-Month,Fiber Optic,Bank Withdrawal,94.0,773.65,964.77,1,71,2632,1,Yes,Dissatisfaction,Product dissatisfaction,Normal
2150-UWTFY,Female,21,No,Yes,Yes,San Mateo,California,22,13-24,Month-to-Month,DSL,Credit Card,61.15,1422.05,2447.61,1,87,4626,1,Yes,Dissatisfaction,Service dissatisfaction,Normal
2683-BPJSO,Male,37,No,Yes,No,Byron,California,29,25-48,Month-to-Month,Fiber Optic,Bank Withdrawal,84.45,2467.1,3289.83,1,91,2651,1,Yes,Dissatisfaction,Lack of self-service on Website,Normal
2157-MXBJS,Male,20,No,Yes,No,Calistoga,California,13,13-24,One Year,Cable,Credit Card,75.3,989.45,1525.31,3,89,4800,1,Yes,Dissatisfaction,Network reliability,Normal
1087-UDSIH,Female,38,No,No,No,Concord,California,3,0-12,Month-to-Month,,Credit Card,19.6,59.75,99.59,3,81,5000,1,Yes,Attitude,Attitude of support person,Normal
5445-PZWGX,Male,63,No,No,No,Travis Afb,California,62,49-72,One Year,Fiber Optic,Bank Withdrawal,102.0,6529.25,7140.21,1,87,5090,1,Yes,Price,Price too high,Normal
9170-CCKOU,Male,62,No,Yes,No,Fremont,California,17,13-24,Month-to-Month,Fiber Optic,Credit Card,90.2,1454.15,1659.17,1,91,2026,1,Yes,Dissatisfaction,Product dissatisfaction,Normal
1043-YCUTE,Male,19,No,Yes,No,Hayward,California,56,49-72,Two Year,,Credit Card,25.15,1327.15,2066.35,3,79,6484,1,Yes,Dissatisfaction,Service dissatisfaction,Normal
3814-MLAXC,Female,58,No,No,No,Hayward,California,31,25-48,Month-to-Month,Fiber Optic,Credit Card,79.85,2404.15,2919.6800000000003,1,67,2554,1,Yes,Dissatisfaction,Lack of self-service on Website,Normal
1226-UDFZR,Female,26,No,No,No,Lafayette,California,2,0-12,Month-to-Month,Cable,Credit Card,49.6,114.7,157.26,1,78,3599,1,Yes,Dissatisfaction,Network reliability,Normal
5442-UTCVD,Male,53,No,No,No,Pittsburg,California,3,0-12,Month-to-Month,Fiber Optic,Bank Withdrawal,91.85,257.05,388.21,1,91,2704,1,Yes,Attitude,Attitude of service provider,Normal
7734-DBOAI,Female,42,No,Yes,Yes,Pope Valley,California,1,0-12,Month-to-Month,DSL,Bank Withdrawal,40.1,40.1,50.1,1,93,5434,1,Yes,Attitude,Attitude of support person,Normal
2114-MGINA,Female,57,No,No,No,Rio Vista,California,14,13-24,Month-to-Month,Fiber Optic,Credit Card,89.8,1129.1,1273.3,1,81,4107,1,Yes,Attitude,Attitude of support person,Normal
4489-SNOJF,Female,28,No,Yes,Yes,Deer Park,California,35,25-48,Month-to-Month,DSL,Bank Withdrawal,72.25,2568.55,3453.0,1,83,5898,1,Yes,Other,Don't know,Normal
2187-LZGPL,Female,36,No,No,No,Walnut Creek,California,7,0-12,Month-to-Month,DSL,Credit Card,40.1,293.3,293.3,2,68,4414,1,Yes,Attitude,Attitude of service provider,Normal
9019-QVLZD,Female,58,No,No,No,Oakland,California,1,0-12,Month-to-Month,Fiber Optic,Bank Withdrawal,79.55,79.55,121.68,2,81,5082,1,Yes,Competitor,Competitor made better offer,Normal
3707-LRWZD,Female,44,No,No,No,Oakland,California,32,25-48,One Year,Fiber Optic,Bank Withdrawal,84.05,2781.85,4070.17,2,68,3553,1,Yes,Other,Moved,Normal
1455-ESIQH,Male,44,No,No,No,Oakland,California,1,0-12,Month-to-Month,Fiber Optic,Bank Withdrawal,89.1,89.1,105.16,2,79,2905,1,Yes,Other,Moved,Normal
2979-SXESE,Female,57,No,Yes,No,Berkeley,California,17,13-24,Month-to-Month,Cable,Bank Withdrawal,94.4,1607.2,2045.63,1,66,4103,1,Yes,Other,Moved,Normal
4013-TLDHQ,Male,59,No,No,No,Berkeley,California,19,13-24,Month-to-Month,Fiber Optic,Bank Withdrawal,78.25,1490.95,1875.89,1,72,3666,1,Yes,Competitor,Competitor had better devices,Normal
6121-VZNQB,Female,35,No,No,No,Bolinas,California,1,0-12,Month-to-Month,,Credit Card,19.1,19.1,53.89,2,84,5890,1,Yes,Competitor,Competitor made better offer,Normal
6996-KNSML,Female,26,No,No,No,Cotati,California,1,0-12,Month-to-Month,Fiber Optic,Bank Withdrawal,74.9,74.9,110.15,1,73,5919,1,Yes,Competitor,Competitor had better devices,Normal
2592-SEIFQ,Male,36,No,No,No,San Anselmo,California,3,0-12,Month-to-Month,DSL,Bank Withdrawal,24.75,66.95,66.95,2,69,3503,1,Yes,Competitor,Competitor offered higher download speeds,Normal
8642-GVWRF,Female,25,No,Yes,No,Capitola,California,2,0-12,Month-to-Month,Fiber Optic,Bank Withdrawal,79.7,165.0,222.72,1,65,3039,1,Yes,Competitor,Competitor had better devices,Normal
3400-ESFUW,Male,28,No,Yes,No,Cupertino,California,55,49-72,Two Year,DSL,Bank Withdrawal,57.55,3046.4,3590.4,1,69,5463,1,Yes,Competitor,Competitor offered more data,Normal
2057-ZBLPD,Female,50,No,Yes,No,Los Gatos,California,21,13-24,Month-to-Month,Fiber Optic,Bank Withdrawal,86.5,1808.7,2695.32,3,72,2036,1,Yes,Competitor,Competitor offered more data,Normal
5502-RLUYV,Female,42,No,Yes,No,Milpitas,California,69,49-72,Month-to-Month,Fiber Optic,Bank Withdrawal,103.95,7446.9,10013.7,2,86,4283,1,Yes,Competitor,Competitor made better offer,Normal
9039-RBEEE,Male,27,No,No,No,Santa Clara,California,39,25-48,Month-to-Month,Cable,Credit Card,48.95,1880.85,1880.85,1,80,3080,1,Yes,Price,Price too high,Normal
8417-FMLZI,Male,47,No,Yes,No,Santa Cruz,California,6,0-12,Month-to-Month,Fiber Optic,Credit Card,83.55,477.55,639.01,1,91,4242,1,Yes,Dissatisfaction,Product dissatisfaction,Normal
0515-YPMCW,Male,42,No,No,No,San Jose,California,1,0-12,Month-to-Month,Fiber Optic,Credit Card,70.45,70.45,123.32,1,90,3525,1,Yes,Competitor,Competitor had better devices,Normal
0378-XSZPU,Male,31,No,Yes,No,San Jose,California,58,49-72,One Year,Cable,Credit Card,60.3,3563.8,4562.56,2,88,4026,1,Yes,Dissatisfaction,Network reliability,Normal
4729-XKASR,Male,56,No,No,Yes,San Jose,California,1,0-12,Month-to-Month,DSL,Bank Withdrawal,24.75,24.75,24.75,1,96,3001,1,Yes,Competitor,Competitor had better devices,Normal
5449-FIBXJ,Male,34,No,Yes,No,San Jose,California,19,13-24,Month-to-Month,Fiber Optic,Bank Withdrawal,103.3,2012.7,2545.46,3,67,2349,1,Yes,Price,Lack of affordable download/upload speed,Normal
9837-BMCLM,Male,39,No,No,No,Stockton,California,3,0-12,Month-to-Month,Fiber Optic,Bank Withdrawal,78.5,242.05,337.69,2,71,3567,1,Yes,Price,Long distance charges,Normal
0137-UDEUO,Female,24,No,No,No,Stockton,California,3,0-12,Month-to-Month,,Credit Card,19.85,63.75,141.0,1,95,3398,1,Yes,Price,Long distance charges,Normal
4925-LMHOK,Male,29,No,No,No,Stockton,California,15,13-24,Month-to-Month,DSL,Credit Card,58.6,939.7,1161.55,2,90,2003,1,Yes,Dissatisfaction,Service dissatisfaction,Normal
1455-UGQVH,Male,35,No,Yes,No,Acampo,California,10,0-12,Month-to-Month,Fiber Optic,Bank Withdrawal,98.5,1037.75,1048.65,2,91,4501,1,Yes,Dissatisfaction,Lack of self-service on Website,Normal
8280-MQRQN,Female,39,No,No,No,Arnold,California,1,0-12,Month-to-Month,Cable,Mailed Check,50.45,50.45,74.15,3,69,2806,1,Yes,Dissatisfaction,Network reliability,Normal
2037-SGXHH,Male,25,No,Yes,No,Campo Seco,California,38,25-48,Month-to-Month,Fiber Optic,Bank Withdrawal,94.65,3624.3,5512.900000000001,2,71,3498,1,Yes,Other,Don't know,Normal
3178-FESZO,Female,45,No,No,No,Clements,California,1,0-12,Month-to-Month,Fiber Optic,Credit Card,100.25,100.25,120.48,1,91,5797,1,Yes,Other,Don't know,Normal
6087-MVHJH,Female,44,No,No,No,French Camp,California,16,13-24,Month-to-Month,Fiber Optic,Bank Withdrawal,88.45,1422.1,1846.9,2,88,5186,1,Yes,Other,Don't know,Normal
4603-JANFB,Male,51,No,No,No,Glencoe,California,1,0-12,Month-to-Month,Fiber Optic,Bank Withdrawal,69.85,69.85,81.97999999999999,1,90,4548,1,Yes,Competitor,Competitor had better devices,Normal
3018-TFTSU,Male,44,No,No,No,Hathaway Pines,California,12,0-12,Month-to-Month,Fiber Optic,Bank Withdrawal,81.7,858.6,1079.16,1,76,2850,1,Yes,Dissatisfaction,Poor expertise of phone support,Normal
4806-KEXQR,Male,27,No,No,No,Lockeford,California,4,0-12,Month-to-Month,Fiber Optic,Bank Withdrawal,79.9,324.3,496.54,1,77,4669,1,Yes,Competitor,Competitor had better devices,Normal
7083-YNSKY,Female,22,No,No,No,Lodi,California,15,13-24,Month-to-Month,,Credit Card,25.4,399.6,1087.2,1,86,2853,1,Yes,Attitude,Attitude of support person,Normal
7434-SHXLS,Female,21,No,No,No,Wallace,California,1,0-12,Month-to-Month,,Mailed Check,20.9,20.9,36.63,3,82,5421,1,Yes,Competitor,Competitor made better offer,Normal
7908-QCBCA,Female,47,No,Yes,No,Atwater,California,1,0-12,Month-to-Month,Fiber Optic,Mailed Check,69.4,69.4,112.86,1,65,2404,1,Yes,Competitor,Competitor had better devices,Normal
6711-FLDFB,Female,62,No,No,No,Big Oak Flat,California,7,0-12,Month-to-Month,Fiber Optic,Bank Withdrawal,74.9,541.15,868.68,1,68,5159,1,Yes,Competitor,Competitor had better devices,Normal
4702-IOQDC,Female,58,No,No,No,Gustine,California,1,0-12,Month-to-Month,Fiber Optic,Bank Withdrawal,70.1,70.1,116.27,3,91,2007,1,Yes,Competitor,Competitor offered higher download speeds,Normal
6178-KFNHS,Female,34,No,No,No,Hughson,California,12,0-12,Month-to-Month,Fiber Optic,Bank Withdrawal,78.3,909.25,1338.85,1,91,3545,1,Yes,Competitor,Competitor offered higher download speeds,Normal
1264-BYWMS,Male,40,No,No,No,La Grange,California,55,49-72,Month-to-Month,Fiber Optic,Bank Withdrawal,96.8,5283.95,7889.85,1,82,4089,1,Yes,Competitor,Competitor offered more data,Normal
9658-WYUFB,Female,57,No,No,No,Lathrop,California,17,13-24,Month-to-Month,Fiber Optic,Bank Withdrawal,94.4,1617.5,1988.44,1,66,2825,1,Yes,Competitor,Competitor offered more data,Normal
2013-SGDXK,Female,27,No,No,No,Mariposa,California,1,0-12,Month-to-Month,Fiber Optic,Bank Withdrawal,84.3,84.3,95.93,1,78,2172,1,Yes,Competitor,Competitor offered more data,Normal
3506-LCJDC,Male,52,No,Yes,Yes,Modesto,California,1,0-12,Month-to-Month,,Bank Withdrawal,19.95,19.95,27.98,1,76,4860,1,Yes,Price,Long distance charges,Normal
3934-HXCFZ,Male,33,No,Yes,No,Pinecrest,California,23,13-24,Month-to-Month,Fiber Optic,Bank Withdrawal,99.25,2186.4,2628.0,1,76,5338,1,Yes,Dissatisfaction,Service dissatisfaction,Normal
7666-WKRON,Female,39,No,No,No,Riverbank,California,39,25-48,Two Year,Fiber Optic,Bank Withdrawal,80.45,3201.55,4155.1,3,85,2224,1,Yes,Dissatisfaction,Lack of self-service on Website,Normal
4910-AQFFX,Male,30,No,Yes,No,Soulsbyville,California,9,0-12,Month-to-Month,Cable,Bank Withdrawal,79.35,661.25,956.28,3,93,4533,1,Yes,Dissatisfaction,Network reliability,Normal
2154-KVJFF,Female,42,No,No,No,Stevinson,California,15,13-24,Month-to-Month,Fiber Optic,Bank Withdrawal,79.75,1111.85,1754.2999999999995,3,65,2813,1,Yes,Dissatisfaction,Limited range of services,Normal
9647-ERGBE,Female,64,No,Yes,No,Turlock,California,30,25-48,Month-to-Month,Fiber Optic,Bank Withdrawal,100.05,3046.15,4238.35,1,91,4664,1,Yes,Competitor,Competitor had better devices,Normal
3428-XZMAZ,Male,64,No,No,No,Turlock,California,1,0-12,Month-to-Month,Fiber Optic,Bank Withdrawal,69.35,69.35,115.21,2,91,5796,1,Yes,Price,Long distance charges,Normal
0378-TOVMS,Female,20,No,No,No,Vernalis,California,3,0-12,Month-to-Month,Fiber Optic,Bank Withdrawal,85.8,272.2,304.0,1,89,5641,1,Yes,Competitor,Competitor had better devices,Normal
4355-HBJHH,Male,49,No,Yes,No,Waterford,California,67,49-72,Two Year,DSL,Bank Withdrawal,79.7,5293.4,8158.99,1,77,6289,1,Yes,Price,Price too high,Normal
0318-QUUOB,Male,25,No,Yes,No,Santa Rosa,California,1,0-12,Month-to-Month,Fiber Optic,Bank Withdrawal,80.55,80.55,124.22,1,91,4273,1,Yes,Competitor,Competitor had better devices,Normal
5520-FVEWJ,Female,28,No,Yes,No,Santa Rosa,California,12,0-12,Month-to-Month,Fiber Optic,Bank Withdrawal,84.5,916.9,1404.46,1,84,4154,1,Yes,Competitor,Competitor had better devices,Normal
5572-ZDXHY,Female,25,No,No,No,Santa Rosa,California,22,13-24,Month-to-Month,Fiber Optic,Mailed Check,84.3,1855.65,2495.19,1,85,5313,1,Yes,Competitor,Competitor had better devices,Normal
3750-CKVKH,Male,58,No,No,No,Clearlake Oaks,California,2,0-12,Month-to-Month,Fiber Optic,Bank Withdrawal,67.75,116.65,140.15,2,71,2299,1,Yes,Other,Don't know,Normal
4547-KQRTM,Female,60,No,No,No,Eldridge,California,10,0-12,Month-to-Month,Fiber Optic,Bank Withdrawal,80.05,830.7,1327.7,1,76,3740,1,Yes,Competitor,Competitor offered higher download speeds,Normal
4877-EVATK,Male,30,No,No,No,Elk,California,1,0-12,Month-to-Month,,Mailed Check,20.0,20.0,66.77000000000001,2,83,3657,1,Yes,Attitude,Attitude of service provider,Normal
7639-SUPCW,Female,32,No,No,No,Glen Ellen,California,22,13-24,Month-to-Month,DSL,Credit Card,48.8,1054.6,1161.5,1,91,2270,1,Yes,Competitor,Competitor made better offer,Normal
4658-HCOHW,Female,52,No,Yes,No,Redwood Valley,California,21,13-24,Month-to-Month,Fiber Optic,Bank Withdrawal,102.8,2110.15,2460.2200000000003,1,91,3123,1,Yes,Competitor,Competitor had better devices,Normal
3440-JPSCL,Female,26,No,No,No,Sonoma,California,6,0-12,Month-to-Month,Fiber Optic,Mailed Check,99.95,547.65,578.61,2,87,3722,1,Yes,Competitor,Competitor offered higher download speeds,Normal
2889-FPWRM,Male,31,No,Yes,No,Mckinleyville,California,72,49-72,One Year,Fiber Optic,Bank Withdrawal,117.8,8684.8,11195.44,2,91,4432,1,Yes,Competitor,Competitor offered higher download speeds,Normal
4290-BSXUX,Male,33,No,Yes,No,Fields Landing,California,3,0-12,Month-to-Month,Fiber Optic,Bank Withdrawal,79.65,251.75,381.56,1,87,5036,1,Yes,Competitor,Competitor offered more data,Normal
0325-XBFAC,Male,44,No,No,No,Hoopa,California,8,0-12,Month-to-Month,Fiber Optic,Bank Withdrawal,94.7,740.3,976.22,1,94,5811,1,Yes,Competitor,Competitor offered more data,Normal
2462-XIIJB,Male,33,No,No,No,Miranda,California,5,0-12,Month-to-Month,Fiber Optic,Bank Withdrawal,92.5,452.7,468.95,2,73,2810,1,Yes,Competitor,Competitor offered more data,Normal
4760-XOHVN,Female,54,No,Yes,Yes,Myers Flat,California,1,0-12,Month-to-Month,,Mailed Check,19.45,19.45,48.18,2,84,2865,1,Yes,Competitor,Competitor made better offer,Normal
7817-BOQPW,Female,32,No,No,No,Rio Dell,California,2,0-12,Month-to-Month,Fiber Optic,Bank Withdrawal,75.55,166.3,249.04,2,77,4320,1,Yes,Competitor,Competitor made better offer,Normal
1853-UDXBW,Male,38,No,Yes,No,Samoa,California,1,0-12,Month-to-Month,Fiber Optic,Bank Withdrawal,70.0,70.0,108.8,2,85,2485,1,Yes,Price,Price too high,Normal
5458-CQJTA,Male,56,No,Yes,No,Smith River,California,65,49-72,Two Year,DSL,Bank Withdrawal,74.8,4820.15,7450.699999999999,1,89,5207,1,Yes,Dissatisfaction,Product dissatisfaction,Normal
5219-YIPTK,Female,46,No,Yes,No,Trinidad,California,33,25-48,Month-to-Month,Fiber Optic,Bank Withdrawal,104.4,3409.6,3783.16,1,71,3185,1,Yes,Dissatisfaction,Service dissatisfaction,Normal
3540-RZJYU,Female,21,No,No,No,Zenia,California,15,13-24,Month-to-Month,Fiber Optic,Bank Withdrawal,86.2,1270.2,1670.65,1,90,5829,1,Yes,Dissatisfaction,Lack of self-service on Website,Normal
2091-MJTFX,Female,57,No,Yes,Yes,Auburn,California,30,25-48,Month-to-Month,DSL,Credit Card,51.2,1561.5,1561.5,3,79,4568,1,Yes,Dissatisfaction,Network reliability,Normal
0883-EIBTI,Female,23,No,No,No,Clarksburg,California,2,0-12,Month-to-Month,,Mailed Check,19.5,31.55,87.59,3,82,2484,1,Yes,Dissatisfaction,Limited range of services,Normal
7571-YXDAD,Female,37,No,No,No,Davis,California,2,0-12,Month-to-Month,Fiber Optic,Credit Card,74.9,147.15,223.71,1,93,2078,1,Yes,Price,Long distance charges,Normal
3393-FMZPV,Female,59,No,No,No,Elverta,California,25,25-48,Month-to-Month,Fiber Optic,Bank Withdrawal,100.25,2387.75,3293.75,1,74,2195,1,Yes,Price,Extra data charges,Normal
7486-KSRVI,Male,56,No,No,No,Folsom,California,43,25-48,One Year,Fiber Optic,Bank Withdrawal,100.0,4211.55,6044.46,1,93,4760,1,Yes,Dissatisfaction,Product dissatisfaction,Normal
8443-WVPSS,Male,58,No,Yes,No,Galt,California,10,0-12,Month-to-Month,Fiber Optic,Bank Withdrawal,99.85,990.9,1423.7,1,69,4243,1,Yes,Dissatisfaction,Service dissatisfaction,Normal
3006-XIMLN,Female,34,No,No,No,Garden Valley,California,2,0-12,Month-to-Month,Fiber Optic,Bank Withdrawal,94.2,193.8,279.58000000000004,2,79,5299,1,Yes,Dissatisfaction,Lack of self-service on Website,Normal
6305-YLBMM,Male,50,No,No,No,Hood,California,69,49-72,One Year,Fiber Optic,Bank Withdrawal,104.05,7262.0,7435.88,3,91,4254,1,Yes,Attitude,Attitude of service provider,Normal
3647-GMGDH,Male,52,No,Yes,No,Jackson,California,22,13-24,Month-to-Month,Fiber Optic,Credit Card,94.7,1914.9,2746.5,2,72,5615,1,Yes,Attitude,Attitude of support person,Normal
6595-COKXZ,Female,63,No,No,No,Plymouth,California,1,0-12,Month-to-Month,Cable,Mailed Check,44.45,44.45,92.76,3,65,4879,1,Yes,Attitude,Attitude of service provider,Normal
0362-ZBZWJ,Male,46,No,No,No,Thornton,California,36,25-48,Month-to-Month,Fiber Optic,Bank Withdrawal,84.9,3067.2,3954.96,1,69,2455,1,Yes,Attitude,Attitude of service provider,Normal
4211-MMAZN,Male,41,No,No,No,Vacaville,California,1,0-12,Month-to-Month,,Mailed Check,20.25,20.25,43.41,1,89,2959,1,Yes,Attitude,Attitude of support person,Normal
4274-OWWYO,Male,56,No,No,No,Walnut Grove,California,1,0-12,Month-to-Month,Fiber Optic,Bank Withdrawal,74.35,74.35,79.14999999999999,3,66,5633,1,Yes,Other,Deceased,Normal
1541-ETJZO,Male,58,No,No,No,Wheatland,California,1,0-12,Month-to-Month,DSL,Mailed Check,62.05,62.05,119.88,2,86,2937,1,Yes,Other,Moved,Normal
4106-HADHQ,Male,42,No,Yes,No,Emigrant Gap,California,39,25-48,One Year,DSL,Credit Card,80.0,3182.95,4575.25,1,76,2704,1,Yes,Other,Moved,Normal
2369-UAPKZ,Male,43,No,No,No,Meadow Vista,California,5,0-12,Month-to-Month,Fiber Optic,Mailed Check,104.1,541.9,736.3499999999999,3,76,3131,1,Yes,Other,Moved,Normal
0637-KVDLV,Male,30,No,No,No,Elk Grove,California,2,0-12,Month-to-Month,Fiber Optic,Bank Withdrawal,76.5,162.45,196.89,1,80,5944,1,Yes,Other,Don't know,Normal
6633-MPWBS,Male,47,No,No,No,Woodland,California,5,0-12,Month-to-Month,DSL,Bank Withdrawal,49.2,216.9,253.45,1,73,4336,1,Yes,Competitor,Competitor offered more data,Normal
8785-EPNCG,Male,42,No,No,No,Sacramento,California,11,0-12,Month-to-Month,,Credit Card,23.15,245.2,585.21,1,65,5671,1,Yes,Competitor,Competitor made better offer,Normal
5729-KLZAR,Female,22,No,Yes,No,Sacramento,California,4,0-12,Month-to-Month,Fiber Optic,Bank Withdrawal,80.85,302.75,519.87,1,73,2961,1,Yes,Competitor,Competitor had better devices,Normal
1582-RAFML,Male,26,No,No,No,Sacramento,California,1,0-12,Month-to-Month,Cable,Mailed Check,60.1,60.1,83.73,1,88,5654,1,Yes,Competitor,Competitor had better devices,Normal
8740-CRYFY,Male,62,No,No,No,Sacramento,California,1,0-12,Month-to-Month,Fiber Optic,Bank Withdrawal,78.95,78.95,102.91,2,75,2038,1,Yes,Competitor,Competitor offered higher download speeds,Normal
2962-XPMCQ,Male,56,No,No,No,Sacramento,California,2,0-12,Month-to-Month,DSL,Bank Withdrawal,45.15,98.5,111.44,2,81,2699,1,Yes,Competitor,Competitor offered higher download speeds,Normal
1678-FYZOW,Female,28,No,No,No,Sacramento,California,3,0-12,Month-to-Month,Fiber Optic,Bank Withdrawal,79.4,244.65,384.4500000000001,1,90,2448,1,Yes,Competitor,Competitor offered higher download speeds,Normal
8627-EHGIP,Male,38,No,No,No,Sacramento,California,44,25-48,One Year,Cable,Credit Card,53.95,2375.4,2375.4,2,91,3051,1,Yes,Competitor,Competitor offered more data,Normal
5480-TBGPH,Female,63,No,Yes,No,Sacramento,California,24,13-24,Month-to-Month,Fiber Optic,Credit Card,99.3,2431.35,3510.39,3,69,4811,1,Yes,Competitor,Competitor offered more data,Normal
8854-CCVSQ,Male,58,No,No,No,Browns Valley,California,18,13-24,Month-to-Month,Fiber Optic,Bank Withdrawal,80.65,1451.9,2181.56,2,95,3788,1,Yes,Competitor,Competitor offered more data,Normal
0511-JTEOY,Female,41,No,No,No,Canyon Dam,California,1,0-12,Month-to-Month,Fiber Optic,Mailed Check,71.1,71.1,81.28999999999999,2,91,5824,1,Yes,Competitor,Competitor made better offer,Normal
6532-YLWSI,Female,25,No,Yes,No,Crescent Mills,California,53,49-72,One Year,,Bank Withdrawal,20.8,1021.8,3027.8500000000004,3,78,4166,1,Yes,Price,Price too high,Normal
5175-AOBHI,Female,48,No,No,No,Hamilton City,California,4,0-12,Month-to-Month,Cable,Mailed Check,46.0,193.6,253.88,1,90,5246,1,Yes,Dissatisfaction,Lack of self-service on Website,Normal
5174-RNGBH,Female,27,No,No,No,Live Oak,California,9,0-12,Month-to-Month,Cable,Mailed Check,66.25,620.55,853.8399999999999,3,67,5515,1,Yes,Dissatisfaction,Network reliability,Normal
7270-BDIOA,Female,60,No,No,No,Maxwell,California,22,13-24,Month-to-Month,Fiber Optic,Bank Withdrawal,90.0,1993.8,2261.98,2,95,4739,1,Yes,Dissatisfaction,Limited range of services,Normal
9565-JSNFM,Male,39,No,No,No,Meadow Valley,California,38,25-48,One Year,Fiber Optic,Bank Withdrawal,70.45,2597.6,3878.58,3,82,5437,1,Yes,Price,Lack of affordable download/upload speed,Normal
0607-DAAHE,Male,62,No,No,No,Olivehurst,California,53,49-72,Two Year,,Bank Withdrawal,19.75,1052.35,2441.48,3,66,6265,1,Yes,Price,Long distance charges,Normal
9732-KPKBW,Male,49,No,No,No,Oroville,California,1,0-12,Month-to-Month,DSL,Bank Withdrawal,53.95,53.95,85.11,1,90,2771,1,Yes,Price,Extra data charges,Normal
9560-ARGQJ,Female,40,No,No,No,Quincy,California,16,13-24,Month-to-Month,Fiber Optic,Bank Withdrawal,81.0,1312.15,1518.87,1,83,2335,1,Yes,Dissatisfaction,Product dissatisfaction,Normal
5134-IKDAY,Female,34,No,Yes,No,Twain,California,1,0-12,Month-to-Month,Fiber Optic,Bank Withdrawal,69.8,69.8,80.88,3,96,2123,1,Yes,Dissatisfaction,Service dissatisfaction,Normal
5380-AFSSK,Female,44,No,No,No,Bella Vista,California,5,0-12,Month-to-Month,Fiber Optic,Mailed Check,93.9,486.85,719.1,1,92,5435,1,Yes,Other,Don't know,Normal
8714-EUHJO,Female,39,No,Yes,No,Castella,California,31,25-48,Month-to-Month,Cable,Bank Withdrawal,91.15,2995.45,4194.219999999999,2,83,5219,1,Yes,Dissatisfaction,Poor expertise of online support,Normal
3721-CNEYS,Female,45,No,No,No,Douglas City,California,2,0-12,Month-to-Month,Fiber Optic,Bank Withdrawal,70.95,137.95,168.61,1,94,5390,1,Yes,Dissatisfaction,Poor expertise of phone support,Normal
2568-OIADY,Female,26,No,Yes,No,Escondido,California,37,25-48,Month-to-Month,Fiber Optic,Bank Withdrawal,99.5,3762.0,5104.73,1,92,4233,1,Yes,Competitor,Competitor made better offer,Normal
1193-RTSLK,Female,26,No,No,No,Happy Camp,California,38,25-48,Month-to-Month,Fiber Optic,Credit Card,83.9,3233.6,4608.44,1,82,2157,1,Yes,Competitor,Competitor offered higher download speeds,Normal
5923-GXUOC,Male,37,No,No,No,Fallbrook,California,10,0-12,Month-to-Month,Fiber Optic,Bank Withdrawal,104.4,1081.45,1165.25,1,84,5035,1,Yes,Competitor,Competitor made better offer,Normal
4432-ADRLB,Male,46,No,No,No,Fallbrook,California,2,0-12,Month-to-Month,DSL,Mailed Check,44.65,74.9,134.7,1,91,4655,1,Yes,Competitor,Competitor made better offer,Normal
8993-PHFWD,Female,62,No,No,No,Old Station,California,3,0-12,Month-to-Month,DSL,Bank Withdrawal,25.25,58.9,58.9,1,76,2088,1,Yes,Competitor,Competitor had better devices,Normal
1565-RHDJD,Female,21,No,No,No,Palo Cedro,California,4,0-12,Month-to-Month,Fiber Optic,Bank Withdrawal,84.05,333.55,500.43,3,95,5552,1,Yes,Competitor,Competitor offered higher download speeds,Normal
3765-JXVKY,Female,23,No,No,No,Paynes Creek,California,1,0-12,Month-to-Month,Fiber Optic,Bank Withdrawal,74.7,74.7,118.81,1,75,4692,1,Yes,Competitor,Competitor offered more data,Normal
7330-WZLNC,Female,25,No,No,No,Red Bluff,California,5,0-12,Month-to-Month,Fiber Optic,Bank Withdrawal,90.8,455.5,462.95,3,73,5090,1,Yes,Competitor,Competitor offered more data,Normal
6635-MYYYZ,Female,59,No,No,No,Trinity Center,California,30,25-48,One Year,Cable,Bank Withdrawal,85.35,2530.4,3840.7,2,73,2313,1,Yes,Competitor,Competitor made better offer,Normal
5378-IKEEG,Female,47,No,No,No,Eagleville,California,1,0-12,Month-to-Month,Cable,Bank Withdrawal,35.75,35.75,35.75,3,70,3351,1,Yes,Price,Price too high,Normal
6413-XKKPU,Male,54,No,Yes,No,Sierra City,California,17,13-24,Month-to-Month,Fiber Optic,Bank Withdrawal,89.4,1539.45,1865.68,1,96,2544,1,Yes,Dissatisfaction,Service dissatisfaction,Normal
1449-XQEMT,Male,33,No,No,No,Susanville,California,3,0-12,Month-to-Month,,Mailed Check,19.8,58.15,103.51,1,79,4323,1,Yes,Price,Long distance charges,Normal
2626-URJFX,Male,55,No,Yes,Yes,Termo,California,4,0-12,Month-to-Month,DSL,Bank Withdrawal,50.9,225.6,259.92,3,69,5691,1,Yes,Dissatisfaction,Network reliability,Normal
2612-RRIDN,Male,25,No,No,No,Westwood,California,4,0-12,Month-to-Month,Fiber Optic,Bank Withdrawal,81.0,340.85,477.33,2,88,3591,1,Yes,Dissatisfaction,Limited range of services,Normal
4735-ASGMA,Male,55,No,No,No,Carnelian Bay,California,26,25-48,Month-to-Month,Fiber Optic,Bank Withdrawal,98.35,2515.3,3559.7200000000003,1,91,4997,1,Yes,Competitor,Competitor had better devices,Normal
3669-LVWZB,Male,20,No,No,No,Tahoma,California,5,0-12,Month-to-Month,DSL,Mailed Check,51.0,305.95,305.95,2,86,4630,1,Yes,Price,Long distance charges,Normal
6892-EZDTG,Female,55,No,Yes,No,Kings Beach,California,4,0-12,Month-to-Month,Fiber Optic,Bank Withdrawal,91.65,365.4,452.64,2,90,2140,1,Yes,Price,Extra data charges,Normal
9725-SCPZG,Male,47,No,No,No,South Lake Tahoe,California,1,0-12,Month-to-Month,Fiber Optic,Bank Withdrawal,90.85,90.85,91.98,3,80,5086,1,Yes,Price,Price too high,Normal
5884-GCYMI,Male,62,No,No,No,San Diego,California,1,0-12,Month-to-Month,Fiber Optic,Mailed Check,69.4,69.4,107.93,1,91,2847,1,Yes,Competitor,Competitor made better offer,Normal
7853-GVUDZ,Female,55,No,Yes,Yes,Los Angeles,California,1,0-12,Month-to-Month,,Credit Card,20.15,20.15,23.24,2,70,4277,1,Yes,Price,Long distance charges,Normal
3943-KDREE,Female,48,No,No,No,Los Angeles,California,26,25-48,Month-to-Month,Fiber Optic,Bank Withdrawal,74.95,1834.95,2290.73,2,76,2934,1,Yes,Other,Don't know,Normal
9239-ZBZZV,Female,23,No,No,No,Los Angeles,California,6,0-12,Month-to-Month,DSL,Bank Withdrawal,47.95,305.1,305.1,1,80,2240,1,Yes,Competitor,Competitor had better devices,Normal
4398-HSCJH,Female,57,No,No,No,Los Angeles,California,3,0-12,Month-to-Month,DSL,Bank Withdrawal,63.6,155.65,166.57,1,70,3155,1,Yes,Competitor,Competitor offered higher download speeds,Normal
4430-UZIPO,Male,44,No,No,No,San Diego,California,3,0-12,Month-to-Month,DSL,Mailed Check,36.85,108.7,108.7,1,91,5825,1,Yes,Competitor,Competitor made better offer,Normal
4855-SNKMY,Female,31,No,No,No,Los Angeles,California,1,0-12,Month-to-Month,DSL,Bank Withdrawal,44.1,44.1,48.510000000000005,3,70,5955,1,Yes,Competitor,Competitor made better offer,Normal
8008-HAWED,Male,38,No,No,No,Los Angeles,California,14,13-24,Month-to-Month,Cable,Bank Withdrawal,50.75,712.75,722.75,1,82,4883,1,Yes,Competitor,Competitor had better devices,Normal
1502-XFCVR,Female,57,No,No,No,Los Angeles,California,58,49-72,One Year,Fiber Optic,Bank Withdrawal,106.45,6145.85,7015.27,1,82,5902,1,Yes,Competitor,Competitor offered higher download speeds,Normal
9692-TUSXH,Female,23,No,No,No,Los Angeles,California,18,13-24,Month-to-Month,Fiber Optic,Bank Withdrawal,96.05,1740.7,2383.3,1,90,5581,1,Yes,Competitor,Competitor offered higher download speeds,Normal
7912-SYRQT,Female,35,No,No,No,Los Angeles,California,7,0-12,Month-to-Month,Fiber Optic,Bank Withdrawal,75.1,552.95,685.88,2,96,5514,1,Yes,Competitor,Competitor offered more data,Normal
8292-TYSPY,Male,55,No,No,No,Los Angeles,California,19,13-24,Month-to-Month,Cable,Credit Card,55.0,1046.5,1158.2,2,73,4539,1,Yes,Competitor,Competitor offered more data,Normal
1867-BDVFH,Male,35,No,Yes,No,Los Angeles,California,11,0-12,Month-to-Month,Fiber Optic,Bank Withdrawal,74.35,834.2,934.74,2,80,5075,1,Yes,Competitor,Competitor made better offer,Normal
2359-QWQUL,Female,35,No,Yes,No,Los Angeles,California,39,25-48,One Year,Fiber Optic,Credit Card,104.7,4134.85,4505.740000000001,2,68,2371,1,Yes,Competitor,Competitor made better offer,Normal
9103-TCIHJ,Female,60,No,No,No,Los Angeles,California,15,13-24,Month-to-Month,DSL,Mailed Check,55.7,899.8,1509.6999999999998,2,73,4519,1,Yes,Price,Price too high,Normal
4140-WJAWW,Female,57,No,No,No,Los Angeles,California,5,0-12,Month-to-Month,,Credit Card,19.85,108.05,138.9,1,91,3799,1,Yes,Price,Long distance charges,Normal
6653-CBBOM,Female,57,No,No,No,Compton,California,1,0-12,Month-to-Month,Fiber Optic,Bank Withdrawal,70.3,70.3,86.22,1,88,5963,1,Yes,Dissatisfaction,Service dissatisfaction,Normal
6101-IMRMM,Male,53,No,No,No,El Segundo,California,6,0-12,Month-to-Month,Fiber Optic,Mailed Check,94.5,575.45,684.9300000000001,2,91,3469,1,Yes,Dissatisfaction,Network reliability,Normal
8943-URTMR,Female,56,No,No,No,Lawndale,California,2,0-12,Month-to-Month,Fiber Optic,Mailed Check,79.65,152.7,210.78,2,91,5082,1,Yes,Price,Lack of affordable download/upload speed,Normal
2955-PSXOE,Female,48,No,No,No,Topanga,California,1,0-12,Month-to-Month,,Bank Withdrawal,20.2,20.2,63.72,2,91,3061,1,Yes,Price,Price too high,Normal
7762-URZQH,Male,30,No,Yes,No,Venice,California,66,49-72,Two Year,Fiber Optic,Credit Card,106.05,6981.35,8533.01,2,83,5602,1,Yes,Dissatisfaction,Product dissatisfaction,Normal
6907-NZZIJ,Female,54,No,No,No,Santa Monica,California,36,25-48,Month-to-Month,Fiber Optic,Bank Withdrawal,99.15,3615.6,4126.2,1,75,4188,1,Yes,Competitor,Competitor had better devices,Normal
2911-UREFD,Female,50,No,Yes,No,Santa Monica,California,39,25-48,Month-to-Month,DSL,Bank Withdrawal,55.9,2184.35,2184.35,1,67,5632,1,Yes,Dissatisfaction,Lack of self-service on Website,Normal
3744-ZRRDZ,Male,25,No,No,No,Torrance,California,21,13-24,Month-to-Month,Fiber Optic,Bank Withdrawal,82.35,1852.85,2120.81,1,90,2902,1,Yes,Dissatisfaction,Network reliability,Normal
5673-TIYIB,Male,34,No,No,No,Torrance,California,2,0-12,Month-to-Month,DSL,Credit Card,40.4,77.15,77.15,3,86,3620,1,Yes,Other,Don't know,Normal
1602-IJQQE,Female,42,No,No,No,Whittier,California,4,0-12,Month-to-Month,Fiber Optic,Bank Withdrawal,75.35,338.1,454.54,1,92,2220,1,Yes,Competitor,Competitor had better devices,Normal
4628-WQCQQ,Male,37,No,No,No,Whittier,California,35,25-48,One Year,Fiber Optic,Bank Withdrawal,85.15,3030.6,3923.45,1,81,5928,1,Yes,Competitor,Competitor had better devices,Normal
1644-IRKSF,Female,48,No,Yes,No,La Palma,California,33,25-48,One Year,Fiber Optic,Bank Withdrawal,93.8,3124.5,3785.16,3,76,5080,1,Yes,Attitude,Attitude of support person,Normal
3705-PSNGL,Male,49,No,No,No,Cerritos,California,45,25-48,One Year,,Bank Withdrawal,20.4,930.45,2073.45,3,87,5398,1,Yes,Price,Long distance charges,Normal
2606-RMDHZ,Male,47,No,No,No,Lakewood,California,6,0-12,Month-to-Month,DSL,Credit Card,30.5,208.7,208.7,1,93,4667,1,Yes,Competitor,Competitor had better devices,Normal
6861-OKBCE,Female,62,No,No,Yes,Seal Beach,California,11,0-12,Month-to-Month,,Credit Card,20.1,221.35,585.01,2,95,4500,1,Yes,Attitude,Attitude of support person,Normal
9940-RHLFB,Female,53,No,No,No,Sunset Beach,California,1,0-12,Month-to-Month,Fiber Optic,Bank Withdrawal,75.3,75.3,101.36,1,66,2176,1,Yes,Competitor,Competitor made better offer,Normal
1383-EZRWL,Female,62,No,No,No,Long Beach,California,7,0-12,Month-to-Month,,Mailed Check,20.05,164.85,502.39,2,89,5595,1,Yes,Other,Moved,Normal
4759-TRPLW,Male,40,No,No,No,Long Beach,California,1,0-12,Month-to-Month,Fiber Optic,Bank Withdrawal,70.4,70.4,100.03,1,70,4238,1,Yes,Competitor,Competitor had better devices,Normal
8563-IIOXK,Male,24,No,Yes,No,Duarte,California,7,0-12,One Year,DSL,Bank Withdrawal,49.75,331.3,584.28,1,75,5651,1,Yes,Competitor,Competitor offered higher download speeds,Normal
2982-VPSGI,Female,64,No,Yes,No,South Pasadena,California,11,0-12,Month-to-Month,Fiber Optic,Bank Withdrawal,94.0,1078.9,1361.27,1,67,2120,1,Yes,Competitor,Competitor made better offer,Normal
8199-ZLLSA,Male,53,No,No,No,Tujunga,California,67,49-72,One Year,Fiber Optic,Bank Withdrawal,118.35,7804.15,9322.37,1,91,6255,1,Yes,Competitor,Competitor had better devices,Normal
4625-EWPTF,Male,55,No,No,No,Pasadena,California,8,0-12,Month-to-Month,Cable,Bank Withdrawal,30.45,226.45,226.45,1,94,4549,1,Yes,Competitor,Competitor had better devices,Normal
5980-NOPLP,Female,19,No,Yes,No,Pasadena,California,44,25-48,Month-to-Month,Fiber Optic,Bank Withdrawal,96.1,4364.1,4858.660000000001,2,87,5606,1,Yes,Competitor,Competitor offered higher download speeds,Normal
9874-QLCLH,Female,38,No,Yes,No,Northridge,California,17,13-24,Month-to-Month,Fiber Optic,Bank Withdrawal,104.2,1743.5,1826.97,1,79,2365,1,Yes,Competitor,Competitor offered more data,Normal
6000-APYLU,Male,39,No,No,No,Valencia,California,9,0-12,Month-to-Month,Fiber Optic,Bank Withdrawal,80.8,713.1,896.1600000000001,3,90,3890,1,Yes,Competitor,Competitor offered more data,Normal
0947-IDHRQ,Female,21,No,No,No,Woodland Hills,California,7,0-12,Month-to-Month,Fiber Optic,Mailed Check,80.3,526.7,811.1700000000001,2,75,3949,1,Yes,Competitor,Competitor made better offer,Normal
9048-JVYVF,Male,48,No,No,No,Fallbrook,California,3,0-12,Month-to-Month,Cable,Bank Withdrawal,69.35,191.35,298.27,2,91,3520,1,Yes,Other,Don't know,Normal
1902-XBTFB,Male,39,No,No,No,North Hollywood,California,22,13-24,Month-to-Month,Fiber Optic,Bank Withdrawal,89.4,2001.5,2872.26,2,91,5438,1,Yes,Dissatisfaction,Lack of self-service on Website,Normal
2794-XIMMO,Male,61,No,Yes,No,Rancho Cucamonga,California,53,49-72,One Year,DSL,Bank Withdrawal,60.45,3184.25,3184.25,2,91,5650,1,Yes,Price,Lack of affordable download/upload speed,Normal
8382-SHQEH,Female,58,No,Yes,No,Rancho Cucamonga,California,8,0-12,Month-to-Month,Fiber Optic,Bank Withdrawal,84.9,764.95,996.95,1,85,2656,1,Yes,Price,Long distance charges,Normal
2983-ZANRP,Female,27,No,Yes,No,La Puente,California,2,0-12,Month-to-Month,Fiber Optic,Bank Withdrawal,73.55,145.4,162.4,1,90,5799,1,Yes,Competitor,Competitor had better devices,Normal
7845-URHJN,Female,24,No,Yes,No,Hacienda Heights,California,8,0-12,Month-to-Month,,Bank Withdrawal,20.15,156.25,247.05,3,91,4785,1,Yes,Price,Price too high,Normal
3034-ZBEQN,Female,31,No,Yes,No,La Puente,California,48,25-48,One Year,DSL,Mailed Check,34.7,1604.5,1604.5,2,90,5995,1,Yes,Dissatisfaction,Product dissatisfaction,Normal
0302-JOIVN,Female,47,No,Yes,No,San Diego,California,8,0-12,Month-to-Month,Fiber Optic,Bank Withdrawal,101.15,842.9,977.94,2,76,2750,1,Yes,Competitor,Competitor made better offer,Normal
5366-IJEQJ,Male,20,No,No,No,San Diego,California,20,13-24,Month-to-Month,Fiber Optic,Bank Withdrawal,88.7,1761.45,1872.25,1,86,4115,1,Yes,Other,Don't know,Normal
1981-INRFU,Female,44,No,No,No,San Diego,California,2,0-12,Month-to-Month,Fiber Optic,Bank Withdrawal,79.75,164.5,181.14,3,91,5172,1,Yes,Competitor,Competitor made better offer,Normal
4971-PUYQO,Female,48,No,No,No,San Diego,California,27,25-48,Month-to-Month,Fiber Optic,Mailed Check,94.55,2724.6,3024.03,2,89,4464,1,Yes,Competitor,Competitor made better offer,Normal
1527-SXDPN,Male,63,No,Yes,No,San Diego,California,52,49-72,Two Year,Fiber Optic,Bank Withdrawal,96.25,4990.25,7532.93,3,90,4751,1,Yes,Competitor,Competitor made better offer,Normal
8634-CILSZ,Male,52,No,No,No,San Diego,California,69,49-72,One Year,Fiber Optic,Bank Withdrawal,104.7,7220.35,8630.710000000001,3,71,6350,1,Yes,Competitor,Competitor made better offer,Normal
6682-QJDGB,Male,20,No,No,Yes,San Diego,California,40,25-48,Month-to-Month,DSL,Mailed Check,55.25,2139.2,2462.4,1,65,2810,1,Yes,Competitor,Competitor made better offer,Normal
8780-IXSTS,Female,53,No,No,No,San Diego,California,6,0-12,Month-to-Month,Fiber Optic,Bank Withdrawal,90.1,521.3,528.1999999999999,1,71,5656,1,Yes,Competitor,Competitor made better offer,Normal
9530-EHPOH,Male,60,No,No,No,San Diego,California,11,0-12,Month-to-Month,DSL,Bank Withdrawal,53.75,608.0,773.3299999999999,1,91,3407,1,Yes,Competitor,Competitor made better offer,Normal
0345-HKJVM,Female,43,No,No,No,San Diego,California,6,0-12,Month-to-Month,Fiber Optic,Bank Withdrawal,89.3,577.6,593.2,1,91,5800,1,Yes,Other,Don't know,Normal
3049-SOLAY,Female,21,No,Yes,No,San Diego,California,3,0-12,Month-to-Month,Fiber Optic,Bank Withdrawal,95.2,292.85,382.63,1,86,4176,1,Yes,Competitor,Competitor made better offer,Normal
3235-ETOOB,Male,51,No,Yes,No,San Diego,California,8,0-12,Month-to-Month,Fiber Optic,Bank Withdrawal,74.5,609.9,993.18,2,88,3683,1,Yes,Competitor,Competitor made better offer,Normal
8058-INTPH,Female,57,No,No,No,San Diego,California,1,0-12,Month-to-Month,Fiber Optic,Bank Withdrawal,79.65,79.65,102.13,3,71,2119,1,Yes,Competitor,Competitor made better offer,Normal
8821-XNHVZ,Female,53,No,Yes,No,San Diego,California,1,0-12,Month-to-Month,Fiber Optic,Mailed Check,80.05,80.05,119.84,3,82,2943,1,Yes,Competitor,Competitor made better offer,Normal
2082-OJVTK,Male,25,No,Yes,No,San Diego,California,29,25-48,Month-to-Month,Fiber Optic,Bank Withdrawal,89.2,2698.35,2814.35,1,91,5292,1,Yes,Competitor,Competitor made better offer,Normal
5940-NFXKV,Male,59,No,Yes,No,San Diego,California,19,13-24,Month-to-Month,Fiber Optic,Bank Withdrawal,83.65,1465.75,1863.46,2,88,3427,1,Yes,Competitor,Competitor made better offer,Normal
8053-WWDRO,Female,62,No,Yes,No,San Diego,California,6,0-12,Month-to-Month,,Bank Withdrawal,19.5,146.3,336.5,3,67,5579,1,Yes,Competitor,Competitor made better offer,Normal
9564-KCLHR,Male,58,No,No,No,San Diego,California,1,0-12,Month-to-Month,DSL,Mailed Check,51.25,51.25,57.69,1,94,2180,1,Yes,Competitor,Competitor made better offer,Normal
2082-CEFLT,Male,31,No,No,No,San Diego,California,1,0-12,Month-to-Month,DSL,Bank Withdrawal,45.6,45.6,57.33,1,88,3037,1,Yes,Competitor,Competitor made better offer,Normal
1213-NGCUN,Female,49,No,No,No,San Diego,California,6,0-12,Month-to-Month,DSL,Bank Withdrawal,49.65,267.35,560.69,2,88,4248,1,Yes,Dissatisfaction,Lack of self-service on Website,Normal
5688-KZTSN,Male,59,No,Yes,Yes,San Diego,California,15,13-24,Month-to-Month,,Bank Withdrawal,20.0,288.05,755.1500000000001,1,73,4672,1,Yes,Competitor,Competitor made better offer,Normal
2894-QOJRX,Female,19,No,Yes,No,San Diego,California,25,25-48,Month-to-Month,Cable,Bank Withdrawal,34.0,853.0,853.0,1,93,5024,1,Yes,Competitor,Competitor had better devices,Normal
3143-JQEGI,Female,52,No,Yes,No,San Diego,California,13,13-24,Month-to-Month,Fiber Optic,Bank Withdrawal,88.35,1222.8,1454.59,2,81,3740,1,Yes,Competitor,Competitor made better offer,Normal
6386-SZZKH,Female,38,No,Yes,No,San Diego,California,49,49-72,Two Year,Fiber Optic,Bank Withdrawal,107.95,5293.2,5609.25,2,92,5785,1,Yes,Competitor,Competitor made better offer,Normal
3521-SYVOR,Female,26,No,No,No,San Diego,California,37,25-48,Month-to-Month,Cable,Bank Withdrawal,64.75,2345.2,2466.19,1,80,5554,1,Yes,Attitude,Attitude of support person,Normal
9526-JAWYF,Male,49,No,No,No,San Diego,California,26,25-48,Month-to-Month,Fiber Optic,Bank Withdrawal,89.8,2335.3,2497.54,1,71,3452,1,Yes,Competitor,Competitor made better offer,Normal
5649-VUKMC,Female,61,No,No,No,San Diego,California,12,0-12,One Year,Fiber Optic,Mailed Check,95.5,1115.15,1532.87,2,88,3538,1,Yes,Competitor,Competitor made better offer,Normal
4919-IKATY,Male,64,No,Yes,No,San Diego,California,5,0-12,Month-to-Month,Fiber Optic,Bank Withdrawal,84.5,453.75,638.15,1,91,5141,1,Yes,Competitor,Competitor made better offer,Normal
9050-QLROH,Male,26,No,No,No,San Diego,California,18,13-24,Month-to-Month,Fiber Optic,Credit Card,90.7,1597.25,2111.87,1,89,2931,1,Yes,Competitor,Competitor made better offer,Normal
0877-SDMBN,Female,20,No,No,No,San Diego,California,54,49-72,One Year,Fiber Optic,Bank Withdrawal,103.95,5639.05,7986.43,3,91,6117,1,Yes,Competitor,Competitor made better offer,Normal
8065-YKXKD,Female,39,No,No,No,San Diego,California,10,0-12,Month-to-Month,Fiber Optic,Bank Withdrawal,74.75,799.65,855.9499999999999,1,69,5578,1,Yes,Other,Don't know,Normal
9637-EIHEQ,Female,20,No,No,No,San Diego,California,1,0-12,Month-to-Month,Cable,Bank Withdrawal,50.8,50.8,73.62,2,68,4535,1,Yes,Competitor,Competitor made better offer,Normal
9689-PTNPG,Male,42,No,No,No,San Diego,California,2,0-12,Month-to-Month,Fiber Optic,Bank Withdrawal,80.25,144.55,232.61,1,80,5055,1,Yes,Competitor,Competitor made better offer,Normal
9465-RWMXL,Male,62,No,Yes,No,San Diego,California,32,25-48,Month-to-Month,Fiber Optic,Bank Withdrawal,78.9,2447.95,3170.19,3,90,5949,1,Yes,Competitor,Competitor made better offer,Normal
2362-IBOOY,Male,22,No,No,No,San Diego,California,36,25-48,Month-to-Month,Fiber Optic,Bank Withdrawal,84.75,3050.15,4633.07,3,76,5272,1,Yes,Competitor,Competitor made better offer,Normal
0843-WTBXE,Male,38,No,No,No,San Diego,California,53,49-72,Month-to-Month,Fiber Optic,Bank Withdrawal,85.45,4517.25,5388.04,1,90,4753,1,Yes,Other,Don't know,Normal
5515-IDEJJ,Male,46,No,Yes,Yes,San Diego,California,1,0-12,Month-to-Month,,Mailed Check,19.9,19.9,65.67,1,67,5441,1,Yes,Competitor,Competitor made better offer,Normal
5376-DEQCP,Female,48,No,No,No,San Diego,California,1,0-12,Month-to-Month,Fiber Optic,Bank Withdrawal,70.6,70.6,97.72,3,85,4063,1,Yes,Competitor,Competitor made better offer,Normal
9095-HFAFX,Female,61,No,No,No,San Diego,California,5,0-12,Month-to-Month,Fiber Optic,Credit Card,81.0,389.6,500.6,2,96,3718,1,Yes,Competitor,Competitor made better offer,Normal
2379-ENZGV,Male,61,No,No,No,San Diego,California,6,0-12,Month-to-Month,Fiber Optic,Bank Withdrawal,84.85,523.5,759.4200000000001,2,72,3420,1,Yes,Competitor,Competitor made better offer,Normal
2722-VOJQL,Male,30,No,No,No,San Diego,California,64,49-72,One Year,Fiber Optic,Credit Card,105.65,6903.1,8453.82,1,91,4870,1,Yes,Other,Don't know,Normal
5228-EXCET,Male,40,No,No,No,San Diego,California,13,13-24,Month-to-Month,Fiber Optic,Bank Withdrawal,80.85,1008.7,1171.72,1,85,5964,1,Yes,Competitor,Competitor made better offer,Normal
7394-FKDNK,Female,62,No,Yes,No,San Diego,California,9,0-12,Month-to-Month,Fiber Optic,Bank Withdrawal,89.45,853.1,1091.69,2,91,4971,1,Yes,Competitor,Competitor made better offer,Normal
6331-LWDTQ,Male,49,No,No,No,Rialto,California,10,0-12,Month-to-Month,DSL,Credit Card,72.15,794.25,1211.75,2,91,2457,1,Yes,Dissatisfaction,Limited range of services,Normal
1597-FZREH,Female,39,No,No,No,Shoshone,California,2,0-12,Month-to-Month,DSL,Bank Withdrawal,76.4,160.8,244.08,2,91,3005,1,Yes,Price,Lack of affordable download/upload speed,Normal
0727-IWKVK,Male,35,No,Yes,No,Yermo,California,9,0-12,Month-to-Month,Fiber Optic,Bank Withdrawal,79.9,741.7,914.32,2,91,4748,1,Yes,Price,Extra data charges,Normal
3512-IZIKN,Female,57,No,Yes,No,San Bernardino,California,70,49-72,Two Year,DSL,Credit Card,65.3,4759.75,7746.65,1,85,5591,1,Yes,Dissatisfaction,Product dissatisfaction,Normal
6141-OOXUQ,Male,43,No,No,No,San Bernardino,California,1,0-12,Month-to-Month,,Mailed Check,19.65,19.65,36.9,2,69,5717,1,Yes,Dissatisfaction,Service dissatisfaction,Normal
7503-ZGUZJ,Male,25,No,No,No,Riverside,California,1,0-12,Month-to-Month,Fiber Optic,Mailed Check,84.65,84.65,146.95000000000002,1,79,4261,1,Yes,Dissatisfaction,Lack of self-service on Website,Normal
8718-PTMEZ,Female,46,No,No,No,Lake Elsinore,California,13,13-24,Month-to-Month,Cable,Bank Withdrawal,31.05,347.25,347.25,2,90,5131,1,Yes,Other,Don't know,Normal
2207-OBZNX,Male,56,No,No,No,Aguanga,California,7,0-12,Month-to-Month,Cable,Mailed Check,51.0,354.05,595.48,1,90,3736,1,Yes,Attitude,Attitude of service provider,Normal
6142-VSJQO,Female,27,No,Yes,Yes,Homeland,California,1,0-12,Month-to-Month,Cable,Bank Withdrawal,44.35,44.35,84.77000000000001,2,90,4599,1,Yes,Attitude,Attitude of support person,Normal
6437-UKHMV,Female,31,No,No,No,Moreno Valley,California,7,0-12,Month-to-Month,Fiber Optic,Bank Withdrawal,79.7,586.05,788.49,2,91,3109,1,Yes,Attitude,Attitude of support person,Normal
1114-CENIM,Male,43,No,No,Yes,San Jacinto,California,54,49-72,Month-to-Month,Cable,Credit Card,55.0,3092.65,3454.4500000000003,1,84,5282,1,Yes,Other,Don't know,Normal
6289-CPNLD,Male,33,No,Yes,No,Temecula,California,33,25-48,One Year,DSL,Mailed Check,73.9,2405.05,3504.61,1,73,5374,1,Yes,Competitor,Competitor had better devices,Normal
5536-SLHPM,Female,38,No,Yes,No,Temecula,California,55,49-72,Month-to-Month,Fiber Optic,Bank Withdrawal,77.75,4458.15,5525.7,2,79,4398,1,Yes,Competitor,Competitor made better offer,Normal
8837-VVWLQ,Female,35,No,No,No,Capistrano Beach,California,8,0-12,Month-to-Month,Fiber Optic,Bank Withdrawal,84.95,668.4,926.88,1,81,4437,1,Yes,Other,Moved,Normal
2696-NARTR,Male,40,No,No,No,Corona Del Mar,California,11,0-12,Month-to-Month,Fiber Optic,Bank Withdrawal,73.85,926.25,1420.59,2,66,3634,1,Yes,Other,Moved,Normal
7614-QVWQL,Male,57,No,Yes,No,Costa Mesa,California,49,49-72,One Year,DSL,Bank Withdrawal,51.8,2541.25,2591.25,2,67,5375,1,Yes,Other,Moved,Normal
1809-DMJHQ,Female,56,No,No,Yes,Newport Beach,California,5,0-12,Month-to-Month,DSL,Mailed Check,46.0,221.7,341.15,1,85,4846,1,Yes,Competitor,Competitor had better devices,Normal
6923-EFPNL,Male,39,No,No,No,Silverado,California,4,0-12,Month-to-Month,DSL,Credit Card,51.75,201.1,241.02,1,83,3865,1,Yes,Competitor,Competitor had better devices,Normal
9574-RKJIF,Male,52,No,Yes,No,Trabuco Canyon,California,30,25-48,Month-to-Month,Fiber Optic,Bank Withdrawal,94.4,2838.7,3784.2,1,71,2792,1,Yes,Competitor,Competitor offered higher download speeds,Normal
2619-WFQWU,Female,34,No,No,No,Mission Viejo,California,1,0-12,Month-to-Month,Fiber Optic,Mailed Check,70.15,70.15,72.39,3,96,3208,1,Yes,Competitor,Competitor offered higher download speeds,Normal
0778-NELLA,Male,43,No,No,No,Anaheim,California,9,0-12,Month-to-Month,DSL,Credit Card,34.7,296.1,296.1,1,95,5352,1,Yes,Competitor,Competitor offered higher download speeds,Normal
4614-NUVZD,Female,53,No,No,No,Anaheim,California,1,0-12,Month-to-Month,Fiber Optic,Bank Withdrawal,81.1,81.1,103.96,3,85,2075,1,Yes,Competitor,Competitor offered more data,Normal
3803-KMQFW,Female,25,No,Yes,Yes,Brea,California,1,0-12,Month-to-Month,,Credit Card,20.55,20.55,58.47,3,78,3797,1,Yes,Attitude,Attitude of support person,Normal
6804-GDMOI,Female,39,No,No,No,Brea,California,61,49-72,Two Year,Fiber Optic,Bank Withdrawal,106.6,6428.4,8943.43,3,68,4183,1,Yes,Competitor,Competitor offered more data,Normal
9572-MTILT,Male,47,No,Yes,No,Fullerton,California,59,49-72,Month-to-Month,Fiber Optic,Bank Withdrawal,106.75,6252.9,9202.19,1,81,4508,1,Yes,Competitor,Competitor made better offer,Normal
9611-CTWIH,Female,56,No,No,No,Garden Grove,California,3,0-12,Month-to-Month,Fiber Optic,Bank Withdrawal,89.45,240.45,288.9,3,84,3591,1,Yes,Competitor,Competitor made better offer,Normal
0329-GTIAJ,Female,40,No,No,No,Garden Grove,California,3,0-12,Month-to-Month,Fiber Optic,Bank Withdrawal,97.9,315.3,405.84,3,86,4330,1,Yes,Price,Price too high,Normal
6629-CZTTH,Male,62,No,No,No,Orange,California,1,0-12,Month-to-Month,Cable,Credit Card,55.7,55.7,103.92,1,79,4629,1,Yes,Dissatisfaction,Product dissatisfaction,Normal
5364-EVNIB,Male,61,No,No,No,Orange,California,13,13-24,Month-to-Month,Fiber Optic,Bank Withdrawal,79.8,973.45,1374.89,2,75,5067,1,Yes,Dissatisfaction,Service dissatisfaction,Normal
5087-SUURX,Female,46,No,Yes,No,Yorba Linda,California,18,13-24,Month-to-Month,Cable,Bank Withdrawal,39.05,669.85,669.85,3,66,2601,1,Yes,Dissatisfaction,Lack of self-service on Website,Normal
4929-BSTRX,Female,61,No,No,No,Oxnard,California,1,0-12,Month-to-Month,Cable,Credit Card,53.55,53.55,55.14,1,79,2326,1,Yes,Price,Lack of affordable download/upload speed,Normal
2225-ZRGSG,Female,38,No,Yes,No,Piru,California,70,49-72,Two Year,Fiber Optic,Bank Withdrawal,93.9,6579.05,6962.650000000001,1,95,6173,1,Yes,Price,Long distance charges,Normal
5271-YNWVR,Male,48,No,Yes,No,Santa Paula,California,68,49-72,Two Year,Fiber Optic,Bank Withdrawal,113.15,7856.0,9465.56,1,90,4610,1,Yes,Price,Extra data charges,Normal
6330-JKLPC,Male,42,No,Yes,No,Somis,California,11,0-12,Month-to-Month,Fiber Optic,Bank Withdrawal,80.5,896.9,1023.4,1,75,5119,1,Yes,Dissatisfaction,Product dissatisfaction,Normal
4667-OHGKG,Male,61,No,No,No,Summerland,California,1,0-12,Month-to-Month,,Credit Card,19.3,19.3,68.5,3,91,4266,1,Yes,Dissatisfaction,Service dissatisfaction,Normal
1660-HSOOQ,Male,60,No,No,No,Santa Barbara,California,1,0-12,Month-to-Month,DSL,Credit Card,49.65,49.65,93.83,3,90,5338,1,Yes,Dissatisfaction,Lack of self-service on Website,Normal
7253-UVNDW,Female,52,No,No,No,Santa Barbara,California,46,25-48,Two Year,DSL,Credit Card,54.35,2460.15,4539.35,3,83,2793,1,Yes,Dissatisfaction,Network reliability,Normal
7228-OMTPN,Male,32,No,No,No,Santa Barbara,California,4,0-12,Month-to-Month,Fiber Optic,Bank Withdrawal,88.45,370.65,567.21,3,91,2456,1,Yes,Other,Don't know,Normal
2344-JMOGN,Male,54,No,Yes,No,Buttonwillow,California,9,0-12,Month-to-Month,Fiber Optic,Credit Card,94.85,890.6,1047.83,2,72,3016,1,Yes,Other,Don't know,Normal
3799-ISUZQ,Male,49,No,Yes,No,California Hot Springs,California,7,0-12,Month-to-Month,Fiber Optic,Bank Withdrawal,69.95,529.5,777.44,2,90,3296,1,Yes,Dissatisfaction,Poor expertise of online support,Normal
1794-HBQTJ,Female,22,No,No,No,Corcoran,California,1,0-12,Month-to-Month,Cable,Credit Card,48.6,48.6,55.14,1,83,4207,1,Yes,Dissatisfaction,Poor expertise of phone support,Normal
4818-DRBQT,Male,29,No,Yes,No,Farmersville,California,29,25-48,Month-to-Month,Fiber Optic,Bank Withdrawal,80.15,2265.25,3020.12,3,83,5189,1,Yes,Attitude,Attitude of support person,Normal
1320-HTRDR,Female,30,No,No,No,Fellows,California,3,0-12,Month-to-Month,Fiber Optic,Bank Withdrawal,75.5,220.6,363.13,2,79,5948,1,Yes,Attitude,Attitude of service provider,Normal
1493-AMTIE,Male,28,No,No,No,Ivanhoe,California,1,0-12,Month-to-Month,,Bank Withdrawal,20.2,20.2,31.18,1,87,5394,1,Yes,Price,Long distance charges,Normal
6424-ELEYH,Female,39,No,Yes,No,Lebec,California,3,0-12,Month-to-Month,Fiber Optic,Credit Card,74.75,229.5,335.04,1,65,3972,1,Yes,Competitor,Competitor had better devices,Normal
4391-RESHN,Male,49,No,No,No,Lemon Cove,California,23,13-24,Month-to-Month,Fiber Optic,Credit Card,104.05,2470.1,2844.54,1,93,5963,1,Yes,Competitor,Competitor had better devices,Normal
6821-BUXUX,Female,28,No,No,No,Temecula,California,13,13-24,Month-to-Month,Fiber Optic,Bank Withdrawal,96.65,1244.5,1465.76,1,65,2110,1,Yes,Competitor,Competitor made better offer,Normal
9801-GDWGV,Female,52,No,No,No,Temecula,California,39,25-48,Month-to-Month,Fiber Optic,Bank Withdrawal,103.45,3994.45,5349.31,2,83,4811,1,Yes,Competitor,Competitor made better offer,Normal
2320-JRSDE,Female,33,No,Yes,Yes,Richgrove,California,1,0-12,Month-to-Month,,Bank Withdrawal,19.9,19.9,27.39,3,73,4633,1,Yes,Attitude,Attitude of service provider,Normal
0601-WZHJF,Male,53,No,Yes,No,Shafter,California,14,13-24,Month-to-Month,DSL,Bank Withdrawal,46.35,667.7,667.7,3,76,5360,1,Yes,Attitude,Attitude of service provider,Normal
5143-WMWOG,Male,62,No,No,No,Stratford,California,1,0-12,Month-to-Month,,Bank Withdrawal,19.95,19.95,37.56,2,83,2051,1,Yes,Attitude,Attitude of support person,Normal
5393-RXQSZ,Male,40,No,No,No,Taft,California,1,0-12,Month-to-Month,Fiber Optic,Bank Withdrawal,79.6,79.6,98.92,3,91,2199,1,Yes,Attitude,Attitude of support person,Normal
0231-LXVAP,Male,23,No,No,No,Temecula,California,1,0-12,Month-to-Month,Fiber Optic,Bank Withdrawal,75.9,75.9,120.46,3,66,3389,1,Yes,Competitor,Competitor made better offer,Normal
9444-JTXHZ,Male,53,No,Yes,No,Tulare,California,1,0-12,Month-to-Month,Fiber Optic,Bank Withdrawal,76.2,76.2,161.35,3,83,5973,1,Yes,Other,Don't know,Normal
5510-BOIUJ,Male,35,No,No,Yes,Visalia,California,1,0-12,Month-to-Month,,Credit Card,19.25,19.25,32.06,3,80,5437,1,Yes,Attitude,Attitude of service provider,Normal
4471-KXAUH,Female,58,No,Yes,No,Woody,California,42,25-48,Month-to-Month,Fiber Optic,Bank Withdrawal,84.3,3588.4,4039.06,3,91,2514,1,Yes,Attitude,Attitude of service provider,Normal
7638-QVMVY,Female,63,No,No,No,Visalia,California,7,0-12,Month-to-Month,Fiber Optic,Bank Withdrawal,79.0,522.95,705.58,2,92,3735,1,Yes,Attitude,Attitude of support person,Normal
3244-DCJWY,Female,27,No,No,No,Bakersfield,California,1,0-12,Month-to-Month,Fiber Optic,Bank Withdrawal,70.25,70.25,93.25,1,89,4133,1,Yes,Competitor,Competitor had better devices,Normal
7812-FZHPE,Female,31,No,Yes,Yes,Bradley,California,17,13-24,Month-to-Month,,Credit Card,24.1,409.9,720.3199999999999,1,86,4648,1,Yes,Price,Long distance charges,Normal
4797-AXPXK,Female,64,No,No,Yes,Lompoc,California,1,0-12,Month-to-Month,DSL,Bank Withdrawal,60.0,60.0,113.48,1,93,4531,1,Yes,Attitude,Attitude of service provider,Normal
5229-PRWKT,Male,47,No,No,No,Lompoc,California,8,0-12,Month-to-Month,Fiber Optic,Bank Withdrawal,86.55,649.65,847.73,3,80,4193,1,Yes,Attitude,Attitude of service provider,Normal
5057-LCOUI,Female,35,No,No,No,Nipomo,California,39,25-48,Month-to-Month,DSL,Bank Withdrawal,50.75,2011.4,2011.4,3,94,4119,1,Yes,Attitude,Attitude of support person,Normal
0156-FVPTA,Male,48,No,Yes,No,Solvang,California,22,13-24,Month-to-Month,DSL,Bank Withdrawal,54.2,1152.7,1751.98,2,87,5102,1,Yes,Attitude,Attitude of service provider,Normal
1984-FCOWB,Female,21,No,Yes,No,Templeton,California,70,49-72,One Year,Fiber Optic,Bank Withdrawal,109.5,7674.55,10756.15,2,91,4191,1,Yes,Attitude,Attitude of service provider,Normal
0654-HMSHN,Male,45,No,Yes,No,Mojave,California,21,13-24,Month-to-Month,Fiber Optic,Bank Withdrawal,104.4,2157.95,3053.6,2,77,3796,1,Yes,Attitude,Attitude of support person,Normal
5196-SGOAK,Female,39,No,No,No,Caliente,California,1,0-12,Month-to-Month,Fiber Optic,Bank Withdrawal,75.7,75.7,84.75,3,93,4884,1,Yes,Attitude,Attitude of support person,Normal
6108-OQZDQ,Female,21,No,Yes,No,Keene,California,4,0-12,Month-to-Month,Fiber Optic,Bank Withdrawal,97.95,384.5,424.42,3,72,2570,1,Yes,Attitude,Attitude of service provider,Normal
0363-QJVFX,Male,22,No,No,No,Lake Hughes,California,32,25-48,Month-to-Month,Fiber Optic,Credit Card,108.15,3432.9,4318.9800000000005,1,69,2541,1,Yes,Attitude,Attitude of service provider,Normal
9840-DVNDC,Male,45,No,No,No,Lancaster,California,6,0-12,Month-to-Month,Fiber Optic,Credit Card,80.5,463.05,511.4500000000001,2,96,2181,1,Yes,Attitude,Attitude of support person,Normal
8042-JVNFH,Male,23,No,No,No,Olancha,California,1,0-12,Month-to-Month,Fiber Optic,Credit Card,71.35,71.35,106.63,3,92,5730,1,Yes,Attitude,Attitude of support person,Normal
3374-LXDEV,Female,42,No,No,No,Pearblossom,California,13,13-24,Month-to-Month,Fiber Optic,Bank Withdrawal,89.4,1132.35,1244.02,1,75,2226,1,Yes,Competitor,Competitor had better devices,Normal
5049-GLYVG,Male,56,No,No,No,Badger,California,1,0-12,Month-to-Month,,Credit Card,20.6,20.6,67.86,1,90,3618,1,Yes,Price,Long distance charges,Normal
5883-GTGVD,Male,54,No,No,No,Biola,California,19,13-24,Month-to-Month,Fiber Optic,Bank Withdrawal,99.95,1931.75,1973.36,1,76,3670,1,Yes,Competitor,Competitor had better devices,Normal
4817-QRJSX,Female,46,No,No,No,Clovis,California,10,0-12,Month-to-Month,Fiber Optic,Credit Card,81.0,818.05,1313.05,2,95,2946,1,Yes,Attitude,Attitude of support person,Normal
9985-MWVIX,Female,53,No,No,No,Hume,California,1,0-12,Month-to-Month,Fiber Optic,Credit Card,70.15,70.15,112.24,1,90,5773,1,Yes,Competitor,Competitor had better devices,Normal
2237-ZFSMY,Female,29,No,No,No,Riverdale,California,39,25-48,One Year,Fiber Optic,Bank Withdrawal,95.55,3692.85,3867.57,1,73,2767,1,Yes,Attitude,Attitude of service provider,Normal
6711-VTNRE,Female,42,No,No,No,Tranquillity,California,36,25-48,Month-to-Month,Fiber Optic,Bank Withdrawal,87.55,3078.1,4076.02,1,92,2558,1,Yes,Competitor,Competitor had better devices,Normal
4548-SDBKE,Female,26,No,No,No,San Dimas,California,5,0-12,Month-to-Month,Fiber Optic,Bank Withdrawal,85.2,474.8,647.25,3,87,4109,1,Yes,Attitude,Attitude of service provider,Normal
8066-POXGX,Female,28,No,No,No,Fresno,California,13,13-24,Month-to-Month,Cable,Bank Withdrawal,35.1,446.1,446.1,3,79,3104,1,Yes,Attitude,Attitude of service provider,Normal
4143-OOBWZ,Male,33,No,Yes,No,Fresno,California,5,0-12,Month-to-Month,Fiber Optic,Bank Withdrawal,81.3,416.3,541.85,2,91,3819,1,Yes,Attitude,Attitude of service provider,Normal
7854-EKTJL,Female,31,No,No,Yes,Salinas,California,2,0-12,Month-to-Month,,Bank Withdrawal,19.6,35.85,95.47,3,66,2843,1,Yes,Attitude,Attitude of support person,Normal
9102-IAYHT,Female,29,No,Yes,No,Salinas,California,17,13-24,Month-to-Month,Fiber Optic,Bank Withdrawal,85.45,1451.6,2263.52,3,94,3670,1,Yes,Attitude,Attitude of support person,Normal
3422-LYEPQ,Male,57,No,Yes,No,Carmel By The Sea,California,1,0-12,Month-to-Month,Fiber Optic,Bank Withdrawal,71.0,71.0,89.84,2,89,4207,1,Yes,Attitude,Attitude of support person,Normal
4361-JEIVL,Male,29,No,No,Yes,Greenfield,California,1,0-12,Month-to-Month,DSL,Bank Withdrawal,44.4,44.4,51.54,3,82,4067,1,Yes,Attitude,Attitude of service provider,Normal
9507-EXLTT,Female,30,No,Yes,No,Seaside,California,1,0-12,Month-to-Month,Fiber Optic,Bank Withdrawal,79.35,79.35,102.98,2,77,3492,1,Yes,Attitude,Attitude of support person,Normal
9846-GKXAS,Female,53,No,No,No,Burlingame,California,9,0-12,Month-to-Month,Fiber Optic,Bank Withdrawal,90.8,809.75,821.81,3,70,2578,1,Yes,Attitude,Attitude of support person,Normal
6017-PPLPX,Male,47,No,Yes,No,Daly City,California,20,13-24,Month-to-Month,Fiber Optic,Bank Withdrawal,70.45,1470.95,1800.75,1,87,4773,1,Yes,Competitor,Competitor had better devices,Normal
4581-SSPWD,Female,63,No,No,No,Mountain View,California,3,0-12,Month-to-Month,Fiber Optic,Bank Withdrawal,75.8,246.3,271.90000000000003,1,93,5475,1,Yes,Competitor,Competitor had better devices,Normal
0378-NHQXU,Female,31,No,Yes,No,South San Francisco,California,17,13-24,Month-to-Month,Fiber Optic,Bank Withdrawal,88.25,1460.65,1765.12,2,68,4041,1,Yes,Other,Deceased,Normal
4512-ZUIYL,Female,31,No,No,No,Sunnyvale,California,2,0-12,Month-to-Month,Fiber Optic,Bank Withdrawal,70.0,153.05,228.57,3,81,2928,1,Yes,Other,Moved,Normal
7969-AULMZ,Female,63,No,No,No,San Francisco,California,21,13-24,Month-to-Month,Fiber Optic,Bank Withdrawal,97.35,2119.5,2309.76,3,89,4321,1,Yes,Other,Moved,Normal
0568-ONFPC,Male,34,No,Yes,Yes,San Francisco,California,5,0-12,Month-to-Month,,Bank Withdrawal,25.9,135.0,335.25,1,83,2102,1,Yes,Other,Moved,Normal
0733-VUNUW,Male,43,No,No,No,San Francisco,California,24,13-24,Month-to-Month,DSL,Bank Withdrawal,55.65,1400.55,1676.31,1,90,4126,1,Yes,Competitor,Competitor had better devices,Normal
4550-EVXNY,Female,52,No,No,No,San Francisco,California,1,0-12,Month-to-Month,Fiber Optic,Bank Withdrawal,69.65,69.65,118.89,2,77,2418,1,Yes,Competitor,Competitor offered higher download speeds,Normal
2968-SSGAA,Female,41,No,No,No,San Francisco,California,10,0-12,Month-to-Month,Fiber Optic,Bank Withdrawal,100.6,1060.2,1512.3000000000002,1,77,4001,1,Yes,Competitor,Competitor offered more data,Normal
6777-TGHTM,Female,44,No,No,No,San Francisco,California,53,49-72,One Year,Fiber Optic,Credit Card,106.95,5785.5,7364.9,1,90,5550,1,Yes,Competitor,Competitor had better devices,Normal
3538-WZPHD,Male,46,No,No,No,San Francisco,California,3,0-12,Month-to-Month,Cable,Bank Withdrawal,29.6,79.45,79.45,1,76,2734,1,Yes,Competitor,Competitor had better devices,Normal
8610-WFCJF,Female,53,No,Yes,No,Palo Alto,California,49,49-72,Month-to-Month,Fiber Optic,Bank Withdrawal,95.6,4783.5,7215.370000000001,1,69,5732,1,Yes,Competitor,Competitor offered higher download speeds,Normal
4905-JEFDW,Male,39,No,No,No,Palo Alto,California,11,0-12,One Year,DSL,Bank Withdrawal,41.6,470.6,470.6,2,81,3119,1,Yes,Competitor,Competitor offered higher download speeds,Normal
7881-INRLC,Male,34,No,No,No,San Mateo,California,45,25-48,Month-to-Month,Fiber Optic,Credit Card,100.85,4740.0,5375.4,1,70,4898,1,Yes,Competitor,Competitor offered more data,Normal
0117-LFRMW,Male,52,No,Yes,Yes,Angwin,California,37,25-48,Month-to-Month,DSL,Bank Withdrawal,40.2,1448.8,1448.8,2,80,3627,1,Yes,Competitor,Competitor offered more data,Normal
6172-FECYY,Male,55,No,Yes,No,Antioch,California,49,49-72,Month-to-Month,Fiber Optic,Bank Withdrawal,84.5,4254.85,6195.25,3,85,4639,1,Yes,Competitor,Competitor offered more data,Normal
4786-UKSNZ,Male,45,No,No,No,Clayton,California,1,0-12,Month-to-Month,,Credit Card,20.2,20.2,31.45,2,91,5418,1,Yes,Competitor,Competitor made better offer,Normal
4192-GORJT,Male,43,No,Yes,No,Fremont,California,5,0-12,Month-to-Month,Fiber Optic,Bank Withdrawal,94.45,498.1,694.9000000000001,1,77,4580,1,Yes,Competitor,Competitor had better devices,Normal
7240-ETPTR,Female,51,No,Yes,No,Pope Valley,California,9,0-12,Month-to-Month,DSL,Bank Withdrawal,48.75,442.2,452.2,2,90,4359,1,Yes,Price,Lack of affordable download/upload speed,Normal
2202-CUYXZ,Male,25,No,No,No,Dublin,California,1,0-12,Month-to-Month,Fiber Optic,Bank Withdrawal,84.85,84.85,120.92,1,77,3086,1,Yes,Competitor,Competitor had better devices,Normal
5995-OIGLP,Male,42,No,No,No,Port Costa,California,12,0-12,Month-to-Month,Cable,Credit Card,56.65,654.85,750.49,1,90,3043,1,Yes,Price,Extra data charges,Normal
6261-RCVNS,Female,22,No,No,No,Rodeo,California,42,25-48,One Year,DSL,Credit Card,73.9,3160.55,3402.05,2,71,2774,1,Yes,Price,Price too high,Normal
7951-QKZPL,Female,21,No,Yes,No,Saint Helena,California,33,25-48,Two Year,,Credit Card,24.5,740.3,1870.48,3,77,5194,1,Yes,Price,Long distance charges,Normal
3640-PHQXK,Female,54,No,No,No,Union City,California,31,25-48,Month-to-Month,Fiber Optic,Bank Withdrawal,89.9,2806.9,2961.9500000000003,2,85,2031,1,Yes,Dissatisfaction,Service dissatisfaction,Normal
8019-ENHXU,Male,50,No,Yes,No,Oakland,California,42,25-48,Month-to-Month,Fiber Optic,Bank Withdrawal,99.45,4138.05,5702.89,2,96,4624,1,Yes,Dissatisfaction,Network reliability,Normal
9033-EOXWV,Female,57,No,No,No,Oakland,California,12,0-12,One Year,DSL,Credit Card,74.05,872.65,1335.0,3,94,4149,1,Yes,Other,Don't know,Normal
1522-VVDMG,Male,25,No,Yes,No,Oakland,California,7,0-12,Month-to-Month,Fiber Optic,Bank Withdrawal,89.75,608.8,717.39,2,90,3807,1,Yes,Dissatisfaction,Poor expertise of online support,Normal
9185-TQCVP,Male,27,No,Yes,No,Albany,California,14,13-24,Month-to-Month,Fiber Optic,Bank Withdrawal,85.15,1139.2,1398.92,2,91,4550,1,Yes,Dissatisfaction,Poor expertise of phone support,Normal
8063-RJYNF,Male,27,No,No,No,Richmond,California,16,13-24,Month-to-Month,Fiber Optic,Bank Withdrawal,94.25,1483.25,1950.29,1,73,2827,1,Yes,Competitor,Competitor offered higher download speeds,Normal
0687-ZVTHB,Male,24,No,Yes,No,Richmond,California,65,49-72,One Year,Cable,Credit Card,72.45,4653.85,6378.370000000001,1,68,4415,1,Yes,Competitor,Competitor offered more data,Normal
9661-ACXBS,Female,26,No,No,No,San Rafael,California,42,25-48,Month-to-Month,Fiber Optic,Bank Withdrawal,105.2,4400.75,5765.92,1,89,2317,1,Yes,Competitor,Competitor made better offer,Normal
3727-RJMEO,Male,34,No,Yes,No,Rohnert Park,California,6,0-12,Month-to-Month,Fiber Optic,Bank Withdrawal,82.85,460.25,462.84,1,78,4458,1,Yes,Competitor,Competitor had better devices,Normal
5685-IIXLY,Female,54,No,Yes,No,Novato,California,5,0-12,Month-to-Month,Fiber Optic,Bank Withdrawal,83.6,404.2,414.76,3,93,4565,1,Yes,Competitor,Competitor offered higher download speeds,Normal
4250-ZBWLV,Male,24,No,No,No,Olema,California,68,49-72,One Year,Fiber Optic,Bank Withdrawal,108.45,7176.55,8645.19,3,65,4454,1,Yes,Competitor,Competitor offered higher download speeds,Normal
5095-AESKG,Female,33,No,Yes,No,Sausalito,California,3,0-12,Month-to-Month,Fiber Optic,Credit Card,91.5,242.95,347.78,3,76,5646,1,Yes,Competitor,Competitor offered higher download speeds,Normal
1871-MOWRM,Male,57,No,Yes,No,Woodacre,California,12,0-12,Month-to-Month,Fiber Optic,Bank Withdrawal,80.85,866.45,1061.85,1,87,4306,1,Yes,Competitor,Competitor offered more data,Normal
2027-OAQQC,Female,64,No,No,No,Aptos,California,43,25-48,Month-to-Month,DSL,Bank Withdrawal,49.05,2076.2,2055.91,1,92,4044,1,Yes,Competitor,Competitor offered more data,Normal
1555-DJEQW,Female,21,No,Yes,No,Cupertino,California,70,49-72,Two Year,Fiber Optic,Bank Withdrawal,114.2,7723.9,8849.96,1,73,5947,1,Yes,Price,Price too high,Normal
0519-XUZJU,Female,56,No,No,No,Felton,California,1,0-12,Month-to-Month,Fiber Optic,Mailed Check,70.75,70.75,96.75,2,93,3963,1,Yes,Dissatisfaction,Service dissatisfaction,Normal
6338-AVWCY,Male,19,No,No,No,Escondido,California,3,0-12,Month-to-Month,DSL,Mailed Check,40.15,130.75,130.75,3,75,4710,1,Yes,Competitor,Competitor made better offer,Normal
9445-SZLCH,Female,39,No,Yes,No,Santa Clara,California,36,25-48,Month-to-Month,Fiber Optic,Bank Withdrawal,97.35,3457.9,4335.3,2,86,4544,1,Yes,Dissatisfaction,Limited range of services,Normal
7568-PODML,Male,34,No,No,No,Watsonville,California,1,0-12,Month-to-Month,DSL,Mailed Check,45.3,45.3,45.3,1,69,4954,1,Yes,Competitor,Competitor had better devices,Normal
5349-IECLD,Male,61,No,No,No,San Jose,California,2,0-12,Month-to-Month,Fiber Optic,Bank Withdrawal,94.95,178.1,230.2,1,87,4493,1,Yes,Competitor,Competitor had better devices,Normal
3945-GFWQL,Female,33,No,No,Yes,San Jose,California,12,0-12,Month-to-Month,DSL,Bank Withdrawal,44.55,480.6,524.3100000000001,3,89,4162,1,Yes,Price,Extra data charges,Normal
3797-VTIDR,Male,55,No,Yes,No,San Jose,California,1,0-12,Month-to-Month,DSL,Bank Withdrawal,23.45,23.45,23.45,2,90,4517,1,Yes,Price,Price too high,Normal
9526-BIHHD,Male,30,No,No,No,San Jose,California,1,0-12,Month-to-Month,Cable,Mailed Check,29.7,29.7,29.7,1,74,3383,1,Yes,Dissatisfaction,Product dissatisfaction,Normal
4523-WXCEF,Female,21,No,Yes,No,San Jose,California,59,49-72,Month-to-Month,Fiber Optic,Bank Withdrawal,101.1,6039.9,6584.469999999999,2,87,4160,1,Yes,Dissatisfaction,Service dissatisfaction,Normal
8364-TRMMK,Female,51,No,No,No,San Jose,California,3,0-12,Month-to-Month,Cable,Mailed Check,50.65,151.3,218.98,1,76,2876,1,Yes,Dissatisfaction,Lack of self-service on Website,Normal
3063-QFSZL,Female,37,No,No,No,San Jose,California,1,0-12,Month-to-Month,Cable,Bank Withdrawal,55.4,55.4,68.41,1,70,2294,1,Yes,Competitor,Competitor had better devices,Normal
9249-FXSCK,Female,20,No,No,No,Acampo,California,52,49-72,One Year,Fiber Optic,Credit Card,111.25,5916.45,7667.059999999999,1,90,4861,1,Yes,Competitor,Competitor offered more data,Normal
5493-SDRDQ,Male,19,No,No,No,Angels Camp,California,2,0-12,Month-to-Month,Cable,Mailed Check,55.1,113.35,124.01,1,70,4235,1,Yes,Competitor,Competitor made better offer,Normal
0871-URUWO,Male,36,No,Yes,No,Sheep Ranch,California,13,13-24,Month-to-Month,Fiber Optic,Credit Card,102.25,1359.0,1756.15,1,66,2003,1,Yes,Competitor,Competitor had better devices,Normal
0870-VEMYL,Female,34,No,No,No,Columbia,California,5,0-12,Month-to-Month,Cable,Credit Card,53.85,259.8,368.44,1,74,5435,1,Yes,Competitor,Competitor offered higher download speeds,Normal
3982-XWFZQ,Female,30,No,Yes,No,Denair,California,42,25-48,Month-to-Month,Cable,Bank Withdrawal,50.25,2203.65,2628.34,2,90,4873,1,Yes,Competitor,Competitor offered more data,Normal
4009-ALQFH,Female,35,No,No,No,Groveland,California,25,25-48,Month-to-Month,Fiber Optic,Bank Withdrawal,99.5,2369.05,3560.05,3,90,5932,1,Yes,Competitor,Competitor offered more data,Normal
3627-FCRDW,Female,49,No,No,No,Hughson,California,9,0-12,Month-to-Month,Fiber Optic,Bank Withdrawal,71.0,672.55,884.8799999999999,3,81,2236,1,Yes,Competitor,Competitor offered more data,Normal
7562-GSUHK,Female,40,No,No,No,Jamestown,California,16,13-24,Month-to-Month,Fiber Optic,Credit Card,93.2,1573.7,2190.16,1,75,5497,1,Yes,Competitor,Competitor made better offer,Normal
4903-UYAVB,Male,53,No,Yes,No,Lathrop,California,5,0-12,Month-to-Month,,Mailed Check,19.35,126.05,284.85,1,90,3864,1,Yes,Competitor,Competitor made better offer,Normal
6776-TLWOI,Male,29,No,No,No,Livingston,California,3,0-12,Month-to-Month,,Mailed Check,19.85,64.55,160.57999999999998,1,93,2158,1,Yes,Price,Price too high,Normal
4077-CROMM,Female,51,No,Yes,No,Modesto,California,31,25-48,Month-to-Month,Fiber Optic,Bank Withdrawal,104.2,3243.45,3342.07,1,68,5000,1,Yes,Dissatisfaction,Product dissatisfaction,Normal
2868-MZAGQ,Male,49,No,No,No,Modesto,California,1,0-12,Month-to-Month,Fiber Optic,Bank Withdrawal,79.25,79.25,99.23,1,83,5533,1,Yes,Dissatisfaction,Service dissatisfaction,Normal
4847-QNOKA,Female,30,No,No,No,Modesto,California,1,0-12,Month-to-Month,DSL,Bank Withdrawal,44.9,44.9,86.68,2,76,2632,1,Yes,Dissatisfaction,Lack of self-service on Website,Normal
6379-RXJRQ,Male,42,No,Yes,No,Modesto,California,10,0-12,Month-to-Month,Fiber Optic,Bank Withdrawal,70.1,659.65,845.26,2,92,2457,1,Yes,Dissatisfaction,Network reliability,Normal
8650-RHRKE,Male,27,No,No,No,Oakdale,California,4,0-12,Month-to-Month,DSL,Bank Withdrawal,29.65,118.5,118.5,3,71,4207,1,Yes,Dissatisfaction,Limited range of services,Normal
0475-RIJEP,Male,47,No,No,No,Pinecrest,California,43,25-48,Month-to-Month,Fiber Optic,Bank Withdrawal,77.85,3365.85,5478.4400000000005,1,91,5107,1,Yes,Price,Lack of affordable download/upload speed,Normal
1260-TTRXI,Male,64,No,No,No,Planada,California,4,0-12,Month-to-Month,DSL,Bank Withdrawal,54.3,195.3,435.9,2,87,5834,1,Yes,Price,Long distance charges,Normal
4789-KWMXN,Male,42,No,Yes,No,Tuolumne,California,47,25-48,One Year,Fiber Optic,Credit Card,110.85,5275.8,6164.81,1,90,3344,1,Yes,Price,Price too high,Normal
2867-UIMSS,Male,24,No,No,No,Vernalis,California,1,0-12,Month-to-Month,Fiber Optic,Bank Withdrawal,80.5,80.5,116.27,1,85,2734,1,Yes,Dissatisfaction,Product dissatisfaction,Normal
8111-RKSPX,Male,20,No,No,No,Santa Rosa,California,4,0-12,Month-to-Month,Fiber Optic,Bank Withdrawal,72.2,305.55,425.47,2,89,5668,1,Yes,Dissatisfaction,Service dissatisfaction,Normal
1585-MQSSU,Male,36,No,No,No,Santa Rosa,California,17,13-24,Month-to-Month,Cable,Mailed Check,51.5,900.5,1657.36,1,94,5659,1,Yes,Dissatisfaction,Lack of self-service on Website,Normal
8559-CIZFV,Male,34,No,Yes,No,Annapolis,California,21,13-24,One Year,Cable,Mailed Check,77.5,1625.0,2055.58,2,74,5353,1,Yes,Other,Don't know,Normal
7547-EKNFS,Male,37,No,Yes,No,Caspar,California,42,25-48,Month-to-Month,Fiber Optic,Bank Withdrawal,95.25,3959.35,4698.969999999999,1,89,2075,1,Yes,Attitude,Attitude of service provider,Normal
4439-JMPMT,Female,38,No,Yes,No,Comptche,California,5,0-12,Month-to-Month,Fiber Optic,Bank Withdrawal,85.75,470.95,432.39,1,71,3608,1,Yes,Attitude,Attitude of support person,Normal
2575-GFSOE,Female,25,No,Yes,No,Graton,California,7,0-12,Month-to-Month,Fiber Optic,Bank Withdrawal,69.0,506.9,569.55,2,65,5672,1,Yes,Attitude,Attitude of service provider,Normal
2842-JTCCU,Male,27,No,No,No,Hopland,California,2,0-12,Month-to-Month,Cable,Bank Withdrawal,46.05,80.35,149.73,3,72,4662,1,Yes,Attitude,Attitude of service provider,Normal
9681-OXGVC,Female,54,No,No,No,Laytonville,California,5,0-12,Month-to-Month,Fiber Optic,Bank Withdrawal,100.5,514.0,655.0,3,85,5180,1,Yes,Competitor,Competitor made better offer,Normal
7153-OANIO,Male,48,No,No,No,Mendocino,California,1,0-12,Month-to-Month,Fiber Optic,Bank Withdrawal,69.95,69.95,97.53,1,79,5066,1,Yes,Other,Moved,Normal
6521-YYTYI,Male,59,No,No,No,Navarro,California,1,0-12,Month-to-Month,Fiber Optic,Bank Withdrawal,93.3,93.3,101.29,3,65,2578,1,Yes,Other,Moved,Normal
8878-HMWBV,Male,47,No,No,No,Nice,California,3,0-12,Month-to-Month,DSL,Bank Withdrawal,49.15,169.05,301.42,1,68,5598,1,Yes,Competitor,Competitor had better devices,Normal
3751-KTZEL,Female,62,No,No,No,Yorkville,California,1,0-12,Month-to-Month,DSL,Mailed Check,35.05,35.05,35.05,1,89,3706,1,Yes,Competitor,Competitor offered higher download speeds,Normal
0328-GRPMV,Female,43,No,No,No,Burnt Ranch,California,1,0-12,Month-to-Month,Fiber Optic,Bank Withdrawal,70.1,70.1,87.47,1,84,3706,1,Yes,Competitor,Competitor had better devices,Normal
4195-SMMNX,Male,62,No,No,No,Hydesville,California,2,0-12,Month-to-Month,,Mailed Check,20.35,33.2,97.26,2,65,5627,1,Yes,Attitude,Attitude of support person,Normal
6956-SMUCM,Female,29,No,No,No,Miranda,California,3,0-12,Month-to-Month,Fiber Optic,Credit Card,99.0,287.4,397.57,1,77,5236,1,Yes,Competitor,Competitor offered higher download speeds,Normal
3223-WZWJM,Male,36,No,No,No,Petrolia,California,26,25-48,Month-to-Month,Fiber Optic,Bank Withdrawal,83.95,2254.2,2626.0,1,85,5869,1,Yes,Competitor,Competitor offered higher download speeds,Normal
9053-JZFKV,Male,25,No,No,No,Redway,California,67,49-72,Two Year,Fiber Optic,Credit Card,116.2,7752.3,10022.26,2,82,4495,1,Yes,Other,Don't know,Normal
2530-ENDWQ,Female,55,No,Yes,No,Rio Dell,California,71,49-72,Two Year,Fiber Optic,Bank Withdrawal,93.7,6585.35,9462.27,3,91,4296,1,Yes,Competitor,Competitor offered more data,Normal
6615-ZGEDR,Male,42,No,No,No,Smith River,California,1,0-12,Month-to-Month,,Mailed Check,19.7,19.7,21.61,2,90,5707,1,Yes,Attitude,Attitude of service provider,Normal
9250-WYPLL,Female,20,No,No,No,Fallbrook,California,5,0-12,Month-to-Month,Fiber Optic,Bank Withdrawal,75.55,413.65,589.75,2,79,4600,1,Yes,Competitor,Competitor made better offer,Normal
2754-XBHTB,Female,40,No,No,No,Amador City,California,9,0-12,Month-to-Month,Fiber Optic,Bank Withdrawal,77.65,714.15,920.07,2,96,3847,1,Yes,Competitor,Competitor made better offer,Normal
7055-VKGDA,Male,31,No,No,No,Clarksburg,California,54,49-72,One Year,Fiber Optic,Credit Card,105.4,5643.4,8342.32,1,87,4406,1,Yes,Dissatisfaction,Product dissatisfaction,Normal
0754-UKWQP,Male,63,No,No,No,Cool,California,2,0-12,Month-to-Month,Fiber Optic,Bank Withdrawal,95.85,197.7,272.56,1,66,3790,1,Yes,Competitor,Competitor had better devices,Normal
7493-TPUWZ,Male,64,No,No,No,Diamond Springs,California,1,0-12,Month-to-Month,Fiber Optic,Bank Withdrawal,79.15,79.15,103.63,1,85,4243,1,Yes,Competitor,Competitor had better devices,Normal
1577-HKTFG,Female,42,No,Yes,No,Elk Grove,California,30,25-48,Month-to-Month,,Bank Withdrawal,19.65,655.85,1116.65,1,79,2486,1,Yes,Attitude,Attitude of support person,Normal
8752-STIVR,Female,61,No,No,No,Elmira,California,4,0-12,Month-to-Month,Fiber Optic,Bank Withdrawal,79.0,303.15,413.43,3,69,2085,1,Yes,Dissatisfaction,Limited range of services,Normal
4558-FANTW,Female,30,No,Yes,No,Fair Oaks,California,17,13-24,Month-to-Month,Fiber Optic,Bank Withdrawal,91.85,1574.45,2287.6000000000004,1,89,5643,1,Yes,Price,Lack of affordable download/upload speed,Normal
7623-TRNQN,Male,34,No,No,Yes,Jackson,California,1,0-12,Month-to-Month,DSL,Mailed Check,49.9,49.9,89.5,2,72,3113,1,Yes,Price,Extra data charges,Normal
9330-IJWIO,Female,54,No,No,No,Kirkwood,California,13,13-24,Month-to-Month,Fiber Optic,Bank Withdrawal,100.35,1358.85,1412.9,1,69,2008,1,Yes,Price,Price too high,Normal
1842-EZJMK,Male,28,No,Yes,No,Orangevale,California,50,49-72,Month-to-Month,Fiber Optic,Bank Withdrawal,103.7,5071.05,6741.4400000000005,1,82,5897,1,Yes,Competitor,Competitor had better devices,Normal
8079-XRJRS,Male,39,No,Yes,No,Pleasant Grove,California,65,49-72,One Year,Fiber Optic,Bank Withdrawal,89.75,5769.6,8957.33,1,72,6110,1,Yes,Dissatisfaction,Network reliability,Normal
8073-IJDCM,Female,44,No,No,No,Rescue,California,1,0-12,Month-to-Month,,Mailed Check,20.3,20.3,46.67,3,67,3830,1,Yes,Price,Long distance charges,Normal
2869-ADAWR,Female,41,No,No,No,Sutter Creek,California,45,25-48,Month-to-Month,Fiber Optic,Credit Card,89.3,4016.85,4607.62,2,90,4880,1,Yes,Dissatisfaction,Poor expertise of online support,Normal
9894-EZEWG,Female,31,No,No,No,Walnut Grove,California,1,0-12,Month-to-Month,Fiber Optic,Credit Card,74.3,74.3,113.96,1,69,5996,1,Yes,Competitor,Competitor had better devices,Normal
7851-FLGGQ,Male,49,No,No,No,Wheatland,California,1,0-12,Month-to-Month,Cable,Mailed Check,44.65,44.65,44.65,1,66,3704,1,Yes,Competitor,Competitor had better devices,Normal
0637-UBJRP,Male,40,No,Yes,No,Wilton,California,13,13-24,Month-to-Month,Fiber Optic,Bank Withdrawal,84.05,1095.3,1460.29,1,77,4745,1,Yes,Competitor,Competitor offered higher download speeds,Normal
0940-OUQEC,Male,54,No,No,No,Winters,California,10,0-12,Month-to-Month,Fiber Optic,Bank Withdrawal,80.7,788.8,971.08,1,77,3492,1,Yes,Competitor,Competitor offered more data,Normal
0702-PGIBZ,Male,28,No,No,No,Dutch Flat,California,4,0-12,Month-to-Month,Fiber Optic,Bank Withdrawal,101.7,364.55,467.71,2,91,2777,1,Yes,Competitor,Competitor made better offer,Normal
1963-VAUKV,Female,31,No,No,No,Kyburz,California,1,0-12,Month-to-Month,,Mailed Check,20.4,20.4,42.52,3,92,3663,1,Yes,Price,Long distance charges,Normal
3058-HJCUY,Male,36,No,Yes,No,Rancho Cordova,California,41,25-48,One Year,Fiber Optic,Bank Withdrawal,102.6,4213.35,6056.65,1,84,2098,1,Yes,Competitor,Competitor had better devices,Normal
3259-FDWOY,Male,60,No,Yes,No,Elk Grove,California,71,49-72,Two Year,Fiber Optic,Bank Withdrawal,106.0,7723.7,11084.84,3,81,4072,1,Yes,Competitor,Competitor offered higher download speeds,Normal
0807-ZABDG,Female,43,No,No,Yes,Woodland,California,3,0-12,Month-to-Month,Cable,Mailed Check,55.1,154.65,232.77,1,90,4412,1,Yes,Competitor,Competitor offered higher download speeds,Normal
5748-RNCJT,Male,58,No,No,No,Sacramento,California,69,49-72,Two Year,Fiber Optic,Bank Withdrawal,106.5,7348.8,9203.52,3,81,4859,1,Yes,Competitor,Competitor offered higher download speeds,Normal
7739-LAXOG,Female,51,No,Yes,No,Sacramento,California,32,25-48,Month-to-Month,Fiber Optic,Bank Withdrawal,91.05,2954.5,4525.9400000000005,1,80,3590,1,Yes,Competitor,Competitor offered more data,Normal
6034-ZRYCV,Female,51,No,Yes,No,Sacramento,California,72,49-72,Two Year,Cable,Bank Withdrawal,54.2,3937.45,3937.45,3,66,4481,1,Yes,Competitor,Competitor offered more data,Normal
2079-FBMZK,Female,50,No,No,No,Antelope,California,6,0-12,Month-to-Month,Fiber Optic,Mailed Check,69.25,418.4,654.56,1,77,5816,1,Yes,Competitor,Competitor made better offer,Normal
6608-QQLVK,Male,35,No,No,No,Bangor,California,1,0-12,Month-to-Month,DSL,Bank Withdrawal,50.5,50.5,90.08,3,83,2077,1,Yes,Competitor,Competitor made better offer,Normal
6302-JGYRJ,Male,37,No,No,No,Chico,California,31,25-48,One Year,DSL,Mailed Check,79.45,2587.7,2795.71,1,67,2872,1,Yes,Dissatisfaction,Product dissatisfaction,Normal
3685-YLCMQ,Male,34,No,No,No,Dobbins,California,58,49-72,One Year,Fiber Optic,Bank Withdrawal,104.65,6219.6,8645.720000000001,2,66,5411,1,Yes,Dissatisfaction,Service dissatisfaction,Normal
8761-NSOBC,Male,41,No,No,No,Gridley,California,44,25-48,Month-to-Month,Fiber Optic,Bank Withdrawal,100.55,4398.15,6286.629999999999,2,81,3486,1,Yes,Dissatisfaction,Network reliability,Normal
8413-VONUO,Male,34,No,No,No,Grimes,California,2,0-12,Month-to-Month,Fiber Optic,Bank Withdrawal,95.65,167.3,200.82,3,82,5332,1,Yes,Dissatisfaction,Limited range of services,Normal
9223-UCPVT,Female,49,No,No,No,Orland,California,1,0-12,Month-to-Month,Fiber Optic,Bank Withdrawal,94.4,94.4,112.74,3,77,5764,1,Yes,Price,Lack of affordable download/upload speed,Normal
4351-QLCSU,Female,47,No,No,No,Quincy,California,1,0-12,Month-to-Month,DSL,Credit Card,55.0,55.0,87.74000000000001,1,91,3809,1,Yes,Price,Long distance charges,Normal
5419-JPRRN,Male,32,No,No,No,Rough And Ready,California,1,0-12,Month-to-Month,Fiber Optic,Bank Withdrawal,101.45,101.45,111.83,1,77,4390,1,Yes,Price,Extra data charges,Normal
2100-BDNSN,Female,39,No,Yes,No,Strawberry Valley,California,5,0-12,Month-to-Month,DSL,Bank Withdrawal,67.95,350.3,444.8,3,69,3889,1,Yes,Price,Price too high,Normal
0488-GSLFR,Female,41,No,No,No,Taylorsville,California,1,0-12,Month-to-Month,Fiber Optic,Bank Withdrawal,69.5,69.5,77.81,1,91,3365,1,Yes,Dissatisfaction,Product dissatisfaction,Normal
9318-NKNFC,Male,53,No,No,No,Twain,California,1,0-12,Month-to-Month,,Mailed Check,18.85,18.85,59.34,1,90,4132,1,Yes,Dissatisfaction,Service dissatisfaction,Normal
9728-FTTVZ,Female,44,No,No,No,Williams,California,1,0-12,Month-to-Month,Fiber Optic,Bank Withdrawal,69.2,69.2,92.92,3,82,4073,1,Yes,Dissatisfaction,Lack of self-service on Website,Normal
7254-IQWOZ,Male,30,No,No,No,Redding,California,1,0-12,Month-to-Month,Fiber Optic,Bank Withdrawal,69.65,69.65,98.35,1,67,5258,1,Yes,Dissatisfaction,Network reliability,Normal
0742-NXBGR,Female,64,No,No,No,Adin,California,1,0-12,Month-to-Month,Fiber Optic,Bank Withdrawal,82.3,82.3,115.71,1,71,4278,1,Yes,Competitor,Competitor had better devices,Normal
6110-OHIHY,Male,33,No,No,No,Burney,California,3,0-12,Month-to-Month,Fiber Optic,Bank Withdrawal,79.25,267.6,426.88,2,89,4183,1,Yes,Competitor,Competitor offered higher download speeds,Normal
5889-LFOLL,Female,27,No,No,No,Canby,California,13,13-24,Month-to-Month,Fiber Optic,Bank Withdrawal,84.6,1115.2,1582.68,1,77,2659,1,Yes,Competitor,Competitor offered more data,Normal
5708-EVONK,Female,37,No,Yes,No,Cassel,California,58,49-72,Month-to-Month,Fiber Optic,Bank Withdrawal,93.4,5435.6,5647.3,1,73,5989,1,Yes,Other,Don't know,Normal
8708-XPXHZ,Female,25,No,Yes,No,Castella,California,42,25-48,Month-to-Month,Fiber Optic,Bank Withdrawal,94.2,4186.3,4473.58,1,95,5458,1,Yes,Competitor,Competitor had better devices,Normal
7016-BPGEU,Female,53,No,No,No,Dunsmuir,California,29,25-48,Month-to-Month,Cable,Credit Card,25.1,712.85,712.85,1,81,2796,1,Yes,Competitor,Competitor offered higher download speeds,Normal
6876-ADESB,Male,22,No,No,Yes,Etna,California,1,0-12,Month-to-Month,Cable,Bank Withdrawal,48.95,48.95,83.35,1,65,3913,1,Yes,Competitor,Competitor offered higher download speeds,Normal
1963-SVUCV,Male,59,No,No,No,Flournoy,California,1,0-12,Month-to-Month,DSL,Bank Withdrawal,45.3,45.3,103.67,2,78,5774,1,Yes,Competitor,Competitor offered higher download speeds,Normal
0220-EBGCE,Male,58,No,No,No,Escondido,California,2,0-12,Month-to-Month,Fiber Optic,Bank Withdrawal,85.85,167.3,195.58,1,67,3273,1,Yes,Competitor,Competitor made better offer,Normal
2754-VDLTR,Male,54,No,No,No,Greenview,California,10,0-12,Month-to-Month,Fiber Optic,Bank Withdrawal,95.2,930.4,1286.7,2,69,4922,1,Yes,Competitor,Competitor offered more data,Normal
3190-XFANI,Male,42,No,No,No,Happy Camp,California,49,49-72,One Year,Fiber Optic,Bank Withdrawal,100.6,5069.65,5999.179999999999,2,82,5585,1,Yes,Competitor,Competitor offered more data,Normal
7551-DACSP,Male,49,No,Yes,Yes,Hat Creek,California,6,0-12,Month-to-Month,DSL,Mailed Check,55.3,324.25,335.41,2,91,3878,1,Yes,Competitor,Competitor made better offer,Normal
0520-FDVVT,Male,26,No,No,No,Lewiston,California,35,25-48,One Year,Fiber Optic,Bank Withdrawal,102.35,3626.1,5020.5,3,80,2473,1,Yes,Price,Price too high,Normal
1444-VVSGW,Male,51,No,Yes,No,Los Molinos,California,70,49-72,One Year,Fiber Optic,Credit Card,115.65,7968.85,9180.75,2,91,5563,1,Yes,Dissatisfaction,Product dissatisfaction,Normal
5712-PTIWW,Male,46,No,No,No,Mcarthur,California,2,0-12,Month-to-Month,Fiber Optic,Bank Withdrawal,79.85,152.45,184.73,2,91,3280,1,Yes,Dissatisfaction,Service dissatisfaction,Normal
3315-TOTBP,Male,29,No,No,No,Mill Creek,California,15,13-24,Month-to-Month,Fiber Optic,Mailed Check,76.0,1130.85,1803.75,1,74,4938,1,Yes,Dissatisfaction,Lack of self-service on Website,Normal
1518-VOWAV,Female,31,No,No,No,Fallbrook,California,9,0-12,Month-to-Month,DSL,Bank Withdrawal,74.65,703.55,1031.42,1,90,5900,1,Yes,Competitor,Competitor made better offer,Normal
5909-ECHUI,Female,49,No,No,No,Oak Run,California,1,0-12,Month-to-Month,DSL,Bank Withdrawal,56.25,56.25,82.39,1,71,3065,1,Yes,Price,Lack of affordable download/upload speed,Normal
1309-BXVOQ,Male,27,No,Yes,No,Old Station,California,21,13-24,Month-to-Month,Fiber Optic,Bank Withdrawal,106.1,2249.95,2708.38,1,69,3584,1,Yes,Price,Long distance charges,Normal
2856-HYAPG,Female,62,No,No,No,Platina,California,1,0-12,Month-to-Month,Fiber Optic,Bank Withdrawal,68.65,68.65,81.05000000000001,2,91,3052,1,Yes,Price,Price too high,Normal
4488-PSYCG,Male,24,No,No,No,Seiad Valley,California,16,13-24,Month-to-Month,,Bank Withdrawal,20.25,327.45,664.0899999999999,1,83,4327,1,Yes,Price,Long distance charges,Normal
6906-ANDWJ,Male,39,No,Yes,No,Vina,California,15,13-24,Month-to-Month,Fiber Optic,Bank Withdrawal,74.9,1107.25,1626.7,2,90,2510,1,Yes,Dissatisfaction,Lack of self-service on Website,Normal
1031-IIDEO,Female,51,No,No,No,Sierra City,California,1,0-12,Month-to-Month,Fiber Optic,Bank Withdrawal,70.85,70.85,97.9,3,72,2874,1,Yes,Dissatisfaction,Network reliability,Normal
5832-XKAES,Male,56,No,No,No,Sierraville,California,2,0-12,Month-to-Month,Fiber Optic,Credit Card,69.8,134.7,210.14,1,74,2320,1,Yes,Other,Don't know,Normal
4701-AHWMW,Male,30,No,Yes,No,Susanville,California,55,49-72,Month-to-Month,DSL,Bank Withdrawal,54.55,2978.3,3028.3,1,69,6041,1,Yes,Attitude,Attitude of service provider,Normal
9210-IAHGH,Female,57,No,No,No,Wendel,California,7,0-12,Month-to-Month,DSL,Credit Card,70.75,450.8,614.25,1,84,2248,1,Yes,Attitude,Attitude of support person,Normal
0023-XUOPT,Female,26,No,Yes,No,Carnelian Bay,California,13,13-24,Month-to-Month,Fiber Optic,Bank Withdrawal,94.1,1215.6,1781.88,1,75,2973,1,Yes,Other,Don't know,Normal
4592-IWTJI,Female,46,No,Yes,Yes,Homewood,California,3,0-12,Month-to-Month,Cable,Credit Card,29.7,91.7,91.7,1,84,2613,1,Yes,Attitude,Attitude of support person,Normal
6518-LGAOV,Female,60,No,Yes,No,San Diego,California,38,25-48,Month-to-Month,Fiber Optic,Bank Withdrawal,105.0,4026.4,4751.4400000000005,1,92,2341,1,Yes,Other,Don't know,Normal
7242-QZLXF,Male,20,No,No,Yes,San Diego,California,1,0-12,Month-to-Month,Cable,Bank Withdrawal,25.3,25.3,35.3,2,91,5421,1,Yes,Competitor,Competitor made better offer,Normal
4576-CSAJH,Male,22,No,No,No,San Diego,California,22,13-24,One Year,DSL,Credit Card,55.15,1193.05,1930.71,3,90,5866,1,Yes,Competitor,Competitor made better offer,Normal
1000-AJSLD,Male,25,No,No,No,San Diego,California,1,0-12,Month-to-Month,,Mailed Check,20.1,20.1,24.21,1,90,4389,1,Yes,Competitor,Competitor made better offer,Normal
1062-LHZOD,Male,49,No,Yes,No,San Diego,California,1,0-12,Month-to-Month,Fiber Optic,Mailed Check,69.9,69.9,74.89,1,90,2100,1,Yes,Competitor,Competitor made better offer,Normal
9600-NAXZN,Male,39,No,No,No,San Diego,California,43,25-48,Month-to-Month,Fiber Optic,Bank Withdrawal,101.4,4528.0,6662.52,1,90,3370,1,Yes,Competitor,Competitor made better offer,Normal
6457-USBER,Male,34,No,No,No,San Diego,California,1,0-12,Month-to-Month,Fiber Optic,Bank Withdrawal,80.8,80.8,122.57,3,90,4424,1,Yes,Competitor,Competitor made better offer,Normal
4662-EKDPQ,Male,44,No,No,No,San Diego,California,2,0-12,Month-to-Month,Cable,Bank Withdrawal,62.05,118.3,192.88,1,90,5344,1,Yes,Competitor,Competitor made better offer,Normal
9259-PACGQ,Female,19,No,Yes,No,Los Angeles,California,34,25-48,Month-to-Month,Cable,Bank Withdrawal,62.65,2274.9,3679.78,1,91,3918,1,Yes,Competitor,Competitor had better devices,Normal
4415-IJZTP,Female,33,No,No,No,Los Angeles,California,1,0-12,Month-to-Month,Fiber Optic,Bank Withdrawal,74.5,74.5,88.11,1,69,2016,1,Yes,Competitor,Competitor had better devices,Normal
1465-VINDH,Female,31,No,Yes,No,Los Angeles,California,10,0-12,Month-to-Month,Fiber Optic,Credit Card,102.1,1068.85,1389.55,3,78,3596,1,Yes,Competitor,Competitor offered higher download speeds,Normal
2810-FTLEM,Female,21,No,No,No,Los Angeles,California,16,13-24,Month-to-Month,DSL,Bank Withdrawal,50.15,762.25,990.41,2,69,4254,1,Yes,Competitor,Competitor offered higher download speeds,Normal
1925-TIBLE,Female,62,No,Yes,No,Los Angeles,California,7,0-12,Month-to-Month,Fiber Optic,Bank Withdrawal,86.5,582.5,760.77,1,74,3887,1,Yes,Competitor,Competitor offered higher download speeds,Normal
1447-GIQMR,Male,54,No,Yes,No,Los Angeles,California,1,0-12,Month-to-Month,Fiber Optic,Bank Withdrawal,69.15,69.15,71.35000000000001,2,87,4179,1,Yes,Competitor,Competitor offered more data,Normal
0872-NXJYS,Female,40,No,No,No,West Hollywood,California,9,0-12,Month-to-Month,Fiber Optic,Bank Withdrawal,79.55,723.4,1132.09,1,81,3246,1,Yes,Competitor,Competitor offered more data,Normal
9412-ARGBX,Female,47,No,No,No,Downey,California,48,25-48,Two Year,Fiber Optic,Credit Card,95.5,4627.85,6045.77,2,90,2459,1,Yes,Competitor,Competitor made better offer,Normal
2737-WFVYW,Female,28,No,No,No,Marina Del Rey,California,2,0-12,Month-to-Month,DSL,Bank Withdrawal,45.25,85.5,95.5,1,74,4566,1,Yes,Dissatisfaction,Product dissatisfaction,Normal
9850-OWRHQ,Female,55,No,Yes,No,Torrance,California,3,0-12,Month-to-Month,Fiber Optic,Credit Card,74.1,228.0,276.87,1,69,5657,1,Yes,Dissatisfaction,Lack of self-service on Website,Normal
8676-TRMJS,Male,27,No,No,No,Torrance,California,3,0-12,Month-to-Month,Fiber Optic,Credit Card,75.0,209.1,312.57,1,88,3190,1,Yes,Dissatisfaction,Limited range of services,Normal
8182-PNAGI,Male,50,No,No,No,Pico Rivera,California,12,0-12,Month-to-Month,DSL,Bank Withdrawal,50.25,593.75,1272.71,1,67,3624,1,Yes,Price,Extra data charges,Normal
2180-DXNEG,Female,46,No,No,No,Harbor City,California,12,0-12,Month-to-Month,Fiber Optic,Bank Withdrawal,96.0,1062.1,1368.58,1,89,5239,1,Yes,Dissatisfaction,Product dissatisfaction,Normal
5515-AKOAJ,Female,38,No,No,No,Hawaiian Gardens,California,54,49-72,Month-to-Month,Fiber Optic,Bank Withdrawal,100.1,5440.9,7699.719999999999,1,75,5763,1,Yes,Dissatisfaction,Service dissatisfaction,Normal
8976-OQHGT,Female,38,No,Yes,Yes,Lomita,California,4,0-12,Month-to-Month,DSL,Credit Card,56.5,235.1,405.94,2,91,5758,1,Yes,Dissatisfaction,Lack of self-service on Website,Normal
5294-CDGWY,Male,51,No,Yes,No,Long Beach,California,51,49-72,One Year,DSL,Bank Withdrawal,59.3,3014.65,3014.65,1,95,5633,1,Yes,Other,Don't know,Normal
5295-PCJOO,Male,44,No,No,Yes,Long Beach,California,4,0-12,Month-to-Month,Cable,Bank Withdrawal,49.4,184.4,233.48,1,84,4455,1,Yes,Other,Don't know,Normal
9863-JZAIC,Male,60,No,No,No,Long Beach,California,35,25-48,Month-to-Month,Cable,Credit Card,55.0,2010.55,3723.1,1,91,2220,1,Yes,Other,Don't know,Normal
7660-HDPJV,Female,51,No,No,No,Long Beach,California,1,0-12,Month-to-Month,Fiber Optic,Bank Withdrawal,69.2,69.2,79.28,2,81,2637,1,Yes,Dissatisfaction,Poor expertise of online support,Normal
7931-PXHFC,Male,46,No,No,No,Duarte,California,38,25-48,One Year,Cable,Credit Card,62.3,2354.8,4110.780000000001,3,83,3818,1,Yes,Dissatisfaction,Poor expertise of phone support,Normal
4919-MOAVT,Male,53,No,No,No,Pasadena,California,3,0-12,Month-to-Month,Fiber Optic,Bank Withdrawal,69.65,220.1,338.24,2,84,2421,1,Yes,Competitor,Competitor offered higher download speeds,Normal
3090-HAWSU,Male,44,No,No,No,Pasadena,California,61,49-72,Two Year,Fiber Optic,Credit Card,111.6,6876.05,7353.070000000001,1,87,4495,1,Yes,Competitor,Competitor offered more data,Normal
9820-RMCQV,Female,43,No,No,No,San Marino,California,11,0-12,Month-to-Month,DSL,Credit Card,48.55,501.0,840.11,1,92,4444,1,Yes,Competitor,Competitor made better offer,Normal
7839-QRKXN,Female,62,No,No,No,Glendale,California,1,0-12,Month-to-Month,,Credit Card,20.2,20.2,68.45,1,69,4197,1,Yes,Price,Long distance charges,Normal
5204-QZXPU,Male,50,No,No,No,Glendale,California,19,13-24,Month-to-Month,DSL,Bank Withdrawal,39.65,733.35,733.35,1,78,2933,1,Yes,Competitor,Competitor had better devices,Normal
4597-ELFTS,Male,57,No,No,No,Glendale,California,56,49-72,One Year,,Bank Withdrawal,24.9,1334.0,1478.48,3,92,5327,1,Yes,Attitude,Attitude of support person,Normal
8450-JOVAH,Male,62,No,Yes,Yes,Agoura Hills,California,2,0-12,Month-to-Month,DSL,Credit Card,56.7,113.55,124.89,1,77,5560,1,Yes,Competitor,Competitor offered higher download speeds,Normal
1113-IUJYX,Female,59,No,Yes,No,Winnetka,California,14,13-24,One Year,Fiber Optic,Credit Card,105.95,1348.9,1427.72,1,84,5887,1,Yes,Competitor,Competitor offered higher download speeds,Normal
7758-XKCBS,Male,56,No,No,No,Reseda,California,15,13-24,Month-to-Month,DSL,Bank Withdrawal,29.7,438.25,528.25,1,82,5518,1,Yes,Competitor,Competitor offered more data,Normal
8992-JQYUN,Male,40,No,Yes,No,San Fernando,California,1,0-12,Month-to-Month,DSL,Bank Withdrawal,50.35,50.35,50.35,1,65,4526,1,Yes,Competitor,Competitor offered more data,Normal
0617-AQNWT,Female,61,No,Yes,No,North Hills,California,64,49-72,Two Year,DSL,Bank Withdrawal,47.85,3147.5,3147.5,1,66,6347,1,Yes,Competitor,Competitor made better offer,Normal
2446-PLQVO,Male,32,No,No,No,Santa Clarita,California,1,0-12,Month-to-Month,Fiber Optic,Bank Withdrawal,70.3,70.3,75.97,2,78,4512,1,Yes,Other,Don't know,Normal
8784-CGILN,Female,34,No,No,No,Tarzana,California,18,13-24,Month-to-Month,Fiber Optic,Bank Withdrawal,99.85,1776.95,2433.77,1,91,3068,1,Yes,Dissatisfaction,Product dissatisfaction,Normal
9451-LPGOO,Male,22,No,No,No,Fallbrook,California,7,0-12,Month-to-Month,Fiber Optic,Bank Withdrawal,86.8,620.35,834.62,2,66,3780,1,Yes,Competitor,Competitor made better offer,Normal
2025-JKFWI,Male,31,No,No,No,Burbank,California,13,13-24,Month-to-Month,Fiber Optic,Credit Card,99.0,1301.7,1615.52,1,81,3493,1,Yes,Price,Lack of affordable download/upload speed,Normal
4078-SAYYN,Female,45,No,No,No,Burbank,California,11,0-12,Month-to-Month,Fiber Optic,Bank Withdrawal,100.75,1129.75,1664.79,2,65,2229,1,Yes,Price,Long distance charges,Normal
9940-HPQPG,Female,58,No,Yes,No,North Hollywood,California,9,0-12,Month-to-Month,Fiber Optic,Bank Withdrawal,91.75,865.8,1063.8,1,91,4176,1,Yes,Price,Extra data charges,Normal
6618-RYATB,Female,56,No,No,No,North Hollywood,California,1,0-12,Month-to-Month,Fiber Optic,Credit Card,79.55,79.55,84.64999999999999,2,93,5571,1,Yes,Price,Price too high,Normal
9079-YEXQJ,Female,56,No,No,No,Chino,California,54,49-72,Month-to-Month,Fiber Optic,Bank Withdrawal,111.1,6014.85,8588.810000000001,1,93,5527,1,Yes,Dissatisfaction,Product dissatisfaction,Normal
2685-SREOM,Female,36,No,Yes,No,Rancho Cucamonga,California,25,25-48,Month-to-Month,Fiber Optic,Bank Withdrawal,89.1,2368.4,2949.4,1,96,4793,1,Yes,Competitor,Competitor had better devices,Normal
0402-CQAJN,Female,22,No,No,No,El Monte,California,37,25-48,Month-to-Month,Fiber Optic,Bank Withdrawal,101.9,3545.35,4434.83,3,83,4437,1,Yes,Dissatisfaction,Lack of self-service on Website,Normal
6692-UDPJC,Female,61,No,Yes,Yes,South El Monte,California,14,13-24,Month-to-Month,Fiber Optic,Bank Withdrawal,91.65,1301.0,1428.82,3,65,4304,1,Yes,Dissatisfaction,Network reliability,Normal
0295-PPHDO,Male,56,No,No,No,La Puente,California,1,0-12,Month-to-Month,Fiber Optic,Bank Withdrawal,95.45,95.45,101.04,1,71,5962,1,Yes,Competitor,Competitor had better devices,Normal
1195-OIYEJ,Male,54,No,No,No,La Puente,California,13,13-24,Month-to-Month,Fiber Optic,Bank Withdrawal,91.1,1135.7,1286.29,2,78,5347,1,Yes,Attitude,Attitude of support person,Normal
5906-CVLHP,Female,60,No,Yes,No,Rowland Heights,California,45,25-48,One Year,Cable,Credit Card,54.15,2319.8,4211.6,2,92,2761,1,Yes,Attitude,Attitude of service provider,Normal
4501-EQDRN,Female,64,No,No,No,Montclair,California,1,0-12,Month-to-Month,Fiber Optic,Bank Withdrawal,69.7,69.7,91.22,2,91,4620,1,Yes,Attitude,Attitude of service provider,Normal
2990-HWIML,Female,58,No,No,No,Ontario,California,6,0-12,Month-to-Month,Fiber Optic,Bank Withdrawal,89.5,573.3,860.8199999999999,1,82,2898,1,Yes,Competitor,Competitor had better devices,Normal
7384-GHBPI,Male,61,No,Yes,No,San Dimas,California,3,0-12,Month-to-Month,Cable,Bank Withdrawal,35.15,99.75,99.75,2,83,2987,1,Yes,Attitude,Attitude of support person,Normal
7603-USHJS,Male,27,No,No,Yes,San Gabriel,California,12,0-12,Month-to-Month,Fiber Optic,Credit Card,73.75,871.4,1050.92,3,78,2010,1,Yes,Attitude,Attitude of support person,Normal
5876-HZVZM,Female,55,No,Yes,Yes,West Covina,California,6,0-12,Month-to-Month,Cable,Credit Card,55.9,365.35,482.41,1,87,4914,1,Yes,Attitude,Attitude of service provider,Normal
3085-QUOZK,Female,55,No,No,No,Alpine,California,1,0-12,Month-to-Month,Cable,Credit Card,43.95,43.95,78.43,3,76,3238,1,Yes,Attitude,Attitude of service provider,Normal
3926-CUQZX,Male,27,No,No,No,Campo,California,1,0-12,Month-to-Month,DSL,Bank Withdrawal,45.1,45.1,56.16,3,77,4884,1,Yes,Other,Don't know,Normal
1041-RXHRA,Female,25,No,No,No,Guatay,California,41,25-48,Month-to-Month,Fiber Optic,Bank Withdrawal,70.25,2868.05,4540.030000000001,3,69,3407,1,Yes,Attitude,Attitude of support person,Normal
1750-CSKKM,Male,40,No,No,Yes,Imperial Beach,California,9,0-12,Month-to-Month,DSL,Bank Withdrawal,55.35,449.75,818.9300000000001,1,70,2688,1,Yes,Competitor,Competitor had better devices,Normal
8267-ZNYVZ,Female,47,No,Yes,No,Spring Valley,California,33,25-48,One Year,Fiber Optic,Bank Withdrawal,103.75,3361.05,3977.83,1,81,3824,1,Yes,Attitude,Attitude of service provider,Normal
6457-GIRWB,Male,57,No,No,No,Carlsbad,California,1,0-12,Month-to-Month,Fiber Optic,Bank Withdrawal,69.35,69.35,91.38,2,88,2843,1,Yes,Attitude,Attitude of service provider,Normal
1450-SKCVI,Female,22,No,No,No,Del Mar,California,56,49-72,Month-to-Month,Fiber Optic,Bank Withdrawal,73.85,4092.85,6085.89,3,72,5276,1,Yes,Attitude,Attitude of support person,Normal
5570-PTWEH,Female,33,No,Yes,No,Encinitas,California,3,0-12,Month-to-Month,Fiber Optic,Credit Card,75.15,216.75,261.81,2,78,2270,1,Yes,Attitude,Attitude of support person,Normal
6502-MJQAE,Male,27,No,No,No,Escondido,California,1,0-12,Month-to-Month,Fiber Optic,Bank Withdrawal,69.6,69.6,115.81,1,87,2072,1,Yes,Competitor,Competitor made better offer,Normal
7693-LCKZL,Male,57,No,Yes,Yes,Julian,California,5,0-12,Month-to-Month,Fiber Optic,Bank Withdrawal,80.15,385.0,442.7,1,84,5124,1,Yes,Competitor,Competitor had better devices,Normal
0032-PGELS,Female,37,No,Yes,Yes,Palomar Mountain,California,1,0-12,Month-to-Month,DSL,Bank Withdrawal,30.5,30.5,30.5,1,74,5171,1,Yes,Attitude,Attitude of service provider,Normal
6797-LNAQX,Male,34,No,Yes,No,Poway,California,70,49-72,Two Year,Fiber Optic,Bank Withdrawal,98.3,6859.5,8950.8,2,91,4794,1,Yes,Competitor,Competitor had better devices,Normal
6394-MFYNG,Female,20,No,No,No,Solana Beach,California,48,25-48,Month-to-Month,Fiber Optic,Bank Withdrawal,107.4,5121.3,5370.42,2,89,4956,1,Yes,Attitude,Attitude of support person,Normal
8155-IBNHG,Female,55,No,Yes,No,San Diego,California,24,13-24,Month-to-Month,Fiber Optic,Credit Card,75.4,1747.85,2173.37,3,74,2325,1,Yes,Attitude,Attitude of support person,Normal
4745-LSPLO,Male,22,No,No,No,San Diego,California,1,0-12,Month-to-Month,,Credit Card,20.5,20.5,40.35,2,84,3731,1,Yes,Attitude,Attitude of support person,Normal
8083-YTZES,Male,52,No,No,No,San Diego,California,4,0-12,Month-to-Month,Fiber Optic,Bank Withdrawal,74.35,265.35,456.63,1,73,3622,1,Yes,Attitude,Attitude of support person,Normal
3976-BWUCK,Female,63,No,Yes,No,San Diego,California,30,25-48,Month-to-Month,Fiber Optic,Credit Card,94.1,2804.45,3014.75,3,94,5255,1,Yes,Competitor,Competitor made better offer,Normal
3585-ISXZP,Female,53,No,No,No,Indio,California,8,0-12,Month-to-Month,Fiber Optic,Bank Withdrawal,95.65,778.1,1015.38,3,95,5335,1,Yes,Attitude,Attitude of support person,Normal
4174-LPGTI,Female,49,No,Yes,No,Beaumont,California,41,25-48,One Year,DSL,Bank Withdrawal,66.5,2728.6,4041.42,3,65,2517,1,Yes,Other,Moved,Normal
2108-XWMPY,Male,29,No,No,No,Cabazon,California,3,0-12,Month-to-Month,DSL,Credit Card,35.45,106.85,106.85,1,70,2095,1,Yes,Other,Moved,Normal
6304-IJFSQ,Male,63,No,No,No,Calipatria,California,3,0-12,Month-to-Month,Cable,Credit Card,49.9,130.1,269.81,3,73,5585,1,Yes,Other,Moved,Normal
0093-XWZFY,Male,51,No,No,No,Desert Hot Springs,California,40,25-48,Month-to-Month,Fiber Optic,Credit Card,104.5,4036.85,5544.45,1,93,2832,1,Yes,Competitor,Competitor had better devices,Normal
7703-ZEKEF,Male,47,No,No,No,Heber,California,23,13-24,Month-to-Month,Fiber Optic,Bank Withdrawal,81.0,1917.1,2347.2,2,78,5701,1,Yes,Competitor,Competitor offered more data,Normal
5482-NUPNA,Female,28,No,No,No,Imperial,California,4,0-12,Month-to-Month,Cable,Credit Card,60.4,272.15,344.27,1,90,5730,1,Yes,Competitor,Competitor had better devices,Normal
1122-JWTJW,Male,64,No,Yes,Yes,Ocotillo,California,1,0-12,Month-to-Month,Fiber Optic,Credit Card,70.65,70.65,108.33,1,82,3463,1,Yes,Competitor,Competitor had better devices,Normal
1699-HPSBG,Male,44,No,No,No,Palm Springs,California,12,0-12,One Year,Cable,Bank Withdrawal,59.8,727.8,843.0,3,69,4581,1,Yes,Competitor,Competitor offered higher download speeds,Normal
8775-CEBBJ,Female,40,No,No,No,Seeley,California,9,0-12,Month-to-Month,Cable,Bank Withdrawal,44.2,403.35,780.6300000000001,2,87,2029,1,Yes,Competitor,Competitor offered higher download speeds,Normal
0639-TSIQW,Female,28,No,No,No,White Water,California,67,49-72,Month-to-Month,Fiber Optic,Credit Card,102.95,6886.25,9398.75,1,70,5620,1,Yes,Competitor,Competitor offered more data,Normal
5575-GNVDE,Male,46,No,No,No,Los Angeles,California,34,25-48,One Year,DSL,Mailed Check,56.95,1889.5,2470.56,3,61,3441,0,No,,,Normal
7795-CFOCW,Male,53,No,No,No,Los Angeles,California,45,25-48,One Year,DSL,Bank Withdrawal,42.3,1840.75,1840.75,3,66,4307,0,No,,,Normal
1452-KIOVK,Male,42,No,No,Yes,Los Angeles,California,22,13-24,Month-to-Month,Fiber Optic,Credit Card,89.1,1949.4,2599.28,4,43,4459,0,No,,,Normal
6713-OKOMC,Female,42,No,No,No,Los Angeles,California,10,0-12,Month-to-Month,DSL,Mailed Check,29.75,301.9,301.9,3,51,2013,0,No,,,Normal
6388-TABGU,Male,48,No,No,No,Los Angeles,California,62,49-72,One Year,DSL,Bank Withdrawal,56.15,3487.95,3981.47,4,58,4529,0,No,,,Normal
9763-GRSKD,Male,37,No,Yes,Yes,Los Angeles,California,13,13-24,Month-to-Month,DSL,Mailed Check,49.95,587.45,1123.29,3,76,5764,0,No,,,High Risk
7469-LKBCI,Male,21,No,No,No,Los Angeles,California,16,13-24,Two Year,,Credit Card,18.95,326.8,848.72,3,39,4726,0,No,,,Normal
8091-TTVAX,Male,39,No,Yes,No,Los Angeles,California,58,49-72,One Year,Fiber Optic,Credit Card,100.35,5681.1,6011.120000000001,3,71,6432,0,No,,,High Risk
5129-JLPIS,Male,27,No,No,No,Los Angeles,California,25,25-48,Month-to-Month,Fiber Optic,Bank Withdrawal,105.5,2686.05,2946.05,3,75,5822,0,No,,,High Risk
3655-SNQYZ,Female,48,No,Yes,No,Los Angeles,California,69,49-72,Two Year,Fiber Optic,Credit Card,113.25,7895.15,10188.02,4,43,5141,0,No,,,Normal
8191-XWSZG,Female,57,No,No,No,Los Angeles,California,52,49-72,One Year,,Mailed Check,20.65,1022.95,2195.55,4,35,5186,0,No,,,Normal
9959-WOFKT,Male,61,No,No,No,Los Angeles,California,71,49-72,Two Year,Fiber Optic,Bank Withdrawal,106.7,7382.25,8423.82,3,73,4479,0,No,,,Normal
4183-MYFRB,Female,30,No,No,No,Los Angeles,California,21,13-24,Month-to-Month,Fiber Optic,Bank Withdrawal,90.05,1862.9,2029.19,3,57,5982,0,No,,,Normal
1680-VDCWW,Male,45,No,Yes,No,Los Angeles,California,12,0-12,One Year,,Bank Withdrawal,19.8,202.25,334.73,4,77,5279,0,No,,,High Risk
3638-WEABW,Female,25,No,Yes,No,Los Angeles,California,58,49-72,Two Year,Cable,Credit Card,59.9,3505.1,6345.94,3,53,6407,0,No,,,Normal
6322-HRPFA,Male,42,No,Yes,Yes,Los Angeles,California,49,49-72,Month-to-Month,Cable,Credit Card,59.6,2970.3,3229.51,3,79,4986,0,No,,,Normal
6865-JZNKO,Female,25,No,No,No,Los Angeles,California,30,25-48,Month-to-Month,Cable,Bank Withdrawal,55.3,1530.6,2112.9,4,65,2725,0,No,,,Normal
5248-YGIJN,Male,36,No,Yes,No,Los Angeles,California,72,49-72,Two Year,DSL,Credit Card,90.25,6369.45,7155.69,3,21,5974,0,No,,,Normal
6827-IEAUQ,Female,46,No,Yes,No,Los Angeles,California,27,25-48,One Year,DSL,Credit Card,66.15,1874.45,2960.12,3,66,3213,0,No,,,Normal
6234-RAAPL,Female,60,No,Yes,No,Los Angeles,California,72,49-72,Two Year,Fiber Optic,Bank Withdrawal,99.9,7251.7,8955.22,4,79,5915,0,No,,,High Risk
6572-ADKRS,Female,19,No,No,No,Los Angeles,California,46,25-48,Month-to-Month,Fiber Optic,Credit Card,74.8,3548.3,5500.54,3,41,3395,0,No,,,Normal
8865-TNMNX,Male,53,No,Yes,No,Los Angeles,California,10,0-12,One Year,DSL,Credit Card,49.55,475.7,737.4000000000001,3,22,2392,0,No,,,Normal
9489-DEDVP,Female,52,No,Yes,No,Los Angeles,California,70,49-72,Two Year,DSL,Credit Card,69.2,4872.35,7008.950000000001,3,25,4715,0,No,,,Normal
9867-JCZSP,Female,28,No,Yes,No,Los Angeles,California,17,13-24,One Year,,Credit Card,20.75,418.25,566.83,4,64,3646,0,No,,,Normal
4671-VJLCL,Female,36,No,No,No,Los Angeles,California,63,49-72,Two Year,DSL,Credit Card,79.85,4861.45,5669.11,3,70,4595,0,No,,,Normal
4080-IIARD,Female,42,No,Yes,No,Los Angeles,California,13,13-24,Month-to-Month,DSL,Bank Withdrawal,76.2,981.45,1134.72,5,41,2569,0,No,,,Normal
3714-NTNFO,Female,49,No,No,No,Los Angeles,California,49,49-72,Month-to-Month,Fiber Optic,Bank Withdrawal,84.5,3906.7,5239.5,5,71,6434,0,No,,,High Risk
7639-LIAYI,Male,23,No,No,No,Los Angeles,California,52,49-72,Two Year,Cable,Credit Card,79.75,4217.8,5734.12,4,49,4142,0,No,,,Normal
2954-PIBKO,Female,64,No,Yes,No,Los Angeles,California,69,49-72,Two Year,Cable,Credit Card,64.15,4254.1,7045.820000000001,3,62,5128,0,No,,,Normal
8769-KKTPH,Female,44,No,Yes,No,Los Angeles,California,63,49-72,One Year,Fiber Optic,Credit Card,99.65,6311.2,6401.29,3,79,4572,0,No,,,Normal
3957-SQXML,Female,61,No,Yes,No,Los Angeles,California,34,25-48,Two Year,,Credit Card,24.95,894.3,1751.44,3,62,5408,0,No,,,Normal
5954-BDFSG,Female,40,No,No,No,West Hollywood,California,72,49-72,Two Year,Fiber Optic,Credit Card,107.5,7853.7,8595.539999999999,3,53,4708,0,No,,,Normal
0434-CSFON,Female,34,No,Yes,No,Los Angeles,California,47,25-48,Month-to-Month,Fiber Optic,Bank Withdrawal,100.5,4707.1,6500.150000000001,3,70,4488,0,No,,,Normal
1215-FIGMP,Male,27,No,No,No,Los Angeles,California,60,49-72,Month-to-Month,Fiber Optic,Bank Withdrawal,89.9,5450.7,8023.5,3,35,6292,0,No,,,Normal
0526-SXDJP,Male,36,No,Yes,No,Bell,California,72,49-72,Two Year,Cable,Bank Withdrawal,42.1,2962.0,2962.0,4,29,6091,0,No,,,Normal
0557-ASKVU,Female,43,No,Yes,No,Beverly Hills,California,18,13-24,One Year,Cable,Credit Card,54.4,957.1,1766.56,5,33,4948,0,No,,,Normal
8627-ZYGSZ,Male,32,No,Yes,No,Compton,California,47,25-48,One Year,Fiber Optic,Bank Withdrawal,78.9,3650.35,5507.79,5,61,3817,0,No,,,Normal
3410-YOQBQ,Female,61,No,No,No,Compton,California,31,25-48,Two Year,DSL,Credit Card,79.2,2497.2,3359.87,5,78,4984,0,No,,,Normal
3170-NMYVV,Female,37,No,Yes,No,Compton,California,50,49-72,Two Year,,Bank Withdrawal,20.15,930.9,2278.4,4,20,5849,0,No,,,Normal
7410-OIEDU,Male,29,No,No,No,Culver City,California,10,0-12,Month-to-Month,Fiber Optic,Credit Card,79.85,887.35,1371.15,3,38,5983,0,No,,,Normal
0731-EBJQB,Female,24,No,Yes,No,Downey,California,52,49-72,One Year,,Bank Withdrawal,20.4,1090.65,1384.45,3,26,5482,0,No,,,Normal
8028-PNXHQ,Male,40,No,Yes,No,Downey,California,62,49-72,Two Year,,Bank Withdrawal,24.25,1424.6,4445.86,5,33,4444,0,No,,,Normal
6416-JNVRK,Female,50,No,No,No,Gardena,California,46,25-48,One Year,Cable,Credit Card,55.65,2688.85,2782.23,5,56,2867,0,No,,,Normal
5590-ZSKRV,Female,62,No,Yes,Yes,Gardena,California,8,0-12,Month-to-Month,DSL,Credit Card,54.65,482.25,792.49,3,43,5614,0,No,,,Normal
3887-PBQAO,Female,48,No,Yes,No,Hermosa Beach,California,45,25-48,One Year,,Credit Card,25.9,1216.6,2228.65,4,78,5741,0,No,,,High Risk
8108-UXRQN,Female,23,No,Yes,Yes,Lawndale,California,11,0-12,Month-to-Month,Cable,Bank Withdrawal,50.55,565.35,565.35,3,28,3443,0,No,,,Normal
9919-YLNNG,Female,38,No,No,No,Malibu,California,42,25-48,Month-to-Month,Fiber Optic,Bank Withdrawal,103.8,4327.5,6123.8,4,37,4005,0,No,,,Normal
0318-ZOPWS,Female,31,No,Yes,No,Malibu,California,49,49-72,Two Year,,Bank Withdrawal,20.15,973.35,1111.53,5,37,5422,0,No,,,Normal
4445-ZJNMU,Male,30,No,No,No,Manhattan Beach,California,9,0-12,Month-to-Month,Fiber Optic,Credit Card,99.3,918.75,962.04,3,69,3540,0,No,,,Normal
4808-YNLEU,Female,51,No,Yes,No,Maywood,California,35,25-48,One Year,DSL,Bank Withdrawal,62.15,2215.45,3074.0,4,39,5255,0,No,,,Normal
1862-QRWPE,Female,24,No,Yes,No,Pacific Palisades,California,48,25-48,Two Year,,Bank Withdrawal,20.65,1057.0,2879.08,5,25,4124,0,No,,,Normal
2796-NNUFI,Female,56,No,Yes,No,Palos Verdes Peninsula,California,46,25-48,Two Year,,Credit Card,19.95,927.1,2328.72,5,80,5480,0,No,,,High Risk
3016-KSVCP,Male,47,No,Yes,No,Rancho Palos Verdes,California,29,25-48,Month-to-Month,DSL,Credit Card,33.75,1009.25,1009.25,3,62,3664,0,No,,,Normal
4767-HZZHQ,Male,32,No,Yes,Yes,Redondo Beach,California,30,25-48,Month-to-Month,Fiber Optic,Bank Withdrawal,82.05,2570.2,2875.9,3,9,5036,0,No,,,Normal
7233-PAHHL,Male,57,No,Yes,No,South Gate,California,66,49-72,Two Year,DSL,Credit Card,84.0,5714.25,6124.77,4,24,5825,0,No,,,Normal
6067-NGCEU,Female,50,No,No,No,Topanga,California,65,49-72,Month-to-Month,Fiber Optic,Credit Card,111.05,7107.0,9822.7,4,38,5261,0,No,,,Normal
9848-JQJTX,Male,52,No,No,No,Venice,California,72,49-72,Two Year,Fiber Optic,Bank Withdrawal,100.9,7459.05,9225.21,3,54,5781,0,No,,,Normal
9803-FTJCG,Male,50,No,Yes,No,Playa Del Rey,California,71,49-72,One Year,DSL,Credit Card,66.85,4748.7,5093.05,4,26,4117,0,No,,,Normal
3212-KXOCR,Male,62,No,No,No,Inglewood,California,52,49-72,Two Year,,Bank Withdrawal,21.0,1107.2,2578.8,4,66,4158,0,No,,,Normal
7123-WQUHX,Male,34,No,No,No,Santa Monica,California,38,25-48,One Year,Fiber Optic,Bank Withdrawal,95.0,3605.6,3755.7,5,63,4741,0,No,,,Normal
6180-YBIQI,Male,35,No,No,No,Santa Monica,California,5,0-12,Month-to-Month,DSL,Credit Card,24.3,100.2,100.2,3,61,4015,0,No,,,Normal
6728-DKUCO,Female,25,No,Yes,No,Santa Monica,California,72,49-72,One Year,Fiber Optic,Bank Withdrawal,104.15,7303.05,9162.09,3,21,4594,0,No,,,Normal
9750-BOOHV,Female,60,No,No,No,Torrance,California,32,25-48,One Year,DSL,Credit Card,30.15,927.65,927.65,4,60,3585,0,No,,,Normal
8597-CWYHH,Male,50,No,No,No,Torrance,California,43,25-48,One Year,Fiber Optic,Credit Card,94.35,3921.3,5693.76,3,53,5845,0,No,,,Normal
2848-YXSMW,Male,38,No,Yes,No,Torrance,California,72,49-72,Two Year,,Credit Card,19.4,1363.25,4927.25,5,23,5234,0,No,,,Normal
4549-ZDQYY,Female,35,No,No,No,Torrance,California,52,49-72,One Year,DSL,Credit Card,57.95,3042.25,4801.93,3,28,6078,0,No,,,Normal
5712-AHQNN,Female,36,No,No,No,Whittier,California,43,25-48,Month-to-Month,Fiber Optic,Bank Withdrawal,91.65,3954.1,5095.75,5,65,3826,0,No,,,Normal
5256-SKJGO,Female,48,No,Yes,No,Whittier,California,64,49-72,Two Year,DSL,Bank Withdrawal,54.6,3423.5,3423.5,4,35,4850,0,No,,,Normal
9560-BBZXK,Female,61,No,No,No,Whittier,California,36,25-48,Two Year,Cable,Bank Withdrawal,31.05,1126.35,1126.35,4,54,4871,0,No,,,Normal
8402-OOOHJ,Female,53,No,No,No,Buena Park,California,41,25-48,Two Year,,Credit Card,20.65,835.15,2131.57,5,59,5918,0,No,,,Normal
9445-ZUEQE,Male,33,No,Yes,Yes,Buena Park,California,27,25-48,Month-to-Month,Fiber Optic,Credit Card,85.2,2151.6,3482.19,3,28,3796,0,No,,,Normal
1091-SOZGA,Female,27,No,Yes,No,La Palma,California,56,49-72,One Year,Fiber Optic,Credit Card,99.8,5515.45,7888.17,4,43,4606,0,No,,,Normal
2928-HLDBA,Female,31,No,No,No,Cypress,California,6,0-12,Month-to-Month,,Credit Card,20.7,112.75,159.07,5,47,5346,0,No,,,Normal
6497-TILVL,Female,20,No,Yes,Yes,La Mirada,California,7,0-12,Month-to-Month,DSL,Credit Card,50.7,350.35,529.83,3,59,3097,0,No,,,Normal
7219-TLZHO,Female,27,No,Yes,Yes,Montebello,California,4,0-12,Month-to-Month,,Credit Card,20.85,62.9,222.46,5,76,3172,0,No,,,Normal
4622-YNKIJ,Male,59,No,No,No,Norwalk,California,33,25-48,Two Year,Fiber Optic,Bank Withdrawal,88.95,3027.65,4599.77,3,32,5087,0,No,,,Normal
6734-PSBAW,Male,46,No,Yes,No,Santa Fe Springs,California,72,49-72,Two Year,,Bank Withdrawal,23.55,1723.95,1857.87,3,59,5901,0,No,,,Normal
2876-GZYZC,Female,49,No,No,No,Cerritos,California,13,13-24,Month-to-Month,Fiber Optic,Bank Withdrawal,85.95,1215.65,1595.38,5,58,5886,0,No,,,Normal
8587-XYZSF,Male,60,No,No,No,Bellflower,California,67,49-72,Two Year,DSL,Bank Withdrawal,50.55,3260.1,5442.959999999999,5,63,6064,0,No,,,Normal
7799-LGRDP,Female,42,No,No,No,Lakewood,California,43,25-48,Two Year,,Credit Card,25.7,1188.2,2285.99,4,79,2017,0,No,,,Normal
7850-VWJUU,Female,37,No,No,No,Lakewood,California,23,13-24,Month-to-Month,Fiber Optic,Bank Withdrawal,75.0,1778.5,2331.42,4,29,2221,0,No,,,Normal
3774-VBNXY,Female,23,No,Yes,No,Hawaiian Gardens,California,64,49-72,Two Year,,Credit Card,20.2,1277.75,3597.11,5,51,4557,0,No,,,Normal
6217-KDYWC,Male,58,No,No,No,Lomita,California,57,49-72,Two Year,,Credit Card,19.6,1170.55,1496.02,3,40,4393,0,No,,,Normal
1095-WGNGG,Female,35,No,Yes,No,San Pedro,California,61,49-72,Two Year,Fiber Optic,Bank Withdrawal,101.05,5971.25,7038.139999999999,4,60,6311,0,No,,,Normal
2636-SJDOU,Male,34,No,No,No,Seal Beach,California,64,49-72,One Year,Fiber Optic,Credit Card,84.3,5289.05,7226.33,3,53,5044,0,No,,,Normal
5716-EZXZN,Female,56,No,Yes,No,Surfside,California,65,49-72,Two Year,Fiber Optic,Credit Card,99.05,6416.7,7274.7,3,59,5878,0,No,,,Normal
6440-DKQGE,Male,52,No,No,No,Carson,California,30,25-48,One Year,Cable,Credit Card,64.5,1929.95,2766.35,5,30,4320,0,No,,,Normal
3466-BYAVD,Male,50,No,Yes,Yes,Long Beach,California,15,13-24,Month-to-Month,Cable,Credit Card,69.5,1071.4,1198.0,4,35,3128,0,No,,,Normal
3780-YVMFA,Female,33,No,Yes,Yes,Long Beach,California,8,0-12,Month-to-Month,Cable,Bank Withdrawal,68.55,564.35,803.87,3,58,3123,0,No,,,Normal
1679-JRFBR,Female,27,No,Yes,No,Long Beach,California,70,49-72,One Year,Fiber Optic,Credit Card,108.15,7930.55,8334.45,4,41,5192,0,No,,,Normal
9073-ZZIAY,Male,51,No,Yes,No,Long Beach,California,62,49-72,Two Year,DSL,Bank Withdrawal,86.1,5215.25,7893.65,4,62,5769,0,No,,,Normal
3077-RSNTJ,Female,29,No,Yes,Yes,Long Beach,California,6,0-12,Month-to-Month,,Credit Card,19.7,113.5,146.62,3,43,4293,0,No,,,Normal
6551-GNYDG,Female,33,No,Yes,Yes,Long Beach,California,14,13-24,Month-to-Month,Fiber Optic,Bank Withdrawal,80.9,1152.8,1715.88,5,46,2563,0,No,,,Normal
9167-APMXZ,Female,23,No,No,No,Long Beach,California,22,13-24,Month-to-Month,Fiber Optic,Bank Withdrawal,84.15,1821.95,2304.35,3,32,3549,0,No,,,Normal
2749-CTKAJ,Male,37,No,Yes,No,Long Beach,California,22,13-24,One Year,,Credit Card,20.15,419.9,1477.2200000000005,5,72,2173,0,No,,,Normal
6371-NZYEG,Male,38,No,Yes,No,Long Beach,California,16,13-24,Two Year,DSL,Credit Card,64.25,1024.0,1396.96,4,77,5511,0,No,,,High Risk
7554-NEWDD,Male,44,No,No,No,Long Beach,California,10,0-12,Two Year,,Bank Withdrawal,25.7,251.6,572.6,5,8,3611,0,No,,,Normal
8992-VONJD,Female,63,No,No,Yes,Long Beach,California,13,13-24,Month-to-Month,DSL,Bank Withdrawal,56.0,764.55,1116.07,3,22,5156,0,No,,,Normal
4648-YPBTM,Male,35,No,No,No,Arcadia,California,53,49-72,Two Year,DSL,Bank Withdrawal,73.9,3958.25,4304.87,4,55,5644,0,No,,,Normal
2907-ILJBN,Female,21,No,Yes,No,Duarte,California,11,0-12,One Year,,Credit Card,20.6,233.9,255.02,3,29,4047,0,No,,,Normal
6345-FZOQH,Male,40,No,Yes,No,La Canada Flintridge,California,69,49-72,Two Year,,Credit Card,19.9,1363.45,3492.79,5,54,5570,0,No,,,Normal
5997-OPVFA,Male,39,No,Yes,No,Montrose,California,72,49-72,Two Year,Cable,Bank Withdrawal,89.05,6254.45,6690.05,4,54,6212,0,No,,,Normal
1159-WFSGR,Female,59,No,Yes,Yes,South Pasadena,California,16,13-24,Month-to-Month,,Bank Withdrawal,20.4,321.4,1050.04,4,62,3990,0,No,,,Normal
7654-YWJUF,Male,61,No,Yes,No,Sunland,California,43,25-48,One Year,Fiber Optic,Bank Withdrawal,84.25,3539.25,4192.85,3,51,4382,0,No,,,Normal
6727-IOTLZ,Male,48,No,Yes,No,Pasadena,California,14,13-24,Two Year,Cable,Credit Card,81.95,1181.75,1254.13,3,52,2564,0,No,,,Normal
5918-VUKWP,Female,61,No,No,No,Pasadena,California,32,25-48,One Year,,Bank Withdrawal,20.55,654.55,1805.59,3,77,5358,0,No,,,High Risk
1744-JHKYS,Female,49,No,Yes,No,Pasadena,California,34,25-48,Month-to-Month,,Bank Withdrawal,24.7,780.2,1171.88,4,72,3421,0,No,,,Normal
5947-SGKCL,Female,19,No,Yes,Yes,San Marino,California,15,13-24,Month-to-Month,Fiber Optic,Bank Withdrawal,105.35,1559.25,1622.1,3,66,2721,0,No,,,Normal
3712-PKXZA,Male,22,No,Yes,No,Glendale,California,61,49-72,One Year,,Credit Card,20.55,1252.0,2427.4700000000003,4,42,5110,0,No,,,Normal
5524-KHNJP,Male,35,No,Yes,No,Glendale,California,33,25-48,One Year,Cable,Credit Card,74.75,2453.3,4065.35,3,26,5344,0,No,,,Normal
4827-USJHP,Male,45,No,No,No,Glendale,California,20,13-24,Month-to-Month,DSL,Credit Card,51.8,1023.85,1102.65,4,24,2764,0,No,,,Normal
0956-SYCWG,Female,61,No,No,No,Agoura Hills,California,13,13-24,One Year,,Bank Withdrawal,19.65,244.8,675.49,3,49,2024,0,No,,,Normal
8017-UVSZU,Female,62,No,Yes,No,Calabasas,California,40,25-48,Month-to-Month,DSL,Credit Card,56.6,2379.1,4310.7,5,72,3359,0,No,,,Normal
7100-FQPRV,Male,24,No,Yes,No,Canoga Park,California,43,25-48,One Year,DSL,Credit Card,71.9,3173.35,5241.65,3,23,4106,0,No,,,Normal
2984-RGEYA,Female,38,No,Yes,No,Winnetka,California,69,49-72,Two Year,,Bank Withdrawal,19.75,1375.4,1739.0300000000002,4,72,5325,0,No,,,High Risk
9680-NIAUV,Female,42,No,Yes,No,West Hills,California,72,49-72,Two Year,Fiber Optic,Credit Card,109.7,8129.3,9472.82,4,74,5945,0,No,,,High Risk
2146-EGVDT,Male,33,No,Yes,No,Chatsworth,California,59,49-72,Two Year,,Credit Card,19.3,1192.7,2701.33,3,28,4149,0,No,,,Normal
2604-IJPDU,Female,32,No,Yes,No,Encino,California,20,13-24,Month-to-Month,Fiber Optic,Bank Withdrawal,96.55,1901.65,2473.05,3,36,4382,0,No,,,Normal
9178-JHUVJ,Male,19,No,Yes,Yes,Newbury Park,California,24,13-24,Two Year,,Bank Withdrawal,24.1,587.4,614.76,3,26,4634,0,No,,,Normal
6168-YBYNP,Male,19,No,No,No,Newhall,California,59,49-72,Month-to-Month,Fiber Optic,Bank Withdrawal,111.35,6519.75,9358.83,5,62,6047,0,No,,,Normal
7255-SSFBC,Male,42,No,Yes,Yes,Northridge,California,72,49-72,Two Year,Fiber Optic,Bank Withdrawal,112.25,8041.65,8881.17,4,55,4099,0,No,,,Normal
9323-HGFWY,Female,55,No,Yes,No,Porter Ranch,California,27,25-48,One Year,Fiber Optic,Credit Card,101.9,2681.15,3221.69,3,69,3795,0,No,,,Normal
8544-GOQSH,Female,51,No,No,No,Pacoima,California,14,13-24,Month-to-Month,Fiber Optic,Credit Card,80.05,1112.3,1135.96,5,53,4400,0,No,,,Normal
3363-DTIVD,Male,55,No,Yes,Yes,Reseda,California,71,49-72,Two Year,Fiber Optic,Bank Withdrawal,105.55,7405.5,9181.92,3,63,5010,0,No,,,Normal
7018-WBJNK,Male,55,No,No,Yes,San Fernando,California,13,13-24,Month-to-Month,Fiber Optic,Credit Card,78.3,1033.95,1599.04,3,26,5566,0,No,,,Normal
9142-KZXOP,Male,41,No,No,No,Sylmar,California,44,25-48,Month-to-Month,Fiber Optic,Credit Card,68.85,2958.95,3033.75,3,51,2053,0,No,,,Normal
7674-YTAFD,Female,64,No,No,No,North Hills,California,33,25-48,One Year,Fiber Optic,Bank Withdrawal,79.95,2684.85,4080.42,3,52,3118,0,No,,,Normal
6348-SNFUS,Male,30,No,Yes,No,Granada Hills,California,72,49-72,Two Year,Cable,Credit Card,55.45,4179.2,4179.2,3,32,4556,0,No,,,Normal
1347-KTTTA,Male,22,No,Yes,No,Canyon Country,California,64,49-72,One Year,Fiber Optic,Credit Card,102.45,6654.1,9245.46,3,58,6398,0,No,,,Normal
7157-SMCFK,Male,32,No,No,Yes,Valencia,California,61,49-72,Two Year,,Mailed Check,19.75,1124.2,2040.42,4,76,5411,0,No,,,High Risk
4709-LKHYG,Female,23,No,Yes,No,Tarzana,California,29,25-48,One Year,,Bank Withdrawal,20.0,540.05,1343.9299999999998,5,34,3800,0,No,,,Normal
0699-NDKJM,Female,45,No,Yes,No,Westlake Village,California,57,49-72,Month-to-Month,Cable,Bank Withdrawal,58.75,3437.45,3437.45,3,38,4115,0,No,,,Normal
9286-BHDQG,Male,46,No,Yes,No,Thousand Oaks,California,72,49-72,Two Year,DSL,Credit Card,45.25,3139.8,3139.8,4,22,5041,0,No,,,Normal
0230-WEQUW,Male,38,No,Yes,No,Woodland Hills,California,66,49-72,Two Year,DSL,Bank Withdrawal,56.6,3789.2,3789.2,4,77,5500,0,No,,,High Risk
2040-LDIWQ,Male,51,No,Yes,No,Woodland Hills,California,65,49-72,Two Year,DSL,Bank Withdrawal,84.2,5324.5,8026.55,5,33,5256,0,No,,,Normal
6496-JDSSB,Female,24,No,No,No,Oak Park,California,8,0-12,Month-to-Month,Fiber Optic,Bank Withdrawal,80.0,624.6,943.96,4,22,2165,0,No,,,Normal
4443-EMBNA,Female,55,No,Yes,No,Castaic,California,71,49-72,Two Year,,Bank Withdrawal,24.75,1836.9,4118.13,3,51,4642,0,No,,,Normal
5961-VUSRV,Female,53,No,No,No,Sherman Oaks,California,12,0-12,One Year,,Bank Withdrawal,19.35,219.35,419.99,5,57,4451,0,No,,,Normal
6778-JFCMK,Male,28,No,No,No,Van Nuys,California,24,13-24,One Year,DSL,Mailed Check,50.6,1288.75,1288.75,3,32,4806,0,No,,,Normal
6341-JVQGF,Female,26,No,Yes,No,Van Nuys,California,31,25-48,One Year,DSL,Mailed Check,81.15,2545.75,3765.29,4,54,5643,0,No,,,Normal
4811-JBUVU,Male,62,No,No,No,Sherman Oaks,California,30,25-48,Month-to-Month,Fiber Optic,Credit Card,89.9,2723.15,3682.25,3,33,3233,0,No,,,Normal
0945-TSONX,Female,22,No,Yes,No,Encino,California,47,25-48,Two Year,DSL,Credit Card,85.3,4107.25,5607.3,3,30,5698,0,No,,,Normal
2651-ZCBXV,Male,49,No,No,No,Burbank,California,54,49-72,Two Year,Fiber Optic,Credit Card,108.0,5760.65,6719.69,3,73,6370,0,No,,,High Risk
3316-UWXUY,Male,64,No,No,No,Burbank,California,50,49-72,Month-to-Month,Fiber Optic,Credit Card,93.5,4747.5,6789.0,4,70,6367,0,No,,,Normal
7083-MIOPC,Female,62,No,No,No,Burbank,California,72,49-72,Two Year,,Credit Card,20.25,1566.9,4616.82,4,49,5733,0,No,,,Normal
1984-GPTEH,Female,47,No,No,No,Burbank,California,29,25-48,Month-to-Month,,Bank Withdrawal,25.15,702.0,833.37,4,46,5491,0,No,,,Normal
0621-JFHOL,Female,41,No,No,No,North Hollywood,California,10,0-12,Two Year,Cable,Mailed Check,29.6,299.05,299.05,3,62,3180,0,No,,,Normal
9903-LYSAB,Male,42,No,Yes,No,Studio City,California,18,13-24,Month-to-Month,Fiber Optic,Bank Withdrawal,73.15,1305.95,1607.99,4,73,4283,0,No,,,Normal
9227-UAQFT,Male,40,No,No,No,North Hollywood,California,16,13-24,Two Year,,Mailed Check,19.75,284.35,927.07,5,53,4272,0,No,,,Normal
7301-ABVAD,Female,37,No,No,No,Valley Village,California,72,49-72,Two Year,Cable,Bank Withdrawal,86.6,6350.5,6947.38,3,37,4530,0,No,,,Normal
6614-FHDBO,Male,49,No,No,No,Rancho Cucamonga,California,72,49-72,Two Year,Fiber Optic,Bank Withdrawal,109.2,7878.3,10406.22,3,26,4551,0,No,,,Normal
7576-ASEJU,Female,38,No,Yes,No,Azusa,California,41,25-48,One Year,DSL,Credit Card,74.7,3187.65,4219.21,4,56,5246,0,No,,,Normal
0303-UNCIP,Male,35,No,No,No,Claremont,California,41,25-48,One Year,DSL,Mailed Check,65.0,2531.8,4211.35,4,57,5043,0,No,,,Normal
0959-WHOKV,Male,28,No,No,No,Covina,California,42,25-48,One Year,Fiber Optic,Bank Withdrawal,99.0,4298.45,4568.09,3,46,2887,0,No,,,Normal
4075-JFPGR,Female,27,No,Yes,No,Rancho Cucamonga,California,51,49-72,One Year,Fiber Optic,Bank Withdrawal,93.5,4619.55,5694.12,3,68,5561,0,No,,,Normal
3282-ZISZV,Male,56,No,No,No,South El Monte,California,32,25-48,One Year,DSL,Credit Card,83.7,2633.3,3832.66,5,71,3945,0,No,,,Normal
3675-YDUPJ,Male,29,No,No,No,Rancho Cucamonga,California,10,0-12,Month-to-Month,,Credit Card,19.85,193.05,212.85,4,58,3768,0,No,,,Normal
4111-BNXIF,Female,19,No,Yes,No,Rancho Cucamonga,California,67,49-72,Two Year,DSL,Bank Withdrawal,59.55,4103.9,4103.9,4,56,4478,0,No,,,Normal
7017-VFHAY,Female,42,No,Yes,Yes,Glendora,California,61,49-72,Two Year,Fiber Optic,Credit Card,115.1,7008.15,8228.76,3,38,6090,0,No,,,Normal
6655-LHBYW,Male,46,No,No,No,Glendora,California,50,49-72,One Year,Fiber Optic,Credit Card,114.35,5791.1,6791.1,3,33,5068,0,No,,,Normal
7605-BDWDC,Female,35,No,No,No,Mira Loma,California,31,25-48,Two Year,DSL,Bank Withdrawal,49.85,1520.1,1520.1,3,67,2539,0,No,,,Normal
1950-KSVVJ,Female,57,No,Yes,No,Monterey Park,California,45,25-48,One Year,Fiber Optic,Mailed Check,113.3,5032.25,6541.55,3,61,4885,0,No,,,Normal
0123-CRBRT,Female,62,No,Yes,No,Monterey Park,California,61,49-72,Two Year,DSL,Mailed Check,88.1,5526.75,8405.34,4,40,5152,0,No,,,Normal
6292-TOSSS,Male,64,No,No,No,Mt Baldy,California,50,49-72,Two Year,,Bank Withdrawal,24.9,1195.25,3553.25,4,68,4297,0,No,,,Normal
7014-ZZXAW,Female,30,No,Yes,No,Montclair,California,71,49-72,Two Year,,Credit Card,24.25,1732.95,2315.86,5,59,5409,0,No,,,Normal
7633-MVPUY,Male,50,No,Yes,No,Diamond Bar,California,57,49-72,Two Year,Cable,Bank Withdrawal,59.75,3450.15,6259.68,3,68,4012,0,No,,,Normal
8645-KWHJO,Male,47,No,No,No,San Gabriel,California,14,13-24,Month-to-Month,DSL,Bank Withdrawal,55.0,771.95,771.95,3,23,4900,0,No,,,Normal
4130-MZLCC,Female,24,No,No,No,Temple City,California,5,0-12,Month-to-Month,DSL,Bank Withdrawal,50.55,244.75,459.85,3,54,2739,0,No,,,Normal
0314-TKOSI,Female,29,No,No,No,Upland,California,6,0-12,Month-to-Month,Cable,Mailed Check,55.15,322.9,364.78,4,42,5377,0,No,,,Normal
8229-MYEJZ,Female,44,No,No,No,Upland,California,10,0-12,Month-to-Month,DSL,Bank Withdrawal,51.2,498.25,953.85,4,47,5765,0,No,,,Normal
9577-WJVCQ,Female,24,No,No,No,West Covina,California,68,49-72,Month-to-Month,DSL,Mailed Check,54.45,3687.75,4048.15,3,24,5310,0,No,,,Normal
6202-DYYFX,Female,64,No,No,No,West Covina,California,22,13-24,One Year,Fiber Optic,Credit Card,76.0,1783.6,2217.44,4,41,2031,0,No,,,Normal
3808-HFKDE,Female,35,No,No,No,Alhambra,California,20,13-24,Month-to-Month,Cable,Bank Withdrawal,44.35,927.15,1010.15,4,59,3460,0,No,,,Normal
3727-OWVYD,Male,24,No,No,No,Campo,California,35,25-48,One Year,DSL,Mailed Check,61.2,2021.2,3364.5,3,70,2075,0,No,,,Normal
2294-SALNE,Male,51,No,Yes,No,Chula Vista,California,23,13-24,One Year,Fiber Optic,Credit Card,86.8,1940.8,2413.29,4,54,3200,0,No,,,Normal
1563-IWQEX,Female,43,No,No,No,Chula Vista,California,12,0-12,Month-to-Month,,Credit Card,19.7,220.35,444.87,3,71,5715,0,No,,,High Risk
6556-DBKZF,Female,38,No,Yes,Yes,Chula Vista,California,71,49-72,Two Year,Fiber Optic,Bank Withdrawal,76.05,5436.45,6103.849999999999,5,26,5841,0,No,,,Normal
2985-JUUBZ,Male,32,No,Yes,Yes,Dulzura,California,40,25-48,Month-to-Month,DSL,Bank Withdrawal,74.55,3015.75,3570.15,5,64,3718,0,No,,,Normal
0895-LMRSF,Male,34,No,No,No,Imperial Beach,California,23,13-24,One Year,Cable,Bank Withdrawal,64.9,1509.8,2707.0,4,50,3314,0,No,,,Normal
8266-VBFQL,Male,55,No,No,No,Jamul,California,4,0-12,Month-to-Month,Fiber Optic,Bank Withdrawal,90.4,356.65,484.33,3,35,3314,0,No,,,Normal
8181-YHCMF,Female,44,No,Yes,No,La Mesa,California,68,49-72,Two Year,DSL,Credit Card,60.3,4109.0,4109.0,4,24,4864,0,No,,,Normal
2240-HSJQD,Male,44,No,No,Yes,La Mesa,California,38,25-48,Month-to-Month,Fiber Optic,Credit Card,81.85,3141.7,3189.96,5,55,3571,0,No,,,Normal
1248-DYXUB,Male,42,No,Yes,Yes,Lemon Grove,California,52,49-72,Two Year,,Credit Card,24.8,1229.1,3326.26,5,76,5320,0,No,,,High Risk
4115-BNPJY,Male,60,No,Yes,No,National City,California,29,25-48,Two Year,DSL,Credit Card,75.55,2054.4,2995.74,5,44,5625,0,No,,,Normal
4091-TVOCN,Male,51,No,No,No,Potrero,California,48,25-48,One Year,Cable,Credit Card,78.75,3682.45,3843.89,3,69,2257,0,No,,,Normal
7277-OZCGZ,Female,40,No,No,No,Spring Valley,California,22,13-24,Month-to-Month,Fiber Optic,Bank Withdrawal,89.05,1886.25,2018.25,3,75,5479,0,No,,,High Risk
1557-EMYVT,Female,25,No,No,No,Tecate,California,43,25-48,Two Year,Fiber Optic,Credit Card,115.05,4895.1,5952.89,4,57,4115,0,No,,,Normal
5027-YOCXN,Male,23,No,Yes,No,Cardiff By The Sea,California,51,49-72,One Year,Fiber Optic,Credit Card,110.05,5686.4,7029.35,3,56,5604,0,No,,,Normal
3973-SKMLN,Male,49,No,No,No,Carlsbad,California,71,49-72,Two Year,,Credit Card,19.9,1355.1,2890.54,3,28,5308,0,No,,,Normal
6745-JEFZB,Male,64,No,Yes,No,El Cajon,California,35,25-48,Month-to-Month,Fiber Optic,Credit Card,91.5,3236.35,4120.31,4,78,3617,0,No,,,Normal
9880-TDQAC,Female,63,No,Yes,No,El Cajon,California,72,49-72,Two Year,DSL,Bank Withdrawal,60.0,4264.0,4238.33,4,43,5471,0,No,,,Normal
7102-JJVTX,Female,31,No,Yes,No,Escondido,California,9,0-12,One Year,DSL,Credit Card,48.6,422.3,672.48,3,46,4562,0,No,,,Normal
8626-PTQGE,Male,62,No,No,No,Escondido,California,69,49-72,Two Year,Cable,Bank Withdrawal,60.05,4176.7,4135.49,3,22,5388,0,No,,,Normal
4983-CLMLV,Female,30,No,Yes,No,Escondido,California,52,49-72,Month-to-Month,Fiber Optic,Credit Card,102.7,5138.1,7443.780000000001,3,63,4044,0,No,,,Normal
9385-EHGDO,Female,37,No,Yes,Yes,Lakeside,California,35,25-48,Two Year,,Credit Card,19.85,739.35,1053.46,3,46,4177,0,No,,,Normal
9498-FIMXL,Female,31,No,No,No,Oceanside,California,8,0-12,One Year,,Credit Card,19.2,161.95,410.11,4,40,5272,0,No,,,Normal
2379-GYFLQ,Male,31,No,No,No,Oceanside,California,46,25-48,One Year,Fiber Optic,Credit Card,94.9,4422.95,5416.849999999999,4,50,5316,0,No,,,Normal
2088-IEBAU,Female,63,No,No,No,Poway,California,68,49-72,Two Year,DSL,Bank Withdrawal,88.15,6148.45,7595.92,3,46,5531,0,No,,,Normal
7982-VCELR,Female,20,No,No,No,Ramona,California,36,25-48,Month-to-Month,Fiber Optic,Credit Card,94.8,3565.65,4242.43,4,22,2807,0,No,,,Normal
6885-PKOAM,Female,59,No,Yes,No,San Marcos,California,71,49-72,Two Year,Cable,Credit Card,85.75,6223.8,8397.48,3,57,4487,0,No,,,Normal
7520-HQWJU,Female,22,No,Yes,Yes,Santa Ysabel,California,66,49-72,Month-to-Month,DSL,Bank Withdrawal,67.45,4508.65,5998.179999999999,3,26,4172,0,No,,,Normal
9639-BUJXT,Male,50,No,No,No,Santee,California,63,49-72,One Year,,Credit Card,20.5,1328.15,3539.5800000000004,5,28,5997,0,No,,,Normal
5924-SNGKP,Female,39,No,No,No,Solana Beach,California,41,25-48,One Year,,Credit Card,20.25,865.0,1089.23,4,25,3972,0,No,,,Normal
8966-SNIZF,Female,26,No,Yes,No,Vista,California,70,49-72,Two Year,,Bank Withdrawal,19.45,1303.5,2935.41,4,57,5540,0,No,,,Normal
6243-OZGFH,Female,47,No,No,No,Vista,California,23,13-24,Month-to-Month,DSL,Bank Withdrawal,44.95,996.85,1011.01,3,65,3248,0,No,,,Normal
0513-RBGPE,Male,57,No,Yes,No,Rancho Santa Fe,California,37,25-48,Two Year,DSL,Credit Card,62.8,2278.75,2428.28,3,66,5229,0,No,,,Normal
5160-UXJED,Male,27,No,No,No,San Diego,California,17,13-24,One Year,Cable,Credit Card,44.6,681.4,902.74,4,67,2130,0,No,,,Normal
8984-EYLLL,Male,29,No,Yes,No,San Diego,California,64,49-72,Two Year,Fiber Optic,Bank Withdrawal,105.25,6823.4,9371.25,4,72,5682,0,No,,,High Risk
9833-TGFHX,Male,62,No,Yes,No,San Diego,California,42,25-48,One Year,Fiber Optic,Bank Withdrawal,97.1,4016.75,4675.85,3,71,2170,0,No,,,Normal
9294-TDIPC,Male,59,No,No,Yes,San Diego,California,5,0-12,Month-to-Month,,Credit Card,20.2,83.75,144.85,5,58,5169,0,No,,,Normal
5229-DTFYB,Female,64,No,No,No,San Diego,California,41,25-48,Two Year,Fiber Optic,Bank Withdrawal,98.8,3959.15,4352.72,4,69,5584,0,No,,,Normal
0104-PPXDV,Male,61,No,Yes,No,San Diego,California,58,49-72,One Year,DSL,Credit Card,50.3,2878.55,3933.78,5,30,5232,0,No,,,Normal
5176-LMJXE,Female,34,No,No,No,San Diego,California,47,25-48,Two Year,,Credit Card,20.55,945.7,3046.13,4,53,5404,0,No,,,Normal
3583-KRKMD,Male,51,No,No,No,San Diego,California,18,13-24,Month-to-Month,Fiber Optic,Bank Withdrawal,75.9,1373.05,1840.6,4,62,4668,0,No,,,Normal
9069-LGEUL,Male,25,No,Yes,No,San Diego,California,23,13-24,Month-to-Month,DSL,Bank Withdrawal,59.95,1406.0,1603.86,4,42,5379,0,No,,,Normal
9571-EDEBV,Male,60,No,Yes,No,San Diego,California,71,49-72,One Year,Fiber Optic,Credit Card,98.65,6962.85,9427.97,5,28,5101,0,No,,,Normal
3520-FJGCV,Male,47,No,Yes,Yes,San Diego,California,72,49-72,Two Year,Fiber Optic,Credit Card,112.6,8126.65,9372.25,3,70,6486,0,No,,,Normal
6563-VRERX,Male,63,No,Yes,No,San Diego,California,33,25-48,One Year,,Credit Card,20.6,690.25,1819.51,5,52,5212,0,No,,,Normal
6122-EFVKN,Male,44,No,No,No,San Diego,California,24,13-24,Two Year,Cable,Credit Card,35.75,830.8,830.8,3,64,5531,0,No,,,Normal
2805-EDJPQ,Female,45,No,Yes,No,San Diego,California,56,49-72,One Year,Fiber Optic,Credit Card,99.75,5608.4,6758.08,4,68,5926,0,No,,,Normal
6862-CQUMB,Male,28,No,No,No,San Diego,California,37,25-48,Month-to-Month,Fiber Optic,Credit Card,96.1,3646.8,4454.88,4,75,2640,0,No,,,Normal
7156-MXBJE,Female,29,No,No,No,San Diego,California,43,25-48,One Year,DSL,Credit Card,85.1,3662.25,3799.32,3,5,2319,0,No,,,Normal
2863-IMQDR,Female,52,No,No,No,San Diego,California,61,49-72,Two Year,DSL,Bank Withdrawal,89.65,5308.7,6739.15,3,48,6149,0,No,,,Normal
5686-CMAWK,Male,41,No,No,No,San Diego,California,17,13-24,One Year,Fiber Optic,Bank Withdrawal,86.75,1410.25,2255.32,5,29,5863,0,No,,,Normal
5651-CRHKQ,Female,53,No,Yes,No,San Diego,California,41,25-48,One Year,Fiber Optic,Bank Withdrawal,86.2,3339.05,3881.480000000001,3,62,5325,0,No,,,Normal
6583-SZVGP,Male,59,No,No,No,Indio,California,48,25-48,Two Year,Fiber Optic,Bank Withdrawal,108.1,5067.45,5543.13,4,76,5994,0,No,,,High Risk
1708-PBBOA,Female,51,No,No,No,Banning,California,42,25-48,One Year,DSL,Bank Withdrawal,54.75,2348.45,2428.45,3,62,3179,0,No,,,Normal
8782-LKFPK,Male,50,No,No,No,Beaumont,California,44,25-48,Month-to-Month,Fiber Optic,Credit Card,90.4,4063.0,6039.48,4,63,4751,0,No,,,Normal
3597-MVHJT,Female,49,No,No,No,Brawley,California,27,25-48,Month-to-Month,Fiber Optic,Bank Withdrawal,95.6,2595.25,3544.84,4,21,2026,0,No,,,Normal
9967-ATRFS,Female,47,No,No,No,Calipatria,California,19,13-24,Month-to-Month,,Credit Card,19.9,367.55,976.12,5,21,3245,0,No,,,Normal
2977-CEBSX,Female,61,No,No,No,Coachella,California,66,49-72,Two Year,DSL,Credit Card,90.05,5965.95,6842.429999999999,4,74,5813,0,No,,,High Risk
5876-QMYLD,Female,44,No,Yes,No,Earp,California,23,13-24,One Year,,Credit Card,20.05,415.1,824.96,4,9,3742,0,No,,,Normal
2277-AXSDC,Female,46,No,No,No,El Centro,California,32,25-48,One Year,,Bank Withdrawal,19.75,624.15,2025.75,4,46,4691,0,No,,,Normal
9442-JTWDL,Female,52,No,No,No,Heber,California,11,0-12,One Year,,Credit Card,20.05,237.7,533.05,4,48,5355,0,No,,,Normal
3067-SVMTC,Female,49,No,Yes,No,Imperial,California,68,49-72,One Year,Cable,Bank Withdrawal,55.9,3848.8,6914.52,3,77,5160,0,No,,,High Risk
5495-GPSRW,Male,62,No,No,No,Joshua Tree,California,20,13-24,Two Year,,Credit Card,19.7,419.4,961.6,5,56,2120,0,No,,,Normal
7606-BPHHN,Male,39,No,No,No,La Quinta,California,72,49-72,Two Year,,Credit Card,19.8,1468.75,3660.43,3,9,5368,0,No,,,Normal
4742-DRORA,Male,59,No,Yes,No,Mecca,California,60,49-72,One Year,Fiber Optic,Bank Withdrawal,95.4,5812.0,6137.8,4,46,4149,0,No,,,Normal
4163-NCJAK,Female,55,No,Yes,No,Palm Desert,California,46,25-48,One Year,,Bank Withdrawal,24.45,1066.15,2697.3100000000004,4,76,2438,0,No,,,Normal
5233-AOZUF,Female,62,No,Yes,No,Palm Springs,California,29,25-48,Month-to-Month,Fiber Optic,Bank Withdrawal,74.95,2149.05,2305.36,5,80,3483,0,No,,,Normal
5973-EJGDP,Male,21,No,No,No,Palm Springs,California,51,49-72,Month-to-Month,Fiber Optic,Bank Withdrawal,87.35,4473.0,4550.01,5,28,4899,0,No,,,Normal
7916-VCCPB,Female,58,No,Yes,Yes,Parker Dam,California,16,13-24,Month-to-Month,Fiber Optic,Bank Withdrawal,73.25,1195.75,1836.23,3,22,3624,0,No,,,Normal
4686-GEFRM,Male,23,No,Yes,No,Pioneertown,California,70,49-72,Two Year,Fiber Optic,Bank Withdrawal,98.7,6858.9,10025.7,3,57,5582,0,No,,,Normal
5249-QYHEX,Female,27,No,Yes,Yes,Rancho Mirage,California,40,25-48,Two Year,,Credit Card,24.8,1024.7,2362.3,5,72,3021,0,No,,,Normal
2233-FAGXV,Female,41,No,Yes,Yes,Salton City,California,5,0-12,Month-to-Month,,Credit Card,24.3,132.25,165.75,5,20,3181,0,No,,,Normal
5605-IYGFG,Female,61,No,No,No,Thousand Palms,California,7,0-12,Month-to-Month,Fiber Optic,Bank Withdrawal,69.85,515.45,707.6700000000001,3,51,5501,0,No,,,Normal
7663-ZTEGJ,Male,46,No,No,No,Escondido,California,29,25-48,One Year,Fiber Optic,Credit Card,100.55,2830.45,4378.13,5,77,3055,0,No,,,Normal
3935-TBRZZ,Male,54,No,Yes,No,Twentynine Palms,California,44,25-48,One Year,,Credit Card,25.7,1110.5,1785.02,3,80,3037,0,No,,,Normal
8111-BKVDS,Female,31,No,No,No,Escondido,California,10,0-12,Month-to-Month,DSL,Bank Withdrawal,40.7,449.3,449.3,5,26,2164,0,No,,,Normal
8734-DKSTZ,Female,20,No,Yes,Yes,Winterhaven,California,10,0-12,Month-to-Month,Fiber Optic,Bank Withdrawal,85.95,858.6,923.6,3,20,4922,0,No,,,Normal
4360-PNRQB,Male,27,No,No,No,Yucca Valley,California,18,13-24,Month-to-Month,Fiber Optic,Bank Withdrawal,75.6,1395.05,1668.29,5,78,4030,0,No,,,Normal
6152-ONASV,Female,49,No,Yes,No,Landers,California,68,49-72,One Year,DSL,Bank Withdrawal,58.25,3975.7,6934.98,3,74,4620,0,No,,,Normal
7781-HVGMK,Female,56,No,Yes,No,Amboy,California,72,49-72,Two Year,DSL,Credit Card,65.2,4784.45,4784.45,3,27,5092,0,No,,,Normal
6048-NJXHX,Male,21,No,Yes,No,Apple Valley,California,41,25-48,Two Year,,Bank Withdrawal,19.75,899.45,2353.3100000000004,4,53,2011,0,No,,,Normal
2320-SLKMB,Female,46,No,No,No,Baker,California,26,25-48,Month-to-Month,Cable,Credit Card,44.45,1183.8,1183.8,4,26,3080,0,No,,,Normal
4980-URKXC,Male,26,No,Yes,No,Fort Irwin,California,36,25-48,One Year,,Bank Withdrawal,20.85,720.05,1174.01,4,78,5744,0,No,,,High Risk
4376-KFVRS,Male,52,No,Yes,No,Barstow,California,72,49-72,Two Year,Fiber Optic,Credit Card,114.05,8468.2,10682.2,3,39,4842,0,No,,,Normal
5886-VLQVU,Male,30,No,Yes,No,Grand Terrace,California,35,25-48,Month-to-Month,Fiber Optic,Bank Withdrawal,89.85,3161.2,4050.25,3,78,4945,0,No,,,Normal
0771-WLCLA,Female,49,No,Yes,Yes,Big Bear Lake,California,16,13-24,Month-to-Month,Fiber Optic,Bank Withdrawal,112.95,1882.55,2625.75,3,70,2683,0,No,,,Normal
0206-TBWLC,Female,63,No,Yes,No,Calimesa,California,54,49-72,One Year,Fiber Optic,Credit Card,114.65,6049.5,6665.1,4,67,4488,0,No,,,Normal
2937-FTHUR,Female,45,No,No,Yes,Cedar Glen,California,18,13-24,Month-to-Month,DSL,Bank Withdrawal,64.8,1166.7,1930.8,4,37,2466,0,No,,,Normal
1910-FMXJM,Female,59,No,Yes,No,Colton,California,36,25-48,Month-to-Month,Fiber Optic,Bank Withdrawal,80.4,2937.65,4713.53,3,35,5544,0,No,,,Normal
0732-OCQOC,Female,30,No,Yes,No,Death Valley,California,52,49-72,Two Year,,Bank Withdrawal,25.05,1270.25,1546.89,4,42,5674,0,No,,,Normal
5168-MSWXT,Male,26,No,Yes,Yes,Essex,California,8,0-12,Month-to-Month,Fiber Optic,Bank Withdrawal,94.75,759.55,936.67,5,44,5505,0,No,,,Normal
1090-ESELR,Male,47,No,Yes,No,Fawnskin,California,72,49-72,Two Year,Fiber Optic,Bank Withdrawal,105.5,7611.55,9573.55,3,25,5534,0,No,,,Normal
8592-PLTMQ,Female,53,No,No,No,Fontana,California,64,49-72,One Year,,Mailed Check,24.7,1642.75,1900.67,5,32,5655,0,No,,,Normal
8847-GEOOQ,Male,34,No,Yes,No,Fontana,California,60,49-72,Month-to-Month,DSL,Bank Withdrawal,60.2,3582.4,3582.4,5,76,5359,0,No,,,High Risk
4785-FCIFB,Female,20,No,Yes,No,Forest Falls,California,61,49-72,Two Year,,Mailed Check,24.4,1417.9,2643.3900000000003,5,23,4900,0,No,,,Normal
8313-NDOIA,Female,48,No,No,No,Green Valley Lake,California,24,13-24,Month-to-Month,Fiber Optic,Bank Withdrawal,104.15,2494.65,3465.61,5,61,5813,0,No,,,Normal
5149-CUZUJ,Male,35,No,Yes,No,Helendale,California,28,25-48,One Year,Fiber Optic,Bank Withdrawal,92.9,2768.35,3533.87,3,51,2037,0,No,,,Normal
0942-KOWSM,Female,24,No,Yes,No,Hesperia,California,30,25-48,Two Year,DSL,Bank Withdrawal,80.8,2369.3,2847.5,5,46,4274,0,No,,,Normal
4719-UMSIY,Male,52,No,No,Yes,Lake Arrowhead,California,6,0-12,Month-to-Month,,Mailed Check,19.65,100.9,193.9,5,34,2231,0,No,,,Normal
6614-VBEGU,Female,23,No,Yes,No,Loma Linda,California,24,13-24,Month-to-Month,DSL,Bank Withdrawal,69.45,1614.05,2671.49,5,35,4208,0,No,,,Normal
2996-XAUVF,Male,25,No,No,No,Needles,California,70,49-72,Two Year,DSL,Mailed Check,40.05,2799.75,2799.75,5,57,5055,0,No,,,Normal
5968-XQIVE,Male,32,No,Yes,No,Temecula,California,72,49-72,One Year,Fiber Optic,Bank Withdrawal,89.7,6588.95,7421.99,3,76,6016,0,No,,,High Risk
8896-RAZCR,Female,42,No,No,No,Oro Grande,California,44,25-48,Two Year,,Mailed Check,19.9,868.1,1459.9,5,63,2809,0,No,,,Normal
1304-BCCFO,Male,24,No,Yes,No,Redlands,California,9,0-12,Month-to-Month,Cable,Mailed Check,70.05,564.4,698.5899999999999,3,69,4900,0,No,,,Normal
4104-PVRPS,Male,56,No,Yes,No,Rialto,California,24,13-24,Month-to-Month,Cable,Mailed Check,53.6,1315.35,1459.83,3,47,2977,0,No,,,Normal
4431-EDMIQ,Female,47,No,Yes,Yes,Sugarloaf,California,7,0-12,Month-to-Month,DSL,Bank Withdrawal,75.7,554.05,667.5899999999999,3,37,2950,0,No,,,Normal
0486-LGCCH,Male,48,No,Yes,Yes,Victorville,California,11,0-12,Two Year,,Credit Card,19.65,225.75,674.1099999999999,3,33,3372,0,No,,,Normal
5168-MQQCA,Female,50,No,Yes,No,Yucaipa,California,72,49-72,One Year,Fiber Optic,Bank Withdrawal,108.5,8003.8,10771.48,4,56,6288,0,No,,,Normal
7971-HLVXI,Male,62,No,Yes,Yes,San Bernardino,California,72,49-72,Two Year,Fiber Optic,Credit Card,84.5,6130.85,9298.85,5,50,6202,0,No,,,Normal
9094-AZPHK,Female,64,No,No,No,San Bernardino,California,15,13-24,Month-to-Month,Fiber Optic,Bank Withdrawal,100.15,1415.0,1896.05,3,65,2565,0,No,,,Normal
3649-JPUGY,Male,26,No,No,No,San Bernardino,California,72,49-72,Two Year,DSL,Bank Withdrawal,88.6,6201.95,9403.07,3,52,5842,0,No,,,Normal
4472-LVYGI,Female,43,No,Yes,No,San Bernardino,California,10,0-12,Two Year,Cable,Bank Withdrawal,52.55,525.5,525.5,3,36,2578,0,No,,,Normal
3552-CTCYF,Male,42,No,Yes,Yes,San Bernardino,California,63,49-72,Two Year,Fiber Optic,Bank Withdrawal,104.8,6597.25,9163.24,5,20,4046,0,No,,,Normal
4134-BSXLX,Male,32,No,Yes,No,Riverside,California,28,25-48,Month-to-Month,Cable,Mailed Check,60.9,1785.65,2593.73,3,76,3851,0,No,,,Normal
0505-SPOOW,Female,41,No,Yes,No,Riverside,California,70,49-72,Two Year,,Bank Withdrawal,19.8,1397.65,2217.3500000000004,4,30,4500,0,No,,,Normal
4374-YMUSQ,Male,64,No,No,No,Lake Elsinore,California,34,25-48,One Year,Fiber Optic,Credit Card,116.25,3899.05,4660.99,3,22,4022,0,No,,,Normal
3957-HHLMR,Female,50,No,Yes,No,Aguanga,California,70,49-72,One Year,DSL,Bank Withdrawal,65.2,4543.15,6623.549999999999,3,20,6316,0,No,,,Normal
7803-XOCCZ,Female,54,No,Yes,Yes,Anza,California,52,49-72,Month-to-Month,Fiber Optic,Bank Withdrawal,84.05,4326.8,5988.72,3,48,6099,0,No,,,Normal
5736-YEJAX,Male,23,No,No,No,Hemet,California,69,49-72,Two Year,DSL,Credit Card,79.45,5502.55,7407.6,4,28,5189,0,No,,,Normal
8981-FJGLA,Male,63,No,No,Yes,Hemet,California,11,0-12,Month-to-Month,Fiber Optic,Mailed Check,78.0,851.8,1370.12,5,23,4886,0,No,,,Normal
8535-SFUTN,Male,21,No,No,No,Moreno Valley,California,61,49-72,Month-to-Month,Fiber Optic,Bank Withdrawal,106.45,6300.15,8499.199999999999,3,65,4842,0,No,,,Normal
8677-HDZEE,Female,42,No,No,No,Mountain Center,California,56,49-72,Month-to-Month,Fiber Optic,Bank Withdrawal,105.45,5916.95,6056.95,3,55,4212,0,No,,,Normal
2475-MROZF,Male,36,No,No,No,Murrieta,California,30,25-48,Month-to-Month,Fiber Optic,Credit Card,95.0,2852.4,2938.5,3,64,3597,0,No,,,Normal
3482-ABPKK,Female,19,No,No,No,Nuevo,California,28,25-48,One Year,DSL,Credit Card,54.3,1546.3,2492.06,3,30,5271,0,No,,,Normal
7531-GQHME,Male,34,No,No,No,San Jacinto,California,12,0-12,Month-to-Month,,Credit Card,20.05,265.45,732.97,4,56,4996,0,No,,,Normal
5174-ITUMV,Male,37,No,Yes,Yes,San Jacinto,California,67,49-72,One Year,Fiber Optic,Bank Withdrawal,105.4,6989.45,9601.11,5,45,5666,0,No,,,Normal
0913-XWSCN,Male,29,No,Yes,Yes,Sun City,California,55,49-72,Month-to-Month,Fiber Optic,Bank Withdrawal,85.5,4713.4,7017.349999999999,4,20,6411,0,No,,,Normal
0750-EBAIU,Male,43,No,No,No,Temecula,California,52,49-72,One Year,Fiber Optic,Bank Withdrawal,91.25,4738.3,6366.42,3,29,4770,0,No,,,Normal
3571-DPYUH,Male,30,No,Yes,Yes,Temecula,California,58,49-72,One Year,Fiber Optic,Credit Card,94.7,5430.35,7967.85,4,49,5653,0,No,,,Normal
7601-GNDYK,Male,52,No,Yes,Yes,Wildomar,California,35,25-48,Two Year,,Credit Card,19.6,686.95,1416.7,4,20,3764,0,No,,,Normal
8067-NIOYM,Female,51,No,Yes,Yes,Irvine,California,24,13-24,Two Year,,Credit Card,21.1,490.65,985.05,5,46,4368,0,No,,,Normal
1403-GYAFU,Male,47,No,Yes,Yes,Irvine,California,70,49-72,Two Year,,Credit Card,20.05,1360.25,4760.15,3,64,4485,0,No,,,Normal
5348-CAGXB,Male,60,No,No,No,Irvine,California,12,0-12,Month-to-Month,Fiber Optic,Bank Withdrawal,89.55,1021.75,1422.07,4,79,2325,0,No,,,Normal
0621-HJWXJ,Female,54,No,Yes,No,Irvine,California,63,49-72,Month-to-Month,Fiber Optic,Bank Withdrawal,81.55,5029.05,6361.5,4,41,4980,0,No,,,Normal
5844-QVTAT,Female,24,No,Yes,No,Irvine,California,33,25-48,One Year,Cable,Credit Card,58.45,1955.4,2245.4700000000003,4,21,4276,0,No,,,Normal
8905-IAZPF,Female,32,No,Yes,No,Capistrano Beach,California,69,49-72,One Year,Fiber Optic,Credit Card,95.65,6744.2,9978.23,3,45,5251,0,No,,,Normal
5394-MEITZ,Female,26,No,Yes,No,Corona Del Mar,California,60,49-72,Two Year,Cable,Bank Withdrawal,80.6,4946.7,5786.7,5,52,5667,0,No,,,Normal
6859-QNXIQ,Female,43,No,Yes,Yes,Costa Mesa,California,72,49-72,Two Year,Fiber Optic,Bank Withdrawal,113.1,8248.5,10143.54,3,23,5308,0,No,,,Normal
2782-LFZVW,Female,52,No,No,No,Costa Mesa,California,11,0-12,Month-to-Month,Cable,Credit Card,58.95,601.6,941.87,4,21,3880,0,No,,,Normal
7129-AZJDE,Male,59,No,Yes,Yes,Huntington Beach,California,34,25-48,One Year,Fiber Optic,Bank Withdrawal,78.95,2647.2,2767.56,3,43,2074,0,No,,,Normal
2560-PPCHE,Female,22,No,No,No,Huntington Beach,California,65,49-72,One Year,Fiber Optic,Bank Withdrawal,105.05,6744.25,8488.2,5,73,5742,0,No,,,High Risk
8138-EALND,Male,35,No,No,No,Laguna Hills,California,15,13-24,Month-to-Month,,Credit Card,19.75,311.6,363.9500000000001,5,29,4123,0,No,,,Normal
3580-HYCSP,Male,44,No,Yes,Yes,Midway City,California,72,49-72,Two Year,Fiber Optic,Bank Withdrawal,110.3,7966.9,10343.62,3,73,5780,0,No,,,High Risk
1352-HNSAW,Female,26,No,Yes,Yes,Aliso Viejo,California,72,49-72,Two Year,Fiber Optic,Bank Withdrawal,115.6,8220.4,10858.08,3,65,5633,0,No,,,Normal
2075-PUEPR,Male,46,No,Yes,Yes,Newport Coast,California,55,49-72,Two Year,,Bank Withdrawal,19.35,1153.25,2511.75,3,49,5248,0,No,,,Normal
1982-FEBTD,Female,27,No,Yes,Yes,Newport Beach,California,23,13-24,Two Year,,Credit Card,25.6,514.75,1102.17,5,78,5939,0,No,,,High Risk
5791-KAJFD,Female,58,No,Yes,No,Newport Beach,California,56,49-72,One Year,DSL,Bank Withdrawal,68.75,3808.0,6208.16,3,64,6198,0,No,,,Normal
1154-HYWWO,Male,55,No,No,No,San Clemente,California,38,25-48,One Year,DSL,Credit Card,70.6,2708.2,4313.32,3,67,4993,0,No,,,Normal
2501-XWWTZ,Male,51,No,No,No,San Clemente,California,11,0-12,Month-to-Month,Fiber Optic,Bank Withdrawal,70.2,760.05,771.16,5,34,2535,0,No,,,Normal
6815-ABQFQ,Male,53,No,Yes,No,Silverado,California,56,49-72,One Year,Fiber Optic,Bank Withdrawal,107.25,6033.3,6841.38,3,70,5800,0,No,,,Normal
3701-SFMUH,Male,63,No,Yes,Yes,Trabuco Canyon,California,7,0-12,Month-to-Month,Cable,Credit Card,69.7,516.15,552.3399999999999,3,50,4326,0,No,,,Normal
6103-LIANB,Male,49,No,Yes,Yes,Westminster,California,59,49-72,Two Year,Fiber Optic,Credit Card,99.5,5861.75,8286.060000000001,4,35,4583,0,No,,,Normal
7319-VENRZ,Male,19,No,No,No,Rancho Santa Margarita,California,7,0-12,Month-to-Month,Cable,Bank Withdrawal,64.3,445.95,668.8299999999999,4,40,4010,0,No,,,Normal
5846-NEQVZ,Male,19,No,Yes,No,Mission Viejo,California,71,49-72,Two Year,Cable,Credit Card,70.85,4973.4,5145.929999999999,4,25,5328,0,No,,,Normal
6967-QIQRV,Male,23,No,Yes,Yes,Mission Viejo,California,15,13-24,One Year,Fiber Optic,Bank Withdrawal,101.9,1667.25,1819.05,3,28,3707,0,No,,,Normal
5781-RFZRP,Male,34,No,Yes,No,Ladera Ranch,California,71,49-72,Two Year,DSL,Credit Card,73.5,5357.75,7799.44,3,31,5431,0,No,,,Normal
0308-IVGOK,Female,23,No,No,No,Santa Ana,California,11,0-12,One Year,DSL,Credit Card,40.4,422.6,422.6,5,62,2133,0,No,,,Normal
7293-LSCDV,Female,32,No,Yes,Yes,Santa Ana,California,60,49-72,Two Year,,Credit Card,19.25,1103.25,2524.05,4,52,6134,0,No,,,Normal
5756-JYOJT,Female,55,No,No,No,Santa Ana,California,11,0-12,One Year,Cable,Credit Card,64.9,697.25,752.25,3,49,3206,0,No,,,Normal
9548-LIGTA,Male,26,No,Yes,No,Tustin,California,61,49-72,Two Year,Cable,Credit Card,81.05,4747.65,5988.389999999999,3,20,4072,0,No,,,Normal
5150-LJNSR,Male,27,No,Yes,Yes,Tustin,California,31,25-48,One Year,Fiber Optic,Bank Withdrawal,98.05,3082.1,4213.29,4,80,4524,0,No,,,Normal
8270-RKSAP,Male,30,No,No,No,Anaheim,California,9,0-12,Month-to-Month,Fiber Optic,Bank Withdrawal,70.5,597.9,964.29,3,37,3198,0,No,,,Normal
4568-KNYWR,Male,56,No,No,No,Fullerton,California,52,49-72,Two Year,Cable,Credit Card,63.25,3342.45,5876.93,4,43,6471,0,No,,,Normal
8752-IMQOS,Male,28,No,Yes,No,Fullerton,California,5,0-12,One Year,,Credit Card,20.1,85.1,111.1,3,42,2894,0,No,,,Normal
0742-LAFQK,Male,52,No,Yes,No,Fullerton,California,72,49-72,Two Year,Fiber Optic,Bank Withdrawal,99.15,7422.1,9500.02,3,46,5152,0,No,,,Normal
0795-LAFGP,Male,25,No,Yes,No,Fullerton,California,71,49-72,Two Year,DSL,Bank Withdrawal,90.4,6668.05,6921.52,3,40,5633,0,No,,,Normal
0619-OLYUR,Male,32,No,Yes,No,Garden Grove,California,72,49-72,Two Year,Fiber Optic,Credit Card,111.9,8071.05,11514.81,3,80,6437,0,No,,,High Risk
5512-IDZEI,Male,56,No,Yes,No,Garden Grove,California,46,25-48,One Year,,Bank Withdrawal,24.9,1174.8,2023.5,5,41,2026,0,No,,,Normal
0459-SPZHJ,Male,19,No,Yes,No,Garden Grove,California,63,49-72,Two Year,DSL,Credit Card,83.5,5435.0,6282.35,4,75,4652,0,No,,,Normal
0215-BQKGS,Male,52,No,No,No,Garden Grove,California,30,25-48,Month-to-Month,Fiber Optic,Credit Card,84.3,2438.6,3310.5,4,66,5393,0,No,,,Normal
8208-EUMTE,Male,45,No,No,No,Villa Park,California,16,13-24,Two Year,DSL,Credit Card,54.85,916.15,916.15,4,40,2136,0,No,,,Normal
5172-MIGPM,Male,22,No,No,No,Orange,California,4,0-12,Month-to-Month,Cable,Credit Card,65.55,237.2,290.44,4,46,5707,0,No,,,Normal
1710-RCXUS,Male,53,No,Yes,No,Orange,California,51,49-72,One Year,Fiber Optic,Credit Card,90.35,4614.55,5084.26,3,26,4965,0,No,,,Normal
0374-FIUCA,Male,59,No,Yes,No,Orange,California,65,49-72,Two Year,,Credit Card,20.4,1414.45,2939.3500000000004,3,80,5368,0,No,,,High Risk
5839-SUYVZ,Male,21,No,No,No,Orange,California,16,13-24,Month-to-Month,Fiber Optic,Credit Card,74.55,1170.5,1783.62,3,70,2893,0,No,,,Normal
1096-ADRUX,Female,34,No,Yes,Yes,Placentia,California,66,49-72,One Year,Fiber Optic,Bank Withdrawal,74.25,4859.25,7356.69,3,45,4395,0,No,,,Normal
2001-MCUUW,Male,51,No,No,No,Corona,California,46,25-48,Two Year,Fiber Optic,Bank Withdrawal,108.65,4903.2,6628.2,4,25,4210,0,No,,,Normal
2731-GJRDG,Female,55,No,No,No,Corona,California,32,25-48,One Year,Fiber Optic,Bank Withdrawal,109.55,3608.0,3755.52,3,72,5076,0,No,,,High Risk
4723-BEGSG,Male,35,No,Yes,No,Corona,California,72,49-72,Two Year,Cable,Credit Card,86.65,6094.25,6963.6900000000005,3,61,5483,0,No,,,Normal
6516-NKQBO,Male,28,No,Yes,No,Corona,California,38,25-48,Two Year,Cable,Credit Card,81.0,3084.9,3922.8,4,75,3067,0,No,,,Normal
8672-OAUPW,Male,48,No,No,No,Corona,California,51,49-72,One Year,DSL,Credit Card,47.85,2356.75,4204.450000000001,4,56,4138,0,No,,,Normal
8207-DMRVL,Male,47,No,Yes,Yes,Yorba Linda,California,72,49-72,Two Year,Fiber Optic,Bank Withdrawal,114.55,8306.05,9900.53,3,51,6158,0,No,,,Normal
2804-ETQDK,Male,57,No,No,Yes,Ventura,California,66,49-72,Two Year,,Credit Card,20.55,1357.1,2701.54,4,74,4101,0,No,,,Normal
7138-GIRSH,Male,63,No,No,No,Camarillo,California,50,49-72,Two Year,DSL,Bank Withdrawal,69.5,3418.2,4764.469999999999,5,76,4145,0,No,,,Normal
9396-ZSFLL,Female,64,No,No,No,Carpinteria,California,15,13-24,Month-to-Month,DSL,Credit Card,48.85,631.4,803.01,4,78,3762,0,No,,,Normal
6464-KEXXH,Male,55,No,No,No,Fillmore,California,8,0-12,Month-to-Month,Cable,Credit Card,25.25,186.3,186.3,3,33,2372,0,No,,,Normal
5240-CAOYT,Female,30,No,No,No,Oak View,California,57,49-72,Month-to-Month,Fiber Optic,Bank Withdrawal,87.55,4884.85,6494.41,3,43,4882,0,No,,,Normal
4059-IIEBK,Female,51,No,No,No,Ojai,California,7,0-12,Month-to-Month,Fiber Optic,Bank Withdrawal,78.55,522.95,761.08,3,61,4025,0,No,,,Normal
0516-UXRMT,Female,27,No,No,No,Oxnard,California,62,49-72,One Year,Fiber Optic,Bank Withdrawal,92.05,5755.8,7222.15,3,71,5801,0,No,,,High Risk
4851-BQDNX,Male,56,No,Yes,Yes,Oxnard,California,40,25-48,One Year,Fiber Optic,Bank Withdrawal,85.05,3355.65,3893.9,4,50,5904,0,No,,,Normal
5148-HKFIR,Female,49,No,No,No,Piru,California,20,13-24,Two Year,,Credit Card,19.7,406.95,724.3499999999999,5,76,4404,0,No,,,Normal
3003-CMDUU,Female,22,No,Yes,No,Santa Paula,California,25,25-48,Month-to-Month,Fiber Optic,Bank Withdrawal,95.15,2395.7,3220.95,3,52,3273,0,No,,,Normal
5016-IBERQ,Male,28,No,Yes,No,Simi Valley,California,23,13-24,Month-to-Month,Fiber Optic,Bank Withdrawal,84.25,1968.1,2374.95,4,33,2781,0,No,,,Normal
9931-KGHOA,Female,48,No,Yes,No,Santa Barbara,California,46,25-48,Month-to-Month,DSL,Bank Withdrawal,55.0,2473.95,3042.86,3,40,5928,0,No,,,Normal
1775-KWJKQ,Male,41,No,Yes,No,Santa Barbara,California,72,49-72,Two Year,DSL,Credit Card,89.85,6562.9,8491.47,4,50,6046,0,No,,,Normal
7665-VIGUD,Male,40,No,No,No,Santa Barbara,California,10,0-12,One Year,,Credit Card,20.35,176.3,350.3,5,38,4745,0,No,,,Normal
9411-TPQQV,Female,31,No,No,No,Santa Barbara,California,40,25-48,One Year,DSL,Bank Withdrawal,54.55,2236.2,2264.72,3,74,3533,0,No,,,Normal
7954-MLBUN,Male,41,No,No,No,Santa Barbara,California,31,25-48,Two Year,Fiber Optic,Bank Withdrawal,99.45,3109.9,3378.07,5,64,2021,0,No,,,Normal
2077-DDHJK,Female,48,No,Yes,No,Goleta,California,68,49-72,Two Year,DSL,Credit Card,70.9,4911.35,6725.860000000001,4,50,4114,0,No,,,Normal
9574-BOSMD,Male,50,No,Yes,Yes,Arvin,California,68,49-72,Two Year,,Bank Withdrawal,25.4,1620.2,2908.98,4,72,5668,0,No,,,High Risk
8404-VLQFB,Female,21,No,Yes,Yes,California Hot Springs,California,15,13-24,Month-to-Month,,Bank Withdrawal,25.25,394.85,838.1,3,59,4667,0,No,,,Normal
2391-IPLOP,Male,25,No,Yes,No,Corcoran,California,50,49-72,One Year,Cable,Bank Withdrawal,69.65,3442.15,4158.15,4,27,4706,0,No,,,Normal
5845-BZZIB,Male,37,No,Yes,Yes,Frazier Park,California,35,25-48,Two Year,,Credit Card,20.1,655.3,1027.94,3,65,4517,0,No,,,Normal
1140-UKVZG,Female,64,No,No,No,Farmersville,California,17,13-24,Month-to-Month,,Credit Card,24.8,475.25,605.47,5,66,5208,0,No,,,Normal
5183-SNMJQ,Male,32,No,No,No,Frazier Park,California,10,0-12,Month-to-Month,Fiber Optic,Credit Card,95.1,865.1,1278.75,3,33,5787,0,No,,,Normal
8100-PNJMH,Male,39,No,Yes,No,Glennville,California,68,49-72,Two Year,Cable,Credit Card,88.85,6132.7,8962.18,4,42,5228,0,No,,,Normal
7838-LAZFO,Male,38,No,Yes,No,Hanford,California,45,25-48,One Year,Cable,Bank Withdrawal,78.8,3597.5,4020.17,4,37,4192,0,No,,,Normal
2085-JVGAD,Male,56,No,Yes,No,Ivanhoe,California,37,25-48,Month-to-Month,,Bank Withdrawal,20.35,697.65,732.1299999999999,4,24,3078,0,No,,,Normal
8095-WANWK,Female,46,No,No,No,Kettleman City,California,10,0-12,Month-to-Month,DSL,Credit Card,45.25,428.7,419.3,5,38,5369,0,No,,,Normal
9565-FLVCG,Male,40,No,Yes,No,Lamont,California,65,49-72,Two Year,DSL,Mailed Check,69.55,4459.15,5568.49,3,74,5420,0,No,,,High Risk
8755-OGKNA,Female,33,No,Yes,Yes,Laton,California,57,49-72,Two Year,,Bank Withdrawal,19.5,1167.6,3549.69,3,45,5864,0,No,,,Normal
5533-RJFTJ,Male,22,No,No,No,Lemoore,California,49,49-72,Month-to-Month,Cable,Bank Withdrawal,30.2,1453.1,1453.1,4,42,5214,0,No,,,Normal
0214-JHPFW,Female,22,No,Yes,No,Lost Hills,California,70,49-72,Two Year,Cable,Bank Withdrawal,57.8,4039.3,4038.29,4,42,5640,0,No,,,Normal
5642-MHDQT,Female,60,No,Yes,No,Mc Farland,California,53,49-72,One Year,,Bank Withdrawal,19.85,1039.45,1626.33,3,42,4836,0,No,,,Normal
3088-FVYWK,Male,37,No,Yes,Yes,Mc Kittrick,California,53,49-72,Two Year,,Credit Card,25.55,1336.1,3064.16,3,46,5794,0,No,,,Normal
9092-GDZKO,Male,49,No,No,No,New Cuyama,California,22,13-24,Month-to-Month,,Credit Card,24.85,493.4,977.42,4,51,3534,0,No,,,Normal
2324-AALNO,Female,63,No,No,No,Porterville,California,48,25-48,One Year,,Bank Withdrawal,24.55,1203.95,2308.3900000000003,5,41,5517,0,No,,,Normal
2826-UWHIS,Male,64,No,Yes,No,Sequoia National Park,California,45,25-48,Month-to-Month,Fiber Optic,Bank Withdrawal,81.4,3775.85,3847.4,5,55,5602,0,No,,,Normal
7501-IWUNG,Female,57,No,Yes,No,Springville,California,61,49-72,Two Year,DSL,Bank Withdrawal,73.8,4616.05,4674.01,4,58,6301,0,No,,,Normal
5313-FPXWG,Male,58,No,No,No,Three Rivers,California,51,49-72,One Year,,Bank Withdrawal,24.6,1266.4,2970.85,5,75,4886,0,No,,,Normal
0946-FKYTX,Male,42,No,No,No,Tulare,California,52,49-72,One Year,Cable,Mailed Check,30.1,1623.4,1611.68,3,51,6290,0,No,,,Normal
5076-YVXCM,Male,55,No,No,No,Tupman,California,51,49-72,Month-to-Month,Fiber Optic,Bank Withdrawal,83.4,4149.45,6491.61,5,65,4191,0,No,,,Normal
6663-JOCQO,Male,55,No,Yes,No,Wasco,California,31,25-48,One Year,DSL,Bank Withdrawal,75.25,2344.5,3243.3700000000003,3,43,4258,0,No,,,Normal
9620-QJREV,Male,62,No,No,No,Weldon,California,47,25-48,One Year,,Credit Card,20.55,1013.05,2998.8,5,56,3313,0,No,,,Normal
0078-XZMHT,Male,19,No,Yes,No,Visalia,California,72,49-72,Two Year,DSL,Bank Withdrawal,85.15,6316.2,8646.119999999999,3,76,6322,0,No,,,High Risk
8338-QIUNR,Male,23,No,Yes,No,Bakersfield,California,72,49-72,Two Year,DSL,Credit Card,66.5,4811.6,5204.470000000001,3,49,4397,0,No,,,Normal
1525-LNLOJ,Male,34,No,Yes,No,Bakersfield,California,66,49-72,Two Year,DSL,Bank Withdrawal,63.3,4189.7,6263.719999999999,5,60,4186,0,No,,,Normal
9450-TRJUU,Male,52,No,No,No,Bakersfield,California,35,25-48,Month-to-Month,Fiber Optic,Bank Withdrawal,83.15,2848.45,4271.96,4,65,2332,0,No,,,Normal
1766-GKNMI,Male,56,No,No,No,Bakersfield,California,29,25-48,Month-to-Month,Fiber Optic,Bank Withdrawal,84.9,2516.2,2744.37,3,69,4388,0,No,,,Normal
1456-TWCGB,Male,34,No,No,No,Bakersfield,California,4,0-12,Month-to-Month,Cable,Mailed Check,49.25,208.45,360.49,3,37,3272,0,No,,,Normal
7596-ZYWBB,Female,19,No,No,No,Bakersfield,California,65,49-72,Two Year,DSL,Mailed Check,59.6,3739.8,6673.65,4,75,4372,0,No,,,Normal
3014-WJKSM,Male,26,No,Yes,No,San Luis Obispo,California,29,25-48,Month-to-Month,Fiber Optic,Credit Card,75.3,2263.4,2360.55,4,40,4910,0,No,,,Normal
3347-YJZZE,Male,60,No,Yes,Yes,Los Osos,California,29,25-48,Month-to-Month,DSL,Credit Card,80.1,2211.8,2406.9700000000003,4,70,4558,0,No,,,Normal
7929-DMBCV,Female,45,No,Yes,No,Arroyo Grande,California,20,13-24,Month-to-Month,Fiber Optic,Mailed Check,81.0,1683.7,1911.5,3,22,4741,0,No,,,Normal
9661-JALZV,Female,23,No,No,No,Atascadero,California,58,49-72,Two Year,,Credit Card,24.7,1519.0,4297.2,4,54,5138,0,No,,,Normal
5433-KYGHE,Female,53,No,No,Yes,Avila Beach,California,14,13-24,Month-to-Month,Fiber Optic,Mailed Check,86.0,1164.05,1832.13,3,33,5494,0,No,,,Normal
4312-KFRXN,Male,61,No,Yes,No,Bradley,California,72,49-72,Two Year,,Credit Card,25.4,1710.9,4179.780000000001,3,30,5512,0,No,,,Normal
5575-TPIZQ,Male,21,No,No,No,Buellton,California,46,25-48,Month-to-Month,Fiber Optic,Credit Card,89.15,4245.55,5982.05,3,43,5593,0,No,,,Normal
0114-IGABW,Female,40,No,Yes,No,Cambria,California,71,49-72,Two Year,Cable,Bank Withdrawal,58.25,4145.9,4145.9,5,76,5224,0,No,,,High Risk
9944-AEXBM,Male,51,No,No,No,Casmalia,California,32,25-48,Month-to-Month,Fiber Optic,Bank Withdrawal,85.65,2664.3,3849.58,3,26,2383,0,No,,,Normal
1853-ARAAQ,Female,47,No,No,No,Cayucos,California,26,25-48,Month-to-Month,DSL,Credit Card,50.35,1277.5,1277.5,5,48,2510,0,No,,,Normal
8434-VGEQQ,Male,24,No,Yes,No,Guadalupe,California,61,49-72,Two Year,,Credit Card,20.55,1305.95,4158.31,4,36,4446,0,No,,,Normal
4950-HKQTE,Female,47,No,No,No,Morro Bay,California,22,13-24,Two Year,,Credit Card,26.25,605.9,722.06,4,64,5676,0,No,,,Normal
6786-OBWQR,Female,20,No,Yes,Yes,Nipomo,California,5,0-12,Month-to-Month,Fiber Optic,Bank Withdrawal,80.85,356.1,595.65,5,69,5109,0,No,,,Normal
2753-JMMCV,Male,41,No,No,No,Paso Robles,California,65,49-72,Two Year,DSL,Credit Card,74.2,4805.65,6250.599999999999,3,39,4774,0,No,,,Normal
6621-YOBKI,Male,46,No,No,No,San Ardo,California,5,0-12,Month-to-Month,,Credit Card,20.35,92.75,251.65,4,76,2303,0,No,,,Normal
1216-JWVUX,Male,51,No,Yes,Yes,San Miguel,California,25,25-48,Month-to-Month,Fiber Optic,Bank Withdrawal,75.5,1901.05,2012.55,3,33,5985,0,No,,,Normal
7564-GHCVB,Female,27,No,Yes,No,San Simeon,California,72,49-72,Two Year,Fiber Optic,Bank Withdrawal,79.05,5730.7,6335.58,3,40,4689,0,No,,,Normal
1173-NOEYG,Female,25,No,Yes,No,Santa Margarita,California,27,25-48,Month-to-Month,Fiber Optic,Bank Withdrawal,90.15,2423.4,2929.38,4,67,5750,0,No,,,Normal
7595-EHCDL,Male,48,No,Yes,Yes,Santa Maria,California,32,25-48,Month-to-Month,DSL,Credit Card,50.6,1653.45,1653.45,3,40,3087,0,No,,,Normal
6647-ZEDXT,Female,19,No,No,No,Santa Maria,California,30,25-48,One Year,Fiber Optic,Credit Card,110.45,3327.05,3721.85,4,45,4983,0,No,,,Normal
2521-NPUZR,Male,26,No,Yes,No,Santa Maria,California,70,49-72,Two Year,Fiber Optic,Credit Card,101.0,7085.5,9959.0,3,48,5025,0,No,,,Normal
4381-MHQDC,Female,38,No,No,No,Solvang,California,47,25-48,Two Year,DSL,Credit Card,65.0,2879.9,4560.15,3,40,3286,0,No,,,Normal
4018-PPNDW,Female,23,No,Yes,No,California City,California,61,49-72,Two Year,,Credit Card,24.1,1551.6,2365.95,4,21,5970,0,No,,,Normal
1635-FJFCC,Female,46,No,No,No,Acton,California,5,0-12,Month-to-Month,DSL,Credit Card,44.05,202.15,257.1,5,74,5846,0,No,,,High Risk
6425-JWTDV,Male,43,No,Yes,No,Boron,California,48,25-48,Two Year,,Credit Card,19.25,855.1,1620.6999999999998,4,46,2282,0,No,,,Normal
8405-IGQFX,Female,41,No,No,No,Bridgeport,California,63,49-72,One Year,Fiber Optic,Credit Card,90.05,5817.0,8358.42,3,45,4039,0,No,,,Normal
8224-IVVPA,Female,35,No,No,No,Caliente,California,27,25-48,Month-to-Month,DSL,Credit Card,56.7,1652.95,2333.62,3,79,4472,0,No,,,Normal
9477-LGWQI,Male,28,No,Yes,No,Darwin,California,70,49-72,Two Year,DSL,Credit Card,80.15,5600.15,7285.75,3,70,5715,0,No,,,Normal
1410-RSCMR,Male,47,No,Yes,Yes,Edwards,California,7,0-12,Month-to-Month,Cable,Credit Card,71.35,515.75,865.6099999999999,3,30,3459,0,No,,,Normal
3115-CZMZD,Male,24,No,No,No,Independence,California,10,0-12,Two Year,,Credit Card,20.25,202.5,334.1,4,68,5504,0,No,,,Normal
5730-DBDSI,Male,50,No,No,No,June Lake,California,66,49-72,Two Year,,Bank Withdrawal,19.7,1253.8,4259.44,3,36,4601,0,No,,,Normal
5684-FJVYR,Female,41,No,Yes,No,Lake Hughes,California,72,49-72,Two Year,Fiber Optic,Bank Withdrawal,90.35,6563.4,7254.599999999999,3,49,5794,0,No,,,Normal
1266-NZYUI,Female,56,No,Yes,No,Lee Vining,California,72,49-72,Two Year,DSL,Bank Withdrawal,66.85,4758.8,5813.6,3,32,6264,0,No,,,Normal
7969-FFOWG,Male,30,No,Yes,No,Littlerock,California,65,49-72,Two Year,,Credit Card,19.9,1292.6,2467.15,4,34,6312,0,No,,,Normal
4718-DHSMV,Female,22,No,No,No,Llano,California,11,0-12,Month-to-Month,DSL,Credit Card,35.8,363.15,363.15,5,44,2534,0,No,,,Normal
5175-WLYXL,Male,56,No,No,No,Fallbrook,California,22,13-24,Month-to-Month,Fiber Optic,Credit Card,78.85,1600.25,2317.95,5,75,2444,0,No,,,Normal
7817-OMJNA,Male,23,No,No,No,Mammoth Lakes,California,14,13-24,One Year,,Bank Withdrawal,20.4,275.7,785.5799999999999,5,50,5068,0,No,,,Normal
8728-SKJLR,Male,45,No,No,No,Olancha,California,41,25-48,Month-to-Month,Fiber Optic,Bank Withdrawal,74.25,3089.1,3133.38,3,78,3277,0,No,,,Normal
3137-NYQQI,Male,32,No,Yes,No,Palmdale,California,17,13-24,One Year,DSL,Credit Card,64.8,1175.6,1946.55,4,70,3546,0,No,,,Normal
7706-DZNKK,Male,63,No,No,No,Palmdale,California,11,0-12,Month-to-Month,,Credit Card,20.45,237.3,727.1300000000001,4,29,2642,0,No,,,Normal
8823-RLPWL,Female,24,No,Yes,No,Rosamond,California,72,49-72,Two Year,Fiber Optic,Credit Card,110.65,8065.65,11032.77,4,22,4259,0,No,,,Normal
3758-CKOQL,Female,20,No,Yes,No,Valyermo,California,59,49-72,One Year,Fiber Optic,Credit Card,107.0,6152.3,8580.15,4,51,4620,0,No,,,Normal
5676-CFLYY,Male,30,No,Yes,No,Ahwahnee,California,71,49-72,Two Year,Cable,Credit Card,73.35,5154.5,6307.54,5,68,5124,0,No,,,Normal
7521-AFHAB,Female,45,No,Yes,Yes,Auberry,California,5,0-12,Month-to-Month,Cable,Credit Card,44.8,220.45,398.45,3,64,2492,0,No,,,Normal
0285-INHLN,Male,54,No,Yes,Yes,Badger,California,27,25-48,Month-to-Month,DSL,Credit Card,54.75,1510.3,2487.43,3,41,3519,0,No,,,Normal
5125-CNDSP,Male,48,No,No,No,Big Creek,California,63,49-72,One Year,DSL,Bank Withdrawal,40.6,2588.95,2588.95,3,80,6406,0,No,,,High Risk
4992-LTJNE,Male,40,No,Yes,No,Cantua Creek,California,72,49-72,Two Year,DSL,Bank Withdrawal,55.3,3983.6,5728.88,4,64,6259,0,No,,,Normal
2202-OUTMO,Female,59,No,Yes,No,Caruthers,California,34,25-48,Month-to-Month,DSL,Bank Withdrawal,60.85,2003.6,2421.8,4,73,3012,0,No,,,Normal
0810-BDHAW,Female,54,No,Yes,No,Chowchilla,California,24,13-24,One Year,DSL,Bank Withdrawal,78.4,1832.4,2721.28,3,77,2506,0,No,,,Normal
0229-LFJAF,Male,53,No,No,No,Clovis,California,72,49-72,Two Year,DSL,Bank Withdrawal,69.65,4908.25,5171.77,5,32,4262,0,No,,,Normal
7131-ZQZNK,Female,46,No,Yes,No,Clovis,California,60,49-72,Two Year,DSL,Credit Card,59.85,3590.2,3590.2,5,37,5790,0,No,,,Normal
3442-ZHHCC,Male,60,No,No,No,Coarsegold,California,68,49-72,One Year,Cable,Credit Card,76.9,5023.0,5109.36,4,53,5355,0,No,,,Normal
5726-CVNYA,Female,44,No,Yes,No,Cutler,California,8,0-12,Two Year,,Credit Card,19.85,146.6,283.32,5,65,3260,0,No,,,Normal
9871-ELEYA,Female,22,No,No,No,Del Rey,California,34,25-48,Two Year,DSL,Credit Card,67.65,2339.3,3044.8,3,40,4263,0,No,,,Normal
4257-GAESD,Female,25,No,No,No,Dinuba,California,6,0-12,Month-to-Month,Cable,Credit Card,45.0,298.7,298.7,5,72,2270,0,No,,,Normal
2040-OBMLJ,Male,24,No,No,No,Dunlap,California,31,25-48,One Year,Fiber Optic,Credit Card,81.7,2548.65,3081.23,5,68,4850,0,No,,,Normal
6286-ZHAOK,Female,47,No,Yes,Yes,Firebaugh,California,20,13-24,Month-to-Month,,Bank Withdrawal,25.55,507.4,1244.4,4,35,3235,0,No,,,Normal
8859-AXJZP,Male,39,No,Yes,No,Helm,California,39,25-48,Two Year,,Credit Card,23.8,903.8,2056.64,5,30,3970,0,No,,,Normal
3174-AKMAS,Female,61,No,Yes,No,Hume,California,46,25-48,Two Year,DSL,Credit Card,64.2,3009.5,4712.42,4,41,4699,0,No,,,Normal
9926-PJHDQ,Female,45,No,Yes,No,Kingsburg,California,72,49-72,Two Year,Cable,Bank Withdrawal,76.8,5468.45,8688.29,3,34,5120,0,No,,,Normal
7382-DFJTU,Male,63,No,No,No,Lakeshore,California,18,13-24,Month-to-Month,DSL,Credit Card,55.2,1058.1,1917.06,4,44,2110,0,No,,,Normal
2798-NYLMZ,Male,29,No,Yes,No,Los Banos,California,71,49-72,Two Year,Fiber Optic,Credit Card,108.55,7616.0,9885.87,3,58,4111,0,No,,,Normal
8098-TDCBU,Female,55,No,Yes,No,North Fork,California,42,25-48,Two Year,,Bank Withdrawal,25.25,1108.2,2520.66,4,53,3052,0,No,,,Normal
3551-GAEGL,Male,23,No,Yes,No,Oakhurst,California,34,25-48,One Year,DSL,Bank Withdrawal,30.4,938.65,938.65,4,33,4697,0,No,,,Normal
3196-NVXLZ,Female,23,No,No,No,Orange Cove,California,25,25-48,Month-to-Month,Fiber Optic,Credit Card,84.6,2088.05,2327.3,3,23,4874,0,No,,,Normal
0036-IHMOT,Female,37,No,Yes,Yes,Parlier,California,55,49-72,One Year,Fiber Optic,Bank Withdrawal,103.7,5656.75,7603.95,3,65,5892,0,No,,,Normal
4178-EGMON,Male,30,No,Yes,No,Prather,California,70,49-72,Two Year,Fiber Optic,Credit Card,88.0,5986.45,6636.049999999999,3,48,4867,0,No,,,Normal
4220-TINQT,Female,41,No,Yes,No,Raisin City,California,61,49-72,Month-to-Month,Fiber Optic,Bank Withdrawal,106.35,6751.35,8436.78,5,35,5632,0,No,,,Normal
5318-YKDPV,Male,62,No,Yes,No,Raymond,California,43,25-48,Two Year,DSL,Credit Card,79.15,3566.6,5333.04,3,63,3716,0,No,,,Normal
7975-TZMLR,Male,37,No,No,No,Reedley,California,47,25-48,One Year,Fiber Optic,Bank Withdrawal,103.1,4889.3,5671.38,4,29,5029,0,No,,,Normal
0295-QVKPB,Male,38,No,No,No,Riverdale,California,5,0-12,Month-to-Month,DSL,Credit Card,63.95,318.1,387.9,4,42,3099,0,No,,,Normal
4335-BSMJS,Female,55,No,No,No,Sanger,California,62,49-72,Two Year,,Credit Card,25.8,1563.95,2074.21,3,34,6201,0,No,,,Normal
9146-JRIOX,Female,47,No,Yes,Yes,Shaver Lake,California,14,13-24,Month-to-Month,,Credit Card,25.55,372.45,816.25,5,65,2080,0,No,,,Normal
5337-IIWKZ,Male,35,No,Yes,Yes,Sultana,California,34,25-48,Month-to-Month,DSL,Bank Withdrawal,44.85,1442.6,1442.6,4,49,5569,0,No,,,Normal
9650-VBUOG,Male,44,No,Yes,Yes,Tranquillity,California,38,25-48,Two Year,,Credit Card,25.05,963.95,2221.75,3,73,3772,0,No,,,Normal
3487-EARAT,Female,46,No,Yes,No,Wishon,California,70,49-72,One Year,DSL,Credit Card,74.1,5222.3,6559.3,3,43,6325,0,No,,,Normal
2672-TGEFF,Female,33,No,Yes,Yes,Traver,California,37,25-48,Month-to-Month,Fiber Optic,Bank Withdrawal,88.8,3340.55,3380.51,4,31,3746,0,No,,,Normal
8184-WMOFI,Male,47,No,Yes,No,Fresno,California,62,49-72,One Year,DSL,Credit Card,71.4,4487.3,5358.400000000001,3,56,5327,0,No,,,Normal
6092-QZVPP,Male,27,No,No,No,Fresno,California,36,25-48,Month-to-Month,Cable,Credit Card,79.2,2854.95,4425.31,3,53,4830,0,No,,,Normal
4625-LAMOB,Male,36,No,No,No,Fresno,California,44,25-48,Two Year,,Credit Card,20.4,905.55,967.15,5,55,2404,0,No,,,Normal
0392-BZIUW,Female,44,No,Yes,No,Fresno,California,72,49-72,Two Year,Fiber Optic,Credit Card,105.0,7589.8,8063.56,3,70,5678,0,No,,,Normal
6549-NNDYT,Female,59,No,No,No,Fresno,California,13,13-24,Month-to-Month,Cable,Bank Withdrawal,30.85,394.1,394.1,3,38,2444,0,No,,,Normal
0422-OHQHQ,Female,23,No,Yes,No,Fresno,California,15,13-24,One Year,,Credit Card,20.55,295.95,815.4000000000001,5,22,3009,0,No,,,Normal
6916-HIJSE,Female,57,No,No,No,Fresno,California,65,49-72,Two Year,Cable,Bank Withdrawal,84.85,5459.2,8172.299999999999,4,75,5434,0,No,,,High Risk
2316-ESMLS,Female,54,No,Yes,No,Fresno,California,12,0-12,One Year,DSL,Credit Card,33.15,444.75,444.75,3,74,3882,0,No,,,Normal
9778-OGKQZ,Male,55,No,Yes,No,Fresno,California,72,49-72,Two Year,DSL,Credit Card,92.0,6782.15,7175.19,3,44,5883,0,No,,,Normal
7408-OFWXJ,Female,23,No,Yes,No,Fresno,California,72,49-72,Two Year,DSL,Credit Card,89.8,6510.45,9744.69,3,66,5762,0,No,,,Normal
6007-TCTST,Female,57,No,Yes,Yes,Salinas,California,72,49-72,Two Year,Fiber Optic,Bank Withdrawal,115.8,8476.5,9361.38,3,39,5841,0,No,,,Normal
2252-NKNSI,Male,63,No,No,No,Salinas,California,52,49-72,Two Year,DSL,Credit Card,85.15,4461.85,6126.89,3,69,4322,0,No,,,Normal
7905-TVXTA,Female,63,No,No,No,Salinas,California,5,0-12,Month-to-Month,DSL,Bank Withdrawal,64.35,352.65,394.25,4,35,4771,0,No,,,Normal
7695-PKLCZ,Female,32,No,No,No,Salinas,California,68,49-72,Two Year,,Credit Card,20.5,1424.9,4716.78,4,68,4201,0,No,,,Normal
8374-UULRV,Male,22,No,No,No,Carmel By The Sea,California,72,49-72,Two Year,DSL,Credit Card,86.05,6309.65,9811.57,4,33,5965,0,No,,,Normal
3224-DFQNQ,Female,59,No,Yes,No,Carmel Valley,California,66,49-72,One Year,Fiber Optic,Bank Withdrawal,89.0,5898.6,8365.68,3,53,4488,0,No,,,Normal
5275-PMFUT,Male,52,No,Yes,No,Chualar,California,72,49-72,Two Year,DSL,Credit Card,64.8,4719.75,4719.75,3,72,4036,0,No,,,Normal
4795-UXVCJ,Male,63,No,No,No,Gonzales,California,26,25-48,One Year,,Credit Card,19.8,457.3,1645.5,3,77,5823,0,No,,,High Risk
9777-IQHWP,Male,53,No,Yes,Yes,Greenfield,California,64,49-72,Two Year,Fiber Optic,Bank Withdrawal,93.4,5822.3,7794.780000000001,3,42,6249,0,No,,,Normal
0979-MOZQI,Male,61,No,Yes,No,Monterey,California,62,49-72,Two Year,Cable,Bank Withdrawal,39.0,2337.45,2337.45,4,54,4987,0,No,,,Normal
2732-ISEZX,Female,44,No,No,No,Pacific Grove,California,5,0-12,Month-to-Month,,Credit Card,20.5,104.3,227.35,3,53,5263,0,No,,,Normal
1937-OTUKY,Female,32,No,Yes,No,Seaside,California,72,49-72,Two Year,Fiber Optic,Bank Withdrawal,98.2,7015.9,8850.46,3,75,4332,0,No,,,Normal
1573-LGXBA,Male,26,No,Yes,Yes,Soledad,California,57,49-72,One Year,Fiber Optic,Credit Card,97.55,5598.0,5836.26,4,51,5833,0,No,,,Normal
1764-VUUMT,Male,63,No,No,Yes,Spreckels,California,66,49-72,Two Year,,Credit Card,19.95,1269.1,3773.14,4,51,6382,0,No,,,Normal
4713-ZBURT,Male,33,No,No,Yes,Brisbane,California,45,25-48,Two Year,Fiber Optic,Bank Withdrawal,99.7,4634.35,5693.650000000001,4,38,3333,0,No,,,Normal
7876-AEHIG,Female,48,No,No,No,Daly City,California,51,49-72,One Year,DSL,Bank Withdrawal,60.15,3077.0,3077.0,3,37,5404,0,No,,,Normal
7945-HLKEA,Female,29,No,No,No,Half Moon Bay,California,60,49-72,One Year,DSL,Bank Withdrawal,64.75,4039.5,6436.5,3,25,6408,0,No,,,Normal
9342-VNIMQ,Male,62,No,No,No,La Honda,California,33,25-48,Month-to-Month,DSL,Bank Withdrawal,54.65,1665.2,1860.23,3,58,5201,0,No,,,Normal
3199-NPKCN,Female,39,No,Yes,No,Menlo Park,California,67,49-72,One Year,Fiber Optic,Bank Withdrawal,111.25,7511.65,9858.66,3,37,5649,0,No,,,Normal
5170-PTRKA,Female,19,No,Yes,No,Atherton,California,49,49-72,One Year,Cable,Credit Card,35.8,1782.0,1782.0,4,69,4865,0,No,,,Normal
0048-LUMLS,Male,23,No,Yes,Yes,Moss Beach,California,37,25-48,One Year,Fiber Optic,Credit Card,91.2,3247.55,4838.92,5,55,5263,0,No,,,Normal
5898-IGSLP,Male,37,No,Yes,Yes,Mountain View,California,31,25-48,Month-to-Month,Fiber Optic,Bank Withdrawal,89.3,2823.0,3466.56,3,46,2132,0,No,,,Normal
7997-EASSD,Female,56,No,Yes,No,Redwood City,California,63,49-72,One Year,Fiber Optic,Credit Card,81.2,4965.1,7412.650000000001,3,64,6063,0,No,,,Normal
0730-KOAVE,Male,53,No,No,No,Redwood City,California,30,25-48,Month-to-Month,Fiber Optic,Credit Card,94.3,2679.7,3929.5,3,75,4219,0,No,,,Normal
8975-SKGRX,Male,29,No,Yes,No,Redwood City,California,71,49-72,Two Year,Fiber Optic,Bank Withdrawal,116.1,8310.55,10842.48,4,42,5027,0,No,,,Normal
0678-RLHVP,Female,33,No,No,No,Redwood City,California,53,49-72,Two Year,Fiber Optic,Bank Withdrawal,105.55,5682.25,6367.01,5,67,5731,0,No,,,Normal
2267-FPIMA,Male,27,No,Yes,No,San Carlos,California,50,49-72,Month-to-Month,Fiber Optic,Credit Card,94.4,4914.9,5793.9,4,21,5548,0,No,,,Normal
5285-MVEHD,Female,35,No,Yes,No,Sunnyvale,California,56,49-72,One Year,Fiber Optic,Credit Card,105.6,6068.65,7978.25,4,24,4196,0,No,,,Normal
0379-DJQHR,Male,60,No,Yes,No,Sunnyvale,California,67,49-72,Two Year,DSL,Credit Card,81.35,5398.6,8430.35,3,51,4219,0,No,,,Normal
5543-QDCRY,Male,38,No,No,No,San Francisco,California,4,0-12,Month-to-Month,DSL,Bank Withdrawal,56.4,234.85,317.89,4,49,5344,0,No,,,Normal
0297-RBCSG,Male,61,No,No,No,San Francisco,California,19,13-24,One Year,DSL,Bank Withdrawal,65.35,1231.85,2085.86,4,39,2051,0,No,,,Normal
4694-PHWFW,Female,26,No,No,Yes,San Francisco,California,8,0-12,Month-to-Month,,Mailed Check,19.95,170.9,537.86,4,40,5919,0,No,,,Normal
0835-JKADZ,Female,29,No,No,No,San Francisco,California,71,49-72,Two Year,Fiber Optic,Bank Withdrawal,111.25,7984.15,10960.47,4,54,4361,0,No,,,Normal
3865-YIOTT,Male,40,No,Yes,Yes,San Francisco,California,72,49-72,One Year,Fiber Optic,Bank Withdrawal,106.1,7848.5,8688.74,3,72,6283,0,No,,,High Risk
5993-BQHEA,Male,42,No,No,No,San Francisco,California,12,0-12,One Year,,Credit Card,20.05,267.0,466.08,3,62,4018,0,No,,,Normal
6024-RUGGH,Male,22,No,Yes,Yes,San Francisco,California,72,49-72,Two Year,,Bank Withdrawal,25.2,1798.9,3819.22,3,62,6499,0,No,,,Normal
4079-WWQQQ,Male,45,No,No,No,San Francisco,California,72,49-72,Two Year,Cable,Bank Withdrawal,65.55,4807.45,4807.45,4,24,4266,0,No,,,Normal
6103-BOCOU,Female,37,No,No,No,San Francisco,California,26,25-48,Month-to-Month,Fiber Optic,Bank Withdrawal,80.7,2193.0,2729.64,3,28,4501,0,No,,,Normal
5149-TGWDZ,Female,48,No,No,No,San Francisco,California,21,13-24,One Year,Fiber Optic,Credit Card,104.55,2239.4,3001.91,4,20,3471,0,No,,,Normal
7471-WNSUF,Male,23,No,Yes,No,San Francisco,California,60,49-72,One Year,,Bank Withdrawal,24.15,1505.9,2491.1000000000004,3,24,4501,0,No,,,Normal
8942-DBMHZ,Male,26,No,No,No,San Francisco,California,12,0-12,Month-to-Month,,Mailed Check,20.45,255.35,748.67,5,80,4883,0,No,,,Normal
4301-VVZKA,Male,25,No,Yes,No,San Francisco,California,16,13-24,Month-to-Month,Fiber Optic,Bank Withdrawal,75.4,1189.4,1602.68,5,51,5432,0,No,,,Normal
9199-PWQVC,Female,38,No,Yes,No,San Francisco,California,63,49-72,One Year,Cable,Credit Card,79.7,4786.15,7908.19,3,30,4010,0,No,,,Normal
5393-HJZSM,Female,54,No,Yes,Yes,San Francisco,California,32,25-48,Month-to-Month,Cable,Bank Withdrawal,76.3,2404.15,3441.91,3,70,5324,0,No,,,Normal
0862-PRCBS,Female,32,No,Yes,Yes,San Francisco,California,68,49-72,Two Year,Fiber Optic,Credit Card,103.75,7039.45,8133.57,3,45,4121,0,No,,,Normal
8812-ZRHFP,Female,53,No,Yes,Yes,San Francisco,California,30,25-48,One Year,Fiber Optic,Bank Withdrawal,86.45,2538.05,3990.95,3,24,2923,0,No,,,Normal
5146-CBVOE,Female,44,No,No,No,San Francisco,California,16,13-24,Month-to-Month,Fiber Optic,Bank Withdrawal,75.1,1212.85,1821.17,5,59,5176,0,No,,,Normal
0454-OKRCT,Male,32,No,No,No,Palo Alto,California,33,25-48,Two Year,Fiber Optic,Bank Withdrawal,80.6,2651.1,3801.15,4,80,5542,0,No,,,High Risk
5787-KXGIY,Male,54,No,Yes,No,Palo Alto,California,72,49-72,Two Year,,Credit Card,19.3,1304.8,1492.72,3,42,4035,0,No,,,Normal
4198-VFOEA,Female,58,No,No,No,Stanford,California,12,0-12,One Year,DSL,Mailed Check,33.6,435.45,435.45,3,30,2990,0,No,,,Normal
5709-LVOEQ,Female,40,No,Yes,No,San Mateo,California,10,0-12,Two Year,DSL,Mailed Check,80.85,808.5,1119.4,3,45,2048,0,No,,,Normal
2692-AQCPF,Female,32,No,Yes,No,San Mateo,California,65,49-72,One Year,Fiber Optic,Credit Card,108.05,7118.9,9806.0,3,69,6047,0,No,,,Normal
0347-UBKUZ,Female,46,No,No,No,San Mateo,California,15,13-24,Month-to-Month,,Mailed Check,19.9,320.45,361.55,4,29,3366,0,No,,,Normal
0835-DUUIQ,Female,55,No,No,No,Alameda,California,24,13-24,One Year,,Bank Withdrawal,21.05,531.55,1666.99,5,63,2050,0,No,,,Normal
0811-GSDTP,Female,50,No,No,Yes,Alameda,California,13,13-24,Month-to-Month,Cable,Bank Withdrawal,30.15,382.2,392.2,5,22,3540,0,No,,,Normal
7567-ECMCM,Male,23,No,No,No,Danville,California,24,13-24,Month-to-Month,Fiber Optic,Credit Card,79.85,2001.0,2848.2,4,43,5128,0,No,,,Normal
6115-ZTBFQ,Female,56,No,Yes,No,Alamo,California,72,49-72,Two Year,DSL,Bank Withdrawal,65.5,4919.7,4919.7,3,25,4119,0,No,,,Normal
6353-BRMMA,Female,62,No,Yes,Yes,Angwin,California,54,49-72,Month-to-Month,Fiber Optic,Bank Withdrawal,104.1,5645.8,7932.700000000001,4,57,5795,0,No,,,Normal
6231-WFGFH,Male,39,No,Yes,Yes,Benicia,California,4,0-12,Month-to-Month,,Mailed Check,20.5,77.6,92.12,4,34,5053,0,No,,,Normal
6169-PPETC,Male,42,No,Yes,Yes,Brentwood,California,35,25-48,Two Year,,Bank Withdrawal,20.5,759.35,2415.9,4,38,2009,0,No,,,Normal
8584-KMVXD,Female,64,No,No,No,Calistoga,California,8,0-12,Month-to-Month,Fiber Optic,Bank Withdrawal,75.6,535.55,635.15,3,31,2934,0,No,,,Normal
8467-WYNSR,Male,62,No,No,No,Clayton,California,22,13-24,Month-to-Month,DSL,Mailed Check,55.1,1253.15,2069.57,3,62,2729,0,No,,,Normal
0851-DFJKB,Female,57,No,No,No,Concord,California,15,13-24,Month-to-Month,DSL,Bank Withdrawal,58.95,955.15,1413.25,4,55,4497,0,No,,,Normal
5382-SOYZL,Male,39,No,No,No,Concord,California,22,13-24,Month-to-Month,Fiber Optic,Bank Withdrawal,95.1,2162.6,2407.9,4,61,3729,0,No,,,Normal
3261-CQXOL,Female,33,No,Yes,Yes,Concord,California,71,49-72,Two Year,,Bank Withdrawal,25.45,1813.35,2108.0,3,37,4993,0,No,,,Normal
8388-FYNPZ,Male,26,No,No,No,Pleasant Hill,California,4,0-12,Month-to-Month,DSL,Bank Withdrawal,56.75,245.15,383.91,3,51,2401,0,No,,,Normal
4002-BQWPQ,Male,59,No,No,No,Crockett,California,25,25-48,Month-to-Month,Cable,Bank Withdrawal,81.75,2028.8,2658.8,3,61,5917,0,No,,,Normal
5651-YLPRD,Female,45,No,Yes,Yes,Danville,California,32,25-48,Month-to-Month,Fiber Optic,Bank Withdrawal,86.1,2723.75,3706.87,5,48,4970,0,No,,,Normal
4378-BZYFP,Male,41,No,No,No,Fairfield,California,17,13-24,One Year,,Mailed Check,20.5,365.8,1091.02,3,65,2259,0,No,,,Normal
3429-IFLEM,Female,48,No,No,No,Hayward,California,71,49-72,Two Year,DSL,Credit Card,77.35,5550.1,6842.3,3,61,4846,0,No,,,Normal
5002-GCQFH,Male,30,No,Yes,No,Hercules,California,49,49-72,Month-to-Month,Fiber Optic,Bank Withdrawal,93.85,4733.1,7074.43,3,62,5698,0,No,,,Normal
0556-FJEGU,Male,26,No,No,No,Lafayette,California,58,49-72,Two Year,DSL,Bank Withdrawal,70.1,4048.95,6802.209999999999,4,58,4474,0,No,,,Normal
0604-THJFP,Female,40,No,Yes,No,Castro Valley,California,59,49-72,Two Year,DSL,Credit Card,75.95,4542.35,5030.870000000001,3,46,5446,0,No,,,Normal
5879-SESNB,Female,34,No,No,No,Moraga,California,11,0-12,Month-to-Month,Fiber Optic,Bank Withdrawal,75.25,888.65,1260.34,3,75,5902,0,No,,,High Risk
6461-PPAXN,Female,20,No,Yes,No,Napa,California,35,25-48,One Year,Cable,Bank Withdrawal,54.95,1916.0,3392.3,4,30,4858,0,No,,,Normal
3318-ISQFQ,Female,23,No,No,No,Newark,California,20,13-24,Month-to-Month,,Bank Withdrawal,19.5,413.0,632.4,3,28,5409,0,No,,,Normal
1106-HRLKZ,Male,21,No,Yes,Yes,Oakley,California,40,25-48,Two Year,,Credit Card,19.6,808.95,1727.35,5,34,2630,0,No,,,Normal
2483-XSSMZ,Female,22,No,No,No,Orinda,California,39,25-48,One Year,DSL,Bank Withdrawal,47.85,1886.4,2944.27,3,23,5531,0,No,,,Normal
8165-ZJRNM,Female,62,No,Yes,Yes,Pittsburg,California,72,49-72,Two Year,,Bank Withdrawal,23.75,1679.25,3201.33,5,67,4923,0,No,,,Normal
2604-XVDAM,Female,54,No,No,No,Pope Valley,California,12,0-12,Month-to-Month,DSL,Bank Withdrawal,43.8,540.95,619.6700000000001,4,26,5706,0,No,,,Normal
9046-JBFWA,Male,20,No,No,Yes,Port Costa,California,27,25-48,Month-to-Month,,Credit Card,19.15,537.35,1357.0700000000002,3,51,4004,0,No,,,Normal
3280-NMUVX,Male,53,No,Yes,No,Rio Vista,California,34,25-48,One Year,,Credit Card,19.6,678.8,1563.82,5,33,4669,0,No,,,Normal
1206-EHBDD,Female,56,No,Yes,No,Rodeo,California,56,49-72,Two Year,Fiber Optic,Bank Withdrawal,80.3,4513.65,4751.089999999999,3,67,6203,0,No,,,Normal
8361-LBRDI,Female,31,No,No,No,Saint Helena,California,58,49-72,Two Year,,Credit Card,24.35,1423.85,3663.81,3,51,6190,0,No,,,Normal
4883-KCPZJ,Female,30,No,Yes,Yes,Deer Park,California,22,13-24,Two Year,,Credit Card,25.25,555.4,1126.96,3,75,4386,0,No,,,Normal
9108-EQPNQ,Female,27,No,Yes,Yes,San Leandro,California,10,0-12,Two Year,,Credit Card,26.1,225.55,411.25,5,63,3179,0,No,,,Normal
7277-KAMWT,Male,23,No,No,No,San Leandro,California,13,13-24,Two Year,,Credit Card,20.0,268.45,289.38,3,63,3037,0,No,,,Normal
2545-LXYVJ,Male,19,No,Yes,No,Suisun City,California,72,49-72,Two Year,,Bank Withdrawal,20.7,1492.1,3055.94,3,55,6317,0,No,,,Normal
8120-JDCAM,Male,42,No,Yes,Yes,Vallejo,California,4,0-12,Month-to-Month,Fiber Optic,Credit Card,69.55,284.9,433.82,4,44,3708,0,No,,,Normal
8917-FAEMR,Female,28,No,No,No,Vallejo,California,37,25-48,Two Year,,Credit Card,19.85,784.25,1764.38,3,27,3408,0,No,,,Normal
7047-YXDMZ,Male,59,No,No,No,Vallejo,California,21,13-24,Month-to-Month,,Credit Card,20.0,417.7,1139.89,3,47,2366,0,No,,,Normal
6614-YOLAC,Female,31,No,Yes,No,Oakland,California,71,49-72,Two Year,Cable,Credit Card,58.65,4145.25,4145.25,4,48,4151,0,No,,,Normal
7426-RHZGU,Male,41,No,No,No,Oakland,California,9,0-12,Month-to-Month,Fiber Optic,Bank Withdrawal,95.9,827.45,1104.65,3,66,5017,0,No,,,Normal
7649-SIJJF,Male,36,No,Yes,No,Emeryville,California,71,49-72,Two Year,DSL,Credit Card,80.1,5585.4,6364.27,3,37,6045,0,No,,,Normal
9361-YNQWJ,Female,36,No,No,No,Oakland,California,64,49-72,One Year,,Bank Withdrawal,24.4,1601.2,2620.7200000000003,5,24,5887,0,No,,,Normal
3748-FVMZZ,Male,33,No,No,No,Oakland,California,4,0-12,Month-to-Month,DSL,Bank Withdrawal,40.05,162.45,162.45,4,57,2664,0,No,,,Normal
9391-TTOYH,Female,33,No,No,No,Oakland,California,23,13-24,Month-to-Month,,Credit Card,19.5,470.2,791.74,4,42,5652,0,No,,,Normal
1452-XRSJV,Female,59,No,Yes,Yes,Oakland,California,39,25-48,Month-to-Month,DSL,Credit Card,51.05,2066.0,2653.34,3,63,3154,0,No,,,Normal
3422-WJOYD,Male,27,No,Yes,No,Oakland,California,28,25-48,One Year,DSL,Credit Card,54.35,1426.45,2398.09,5,70,5105,0,No,,,Normal
7147-AYBAA,Male,62,No,No,No,Berkeley,California,37,25-48,Month-to-Month,Fiber Optic,Credit Card,70.35,2552.9,3619.98,3,32,5402,0,No,,,Normal
6732-FZUGP,Female,30,No,No,No,Berkeley,California,47,25-48,One Year,Fiber Optic,Credit Card,94.9,4615.25,6507.0,4,52,4510,0,No,,,Normal
8329-GWVPJ,Female,39,No,Yes,Yes,Berkeley,California,50,49-72,Month-to-Month,Fiber Optic,Bank Withdrawal,69.75,3557.7,4068.2,5,64,4539,0,No,,,Normal
1352-VHKAJ,Male,30,No,Yes,Yes,Berkeley,California,27,25-48,Month-to-Month,Cable,Bank Withdrawal,71.6,1957.1,2462.95,5,52,3773,0,No,,,Normal
2632-TACXW,Female,49,No,Yes,No,Richmond,California,62,49-72,Two Year,,Bank Withdrawal,23.65,1416.75,1969.17,4,21,4671,0,No,,,Normal
8146-QQKZH,Female,25,No,Yes,No,El Sobrante,California,71,49-72,Two Year,DSL,Bank Withdrawal,81.85,5924.4,6366.73,4,78,4090,0,No,,,Normal
1767-CJKBA,Male,39,No,No,No,Richmond,California,66,49-72,Two Year,,Credit Card,25.1,1697.7,4940.280000000001,4,48,6025,0,No,,,Normal
6445-TNRXS,Male,61,No,Yes,Yes,Richmond,California,68,49-72,Two Year,Fiber Optic,Bank Withdrawal,114.7,7849.85,10065.97,3,59,5671,0,No,,,Normal
4581-LNWUM,Female,47,No,No,No,San Pablo,California,13,13-24,Month-to-Month,DSL,Bank Withdrawal,49.15,649.4,649.4,3,78,3000,0,No,,,Normal
4869-EPIUS,Male,37,No,Yes,No,San Rafael,California,56,49-72,One Year,Fiber Optic,Bank Withdrawal,80.9,4557.5,7143.58,5,56,5344,0,No,,,Normal
1915-OAKWD,Female,56,No,No,No,Belvedere Tiburon,California,16,13-24,One Year,,Bank Withdrawal,19.3,360.35,1065.15,3,48,2870,0,No,,,Normal
7296-PIXQY,Female,60,No,Yes,Yes,Bodega,California,14,13-24,Month-to-Month,Fiber Optic,Bank Withdrawal,70.2,1046.5,1368.5,4,25,5819,0,No,,,Normal
3354-OADJP,Female,37,No,No,No,Bolinas,California,8,0-12,One Year,DSL,Bank Withdrawal,54.25,447.75,789.99,3,69,2237,0,No,,,Normal
3524-WQDSG,Female,29,No,Yes,Yes,Corte Madera,California,43,25-48,Month-to-Month,Fiber Optic,Bank Withdrawal,99.3,4209.95,4435.7,3,73,3280,0,No,,,Normal
0810-DHDBD,Female,31,No,No,No,Rohnert Park,California,52,49-72,One Year,Cable,Credit Card,74.0,3877.65,4989.41,3,39,5806,0,No,,,Normal
2829-HYVZP,Male,42,No,No,No,Fairfax,California,29,25-48,One Year,,Credit Card,19.8,572.2,1909.68,4,69,5696,0,No,,,Normal
3845-JHAMY,Female,48,No,Yes,Yes,Inverness,California,16,13-24,Month-to-Month,Cable,Credit Card,35.5,552.7,632.7,5,25,2069,0,No,,,Normal
7013-PSXHK,Female,41,No,No,No,Lagunitas,California,40,25-48,One Year,DSL,Credit Card,80.75,3208.65,4561.85,4,27,2047,0,No,,,Normal
3486-NPGST,Female,47,No,No,No,Mill Valley,California,36,25-48,One Year,,Credit Card,19.55,620.75,2108.63,5,47,2691,0,No,,,Normal
6100-FJZDG,Male,49,No,Yes,No,Olema,California,26,25-48,One Year,,Bank Withdrawal,20.05,505.9,1683.1799999999998,5,29,2403,0,No,,,Normal
1730-VFMWO,Female,33,No,Yes,No,Petaluma,California,34,25-48,Month-to-Month,DSL,Bank Withdrawal,50.2,1815.3,3198.08,5,54,4352,0,No,,,Normal
7143-BQIBA,Male,32,No,No,No,Petaluma,California,10,0-12,Month-to-Month,DSL,Bank Withdrawal,62.25,612.95,689.45,3,76,3415,0,No,,,Normal
3800-LYTRK,Female,52,No,No,No,Point Reyes Station,California,14,13-24,One Year,DSL,Credit Card,55.7,795.15,1282.67,4,57,4978,0,No,,,Normal
9646-NMHXE,Male,63,No,Yes,No,San Geronimo,California,47,25-48,Two Year,,Credit Card,19.65,973.1,1280.48,5,77,2021,0,No,,,Normal
7030-NJVDP,Male,36,No,Yes,No,San Quentin,California,24,13-24,Month-to-Month,Fiber Optic,Bank Withdrawal,89.25,2210.2,2455.72,3,77,5436,0,No,,,High Risk
7771-ZONAT,Male,62,No,No,No,Woodacre,California,22,13-24,Two Year,DSL,Bank Withdrawal,56.75,1304.85,1304.85,4,55,4574,0,No,,,Normal
4194-WHFCB,Female,35,No,Yes,Yes,Aromas,California,59,49-72,Month-to-Month,Fiber Optic,Bank Withdrawal,96.65,5580.8,8416.93,3,52,5266,0,No,,,Normal
4121-AGSIN,Female,44,No,Yes,No,Ben Lomond,California,58,49-72,One Year,,Credit Card,24.5,1497.9,3602.7800000000007,4,47,4455,0,No,,,Normal
0301-KOBTQ,Male,50,No,No,No,Capitola,California,32,25-48,Two Year,,Bank Withdrawal,20.05,614.45,1081.84,5,20,3398,0,No,,,Normal
4367-NUYAO,Male,39,No,Yes,Yes,Cupertino,California,10,0-12,Two Year,,Credit Card,25.75,257.5,485.8,5,48,4950,0,No,,,Normal
9170-ARBTB,Female,41,No,Yes,No,Felton,California,52,49-72,One Year,,Credit Card,19.6,1012.4,1395.33,3,37,4848,0,No,,,Normal
7241-AJHFS,Male,53,No,No,No,Escondido,California,32,25-48,Month-to-Month,Fiber Optic,Bank Withdrawal,87.65,2766.4,3066.9300000000003,3,66,2426,0,No,,,Normal
4546-FOKWR,Female,35,No,No,No,Los Gatos,California,16,13-24,Month-to-Month,Fiber Optic,Credit Card,74.75,1129.35,1298.0,5,27,3574,0,No,,,Normal
9036-CSKBW,Female,62,No,No,No,Los Gatos,California,51,49-72,One Year,Fiber Optic,Bank Withdrawal,107.45,5680.9,6050.679999999999,3,24,5446,0,No,,,Normal
5832-TRLPB,Male,30,No,No,No,Milpitas,California,29,25-48,One Year,Cable,Bank Withdrawal,75.35,2243.9,2348.6700000000005,3,77,4422,0,No,,,Normal
8590-YFFQO,Male,24,No,Yes,No,Morgan Hill,California,70,49-72,Two Year,DSL,Credit Card,64.95,4523.25,4594.46,3,78,5669,0,No,,,High Risk
8659-IOOPU,Female,25,No,Yes,Yes,Moss Landing,California,71,49-72,Two Year,Fiber Optic,Bank Withdrawal,100.45,7159.7,9426.94,3,34,6171,0,No,,,Normal
1338-CECEE,Male,28,No,Yes,No,Mount Hermon,California,41,25-48,One Year,DSL,Bank Withdrawal,68.5,2839.95,3358.36,4,54,3877,0,No,,,Normal
4646-QZXTF,Female,38,No,Yes,No,San Juan Bautista,California,7,0-12,Month-to-Month,DSL,Bank Withdrawal,81.25,580.1,617.86,3,57,5928,0,No,,,Normal
9742-XOKTS,Male,60,No,Yes,Yes,Santa Clara,California,67,49-72,One Year,Fiber Optic,Bank Withdrawal,89.55,6038.55,7230.219999999999,3,69,6194,0,No,,,Normal
6921-OZMFH,Male,38,No,Yes,Yes,Santa Clara,California,5,0-12,Month-to-Month,Cable,Credit Card,55.7,259.4,354.25,3,46,3598,0,No,,,Normal
9578-FOMUK,Male,53,No,No,Yes,Santa Clara,California,15,13-24,Month-to-Month,,Bank Withdrawal,24.8,324.15,799.4499999999999,3,57,3965,0,No,,,Normal
4712-UYOOI,Female,21,No,Yes,Yes,Santa Cruz,California,20,13-24,Month-to-Month,,Bank Withdrawal,20.0,417.65,1179.92,3,70,3402,0,No,,,Normal
7722-CVFXN,Male,50,No,Yes,Yes,Santa Cruz,California,54,49-72,One Year,Fiber Optic,Bank Withdrawal,105.2,5637.85,6006.34,5,68,5546,0,No,,,Normal
8717-VCTXJ,Male,32,No,No,No,Santa Cruz,California,42,25-48,One Year,,Credit Card,19.55,839.4,2860.46,3,43,5293,0,No,,,Normal
7363-QTBIW,Female,24,No,Yes,No,Scotts Valley,California,9,0-12,Month-to-Month,Fiber Optic,Bank Withdrawal,79.75,769.1,830.12,5,62,4654,0,No,,,Normal
4159-NAAIX,Female,24,No,No,No,Saratoga,California,63,49-72,Two Year,Fiber Optic,Bank Withdrawal,97.45,6253.0,8631.88,3,67,4769,0,No,,,Normal
0971-QIFJK,Female,57,No,Yes,No,Soquel,California,69,49-72,Two Year,,Bank Withdrawal,24.25,1641.8,4340.87,3,21,4884,0,No,,,Normal
9397-TZSHA,Female,24,No,No,No,Watsonville,California,69,49-72,Two Year,,Credit Card,24.6,1678.05,4168.13,5,66,5294,0,No,,,Normal
3391-JSQEW,Male,32,No,Yes,No,San Jose,California,40,25-48,Month-to-Month,DSL,Credit Card,50.15,2058.5,2993.4700000000003,4,71,2454,0,No,,,Normal
0343-QLUZP,Male,38,No,No,No,San Jose,California,60,49-72,Two Year,DSL,Bank Withdrawal,39.6,2424.5,2386.04,3,32,5544,0,No,,,Normal
3312-UUMZW,Male,33,No,Yes,No,San Jose,California,32,25-48,Month-to-Month,Fiber Optic,Credit Card,98.85,3145.9,4678.38,4,61,3981,0,No,,,Normal
1271-UODNO,Male,60,No,No,No,San Jose,California,39,25-48,Two Year,DSL,Credit Card,53.85,2200.7,2364.64,3,79,2380,0,No,,,Normal
8461-EFQYM,Female,36,No,No,No,San Jose,California,38,25-48,One Year,,Bank Withdrawal,24.25,914.4,2633.63,3,23,2997,0,No,,,Normal
6900-RBKER,Male,32,No,No,No,San Jose,California,52,49-72,Two Year,Fiber Optic,Credit Card,89.45,4577.75,5344.06,3,35,5386,0,No,,,Normal
6891-JPYFF,Female,57,No,Yes,Yes,San Jose,California,48,25-48,Month-to-Month,Fiber Optic,Credit Card,105.25,4997.5,6455.52,3,79,4275,0,No,,,Normal
1459-QNFQT,Male,21,No,Yes,No,San Jose,California,70,49-72,Two Year,DSL,Bank Withdrawal,59.5,4144.8,4121.08,4,27,4031,0,No,,,Normal
1047-NNCBF,Male,56,No,No,No,San Jose,California,20,13-24,Month-to-Month,Fiber Optic,Credit Card,70.55,1493.55,1551.95,3,59,5790,0,No,,,Normal
3696-XRIEN,Female,59,No,No,No,San Jose,California,50,49-72,One Year,DSL,Credit Card,82.5,4179.1,5220.25,4,71,5258,0,No,,,High Risk
0074-HDKDG,Male,46,No,Yes,No,San Jose,California,25,25-48,One Year,Cable,Bank Withdrawal,61.6,1611.0,1727.35,3,66,3807,0,No,,,Normal
8791-GFXLZ,Male,58,No,No,No,San Jose,California,12,0-12,Month-to-Month,DSL,Bank Withdrawal,49.05,593.05,1101.09,5,70,4244,0,No,,,Normal
9330-DHBFL,Female,29,No,Yes,No,San Jose,California,23,13-24,One Year,DSL,Credit Card,66.25,1533.8,1772.08,4,22,2072,0,No,,,Normal
0098-BOWSO,Male,26,No,No,No,San Jose,California,27,25-48,Month-to-Month,,Bank Withdrawal,19.4,529.8,1087.62,5,39,3792,0,No,,,Normal
5859-HZYLF,Male,45,No,Yes,Yes,San Jose,California,26,25-48,Two Year,,Credit Card,19.15,515.75,1655.59,5,58,4347,0,No,,,Normal
2208-NQBCT,Female,23,No,Yes,Yes,San Jose,California,26,25-48,Month-to-Month,Fiber Optic,Bank Withdrawal,81.95,2070.05,3186.75,3,72,2817,0,No,,,Normal
6621-NRZAK,Female,40,No,Yes,Yes,Mount Hamilton,California,63,49-72,Two Year,,Credit Card,20.0,1209.25,4163.95,5,56,5975,0,No,,,Normal
0831-JNISG,Male,52,No,Yes,Yes,San Jose,California,71,49-72,Two Year,,Credit Card,19.8,1396.25,3053.3900000000003,4,20,5406,0,No,,,Normal
0774-IFUVM,Male,19,No,Yes,Yes,Stockton,California,11,0-12,Month-to-Month,DSL,Bank Withdrawal,65.15,723.35,907.16,3,42,5942,0,No,,,Normal
9553-DLCLU,Female,30,No,No,No,Stockton,California,13,13-24,Two Year,DSL,Credit Card,88.95,1161.75,1643.14,3,27,5407,0,No,,,Normal
1641-BYBTK,Male,38,No,No,Yes,Stockton,California,6,0-12,Month-to-Month,,Credit Card,20.2,98.35,199.81,4,75,3478,0,No,,,Normal
2446-ZKVAF,Male,19,No,Yes,No,Stockton,California,18,13-24,Month-to-Month,DSL,Credit Card,56.8,1074.65,1097.69,5,59,5558,0,No,,,Normal
3522-CDKHF,Female,21,No,Yes,No,Stockton,California,32,25-48,Month-to-Month,Fiber Optic,Bank Withdrawal,75.5,2324.7,2942.3,3,76,3131,0,No,,,Normal
1430-SFQSA,Male,46,No,No,No,Stockton,California,29,25-48,One Year,DSL,Mailed Check,35.6,1072.6,1072.6,4,74,3898,0,No,,,Normal
8807-ARQET,Female,59,No,No,No,Angels Camp,California,41,25-48,Month-to-Month,Cable,Bank Withdrawal,40.35,1677.85,1677.85,5,79,2454,0,No,,,Normal
4320-QMLLA,Male,57,No,No,No,Avery,California,7,0-12,Month-to-Month,DSL,Mailed Check,54.85,370.4,409.67,3,20,3481,0,No,,,Normal
8777-PVYGU,Female,36,No,Yes,No,Burson,California,52,49-72,One Year,DSL,Mailed Check,64.3,3410.6,3630.04,4,73,4405,0,No,,,Normal
8292-ITGYJ,Female,48,No,Yes,Yes,Campo Seco,California,45,25-48,Two Year,,Bank Withdrawal,24.65,1138.8,2043.75,4,67,3043,0,No,,,Normal
6870-ZWMNX,Male,55,No,Yes,No,Clements,California,70,49-72,Two Year,DSL,Credit Card,76.1,5264.25,7710.15,4,67,5115,0,No,,,Normal
0621-CXBKL,Female,62,No,No,No,Copperopolis,California,53,49-72,Two Year,,Mailed Check,18.7,1005.7,1552.66,5,54,4116,0,No,,,Normal
5334-JLAXU,Female,44,No,Yes,No,French Camp,California,60,49-72,Month-to-Month,Fiber Optic,Credit Card,94.1,5475.9,6408.299999999999,3,62,5267,0,No,,,Normal
9359-UGBTK,Female,63,No,No,No,Lockeford,California,67,49-72,One Year,Cable,Bank Withdrawal,72.35,4991.5,5352.63,3,50,4910,0,No,,,Normal
6479-OAUSD,Male,41,No,No,No,Mokelumne Hill,California,25,25-48,One Year,,Credit Card,19.9,510.8,690.05,3,22,2130,0,No,,,Normal
7129-ACFOG,Female,56,No,No,No,Mountain Ranch,California,5,0-12,Month-to-Month,Cable,Bank Withdrawal,53.8,283.95,540.95,4,78,2182,0,No,,,Normal
4189-NAKJS,Male,29,No,No,No,Murphys,California,26,25-48,One Year,Cable,Credit Card,51.55,1295.4,1936.82,3,36,3130,0,No,,,Normal
9127-FHJBZ,Male,60,No,Yes,Yes,Vallecito,California,72,49-72,Two Year,Fiber Optic,Bank Withdrawal,114.0,8093.15,10430.99,3,29,4558,0,No,,,Normal
6994-ORCWG,Female,33,No,No,No,Wilseyville,California,14,13-24,One Year,DSL,Mailed Check,54.25,773.2,1067.62,5,44,4423,0,No,,,Normal
1346-UFHAX,Female,59,No,No,No,Woodbridge,California,13,13-24,Month-to-Month,Fiber Optic,Credit Card,80.0,1029.35,1467.32,3,78,5577,0,No,,,High Risk
2933-XEUJM,Female,56,No,No,No,Ballico,California,46,25-48,Two Year,DSL,Mailed Check,79.2,3593.8,5747.98,4,63,2007,0,No,,,Normal
4835-YSJMR,Male,59,No,No,No,Ceres,California,39,25-48,Two Year,DSL,Bank Withdrawal,49.8,1971.15,2124.42,4,51,2202,0,No,,,Normal
3164-YAXFY,Male,56,No,No,No,Coulterville,California,57,49-72,Month-to-Month,DSL,Bank Withdrawal,53.75,3196.0,3196.0,4,58,5594,0,No,,,Normal
0887-WBJVH,Female,29,No,Yes,No,Cressey,California,53,49-72,One Year,Fiber Optic,Bank Withdrawal,93.45,4872.2,6904.75,4,20,4700,0,No,,,Normal
4660-IRIBM,Male,32,No,Yes,Yes,Crows Landing,California,18,13-24,Month-to-Month,Fiber Optic,Mailed Check,87.9,1500.5,1935.38,4,33,5192,0,No,,,Normal
7670-ZBPOQ,Female,59,No,Yes,No,Denair,California,58,49-72,One Year,DSL,Bank Withdrawal,61.05,3478.75,5007.63,4,46,4411,0,No,,,Normal
0080-OROZO,Female,38,No,No,No,El Portal,California,35,25-48,One Year,Fiber Optic,Bank Withdrawal,99.25,3532.0,4806.7,3,36,3244,0,No,,,Normal
6807-SIWJI,Male,47,No,No,No,Groveland,California,38,25-48,One Year,Fiber Optic,Bank Withdrawal,104.85,3887.25,4052.17,4,35,2709,0,No,,,Normal
8221-HVAYI,Male,60,No,Yes,No,Gustine,California,35,25-48,Two Year,Cable,Credit Card,69.15,2490.15,2667.25,3,61,3945,0,No,,,Normal
5232-NXPAY,Female,33,No,No,No,Hilmar,California,47,25-48,Two Year,DSL,Credit Card,74.45,3510.3,3673.39,3,55,3459,0,No,,,Normal
8967-SZQAS,Female,25,No,No,No,Hornitos,California,14,13-24,Month-to-Month,DSL,Bank Withdrawal,50.45,765.45,1454.53,5,48,3185,0,No,,,Normal
0455-ENTCR,Male,58,No,Yes,No,Jamestown,California,66,49-72,Two Year,DSL,Bank Withdrawal,85.25,5538.35,8366.45,4,38,5012,0,No,,,Normal
8944-AILEF,Male,26,No,Yes,No,Keyes,California,15,13-24,Month-to-Month,,Credit Card,19.45,340.85,938.45,5,67,2483,0,No,,,Normal
5542-NKVRU,Female,24,No,No,No,La Grange,California,42,25-48,Two Year,,Bank Withdrawal,20.75,844.45,1613.47,3,57,2574,0,No,,,Normal
7126-RBHSD,Female,53,No,Yes,No,Lathrop,California,17,13-24,Month-to-Month,Fiber Optic,Bank Withdrawal,78.9,1348.95,1708.5,3,38,2362,0,No,,,Normal
5370-IIVVL,Male,26,No,No,No,Le Grand,California,37,25-48,One Year,Fiber Optic,Credit Card,104.5,3778.0,5210.639999999999,3,21,4812,0,No,,,Normal
6789-HJBWG,Female,20,No,No,No,Livingston,California,12,0-12,Month-to-Month,DSL,Bank Withdrawal,49.4,611.65,907.33,3,70,5007,0,No,,,Normal
9087-EYCPR,Female,63,No,No,No,Manteca,California,60,49-72,Two Year,,Mailed Check,25.0,1505.05,3869.65,3,24,6355,0,No,,,Normal
6791-YBNAK,Male,26,No,Yes,Yes,Manteca,California,18,13-24,Month-to-Month,DSL,Credit Card,25.55,467.85,467.85,3,28,4134,0,No,,,Normal
0013-MHZWF,Female,23,No,No,Yes,Midpines,California,9,0-12,Month-to-Month,Cable,Credit Card,69.4,571.45,722.3800000000001,3,55,5108,0,No,,,Normal
8268-YDIXR,Male,45,No,Yes,No,Merced,California,56,49-72,One Year,Fiber Optic,Bank Withdrawal,93.15,5253.95,7512.43,3,56,4778,0,No,,,Normal
4291-SHSBH,Male,25,No,No,No,Modesto,California,7,0-12,Month-to-Month,Fiber Optic,Bank Withdrawal,69.55,521.35,584.0,3,71,4704,0,No,,,Normal
6980-IMXXE,Female,28,No,Yes,Yes,Modesto,California,69,49-72,Two Year,,Bank Withdrawal,20.2,1412.65,4344.46,5,34,5267,0,No,,,Normal
0040-HALCW,Male,42,No,Yes,Yes,Modesto,California,54,49-72,Two Year,,Credit Card,20.4,1090.6,2154.4,4,60,6393,0,No,,,Normal
0784-GTUUK,Male,26,No,Yes,No,Newman,California,62,49-72,One Year,,Credit Card,23.75,1446.8,3448.16,4,66,4811,0,No,,,Normal
2294-DMMUS,Female,25,No,Yes,Yes,Patterson,California,62,49-72,Month-to-Month,DSL,Credit Card,70.45,4300.45,6565.93,5,37,5057,0,No,,,Normal
0872-JCPIB,Male,47,No,No,No,Pinecrest,California,17,13-24,Month-to-Month,DSL,Bank Withdrawal,65.75,1111.2,1917.85,4,63,3921,0,No,,,Normal
3055-MJDSB,Male,24,No,No,No,Planada,California,9,0-12,Month-to-Month,DSL,Mailed Check,24.6,190.1,190.1,5,49,2323,0,No,,,Normal
9091-WTUUY,Male,30,No,Yes,No,Ripon,California,64,49-72,Two Year,DSL,Mailed Check,69.25,4447.75,6095.11,4,25,4226,0,No,,,Normal
7115-IRDHS,Female,64,No,Yes,No,Sonora,California,72,49-72,Two Year,,Bank Withdrawal,24.65,1830.05,3588.29,5,66,5065,0,No,,,Normal
8496-DMZUK,Male,62,No,No,No,Soulsbyville,California,30,25-48,One Year,Fiber Optic,Bank Withdrawal,90.4,2820.65,3036.35,4,78,3171,0,No,,,Normal
2040-VZIKE,Female,56,No,Yes,No,Stevinson,California,49,49-72,Month-to-Month,Fiber Optic,Mailed Check,100.85,4847.35,7043.040000000001,3,53,5417,0,No,,,Normal
9068-VPWQQ,Male,21,No,Yes,No,Tracy,California,61,49-72,Two Year,Cable,Credit Card,75.35,4729.3,6486.1,4,35,6466,0,No,,,Normal
0178-SZBHO,Male,54,No,Yes,Yes,Tuolumne,California,47,25-48,Month-to-Month,Fiber Optic,Bank Withdrawal,87.2,4017.45,4068.68,3,76,3760,0,No,,,Normal
0384-RVBPI,Male,64,No,No,No,Turlock,California,20,13-24,Month-to-Month,DSL,Credit Card,64.4,1398.6,1650.6,3,80,2120,0,No,,,Normal
1299-AURJA,Female,43,No,Yes,Yes,Twain Harte,California,70,49-72,Two Year,,Bank Withdrawal,24.7,1685.9,3809.0,4,59,5907,0,No,,,Normal
4525-VZCZG,Male,58,No,No,Yes,Vernalis,California,54,49-72,One Year,Fiber Optic,Bank Withdrawal,105.85,5826.65,6966.87,4,35,5915,0,No,,,Normal
2788-CJQAQ,Male,39,No,No,No,Winton,California,13,13-24,One Year,,Mailed Check,19.45,270.2,560.23,5,37,3799,0,No,,,Normal
2120-SMPEX,Male,43,No,No,No,Santa Rosa,California,25,25-48,Month-to-Month,,Mailed Check,20.15,536.35,977.35,5,58,3848,0,No,,,Normal
0096-FCPUF,Male,58,No,No,No,Santa Rosa,California,30,25-48,Month-to-Month,DSL,Mailed Check,64.5,1888.45,1967.65,3,48,5039,0,No,,,Normal
0668-OGMHD,Female,20,No,Yes,No,Santa Rosa,California,21,13-24,Month-to-Month,DSL,Bank Withdrawal,28.5,629.35,629.35,4,77,3766,0,No,,,Normal
9408-HRXRK,Female,63,No,Yes,Yes,Annapolis,California,45,25-48,Month-to-Month,Fiber Optic,Bank Withdrawal,105.15,4730.9,6867.5,4,22,5915,0,No,,,Normal
5593-SUAOO,Female,60,No,Yes,Yes,Boonville,California,24,13-24,One Year,Fiber Optic,Bank Withdrawal,83.15,2033.05,3027.85,5,53,2404,0,No,,,Normal
6766-HFKLA,Female,60,No,Yes,No,Cazadero,California,56,49-72,Two Year,Fiber Optic,Bank Withdrawal,103.2,5744.35,6311.63,5,34,4534,0,No,,,Normal
2226-ICFDO,Female,39,No,Yes,No,Covelo,California,72,49-72,Two Year,DSL,Credit Card,85.9,6110.75,6893.39,4,72,6361,0,No,,,High Risk
5529-GIBVH,Female,57,No,No,No,Duncans Mills,California,47,25-48,Two Year,,Credit Card,20.15,1046.2,1210.23,3,74,2618,0,No,,,Normal
6625-UTXEW,Female,26,No,Yes,No,Fort Bragg,California,12,0-12,Month-to-Month,Cable,Bank Withdrawal,51.25,612.1,1174.66,3,57,3097,0,No,,,Normal
6244-BESBM,Male,61,No,Yes,Yes,Geyserville,California,69,49-72,Two Year,Fiber Optic,Credit Card,95.2,6671.7,7501.08,4,34,6166,0,No,,,Normal
2612-PHGOX,Male,47,No,Yes,No,Graton,California,64,49-72,Two Year,Cable,Bank Withdrawal,76.1,4818.8,5240.56,4,26,4222,0,No,,,Normal
8480-PPONV,Male,56,No,Yes,Yes,Guerneville,California,62,49-72,Two Year,Fiber Optic,Bank Withdrawal,115.55,7159.05,9679.97,3,25,6349,0,No,,,Normal
8780-IHCRN,Male,23,No,Yes,Yes,Healdsburg,California,63,49-72,Two Year,,Credit Card,24.65,1574.5,3396.46,4,40,4392,0,No,,,Normal
4598-ZADCK,Female,34,No,No,No,Hopland,California,53,49-72,One Year,DSL,Bank Withdrawal,53.6,2879.2,2879.2,3,28,5183,0,No,,,Normal
1257-SXUXQ,Male,20,No,Yes,Yes,Jenner,California,5,0-12,Month-to-Month,,Credit Card,19.45,86.05,126.25,3,79,4573,0,No,,,Normal
7182-OVLBJ,Female,32,No,Yes,Yes,Kenwood,California,62,49-72,Two Year,Fiber Optic,Bank Withdrawal,101.15,6638.35,8444.03,3,36,5735,0,No,,,Normal
5095-ETBRJ,Female,28,No,Yes,No,Lakeport,California,55,49-72,Two Year,DSL,Credit Card,56.8,3112.05,3241.8500000000004,4,33,4702,0,No,,,Normal
4821-WQOYN,Female,25,No,Yes,Yes,Little River,California,72,49-72,Two Year,,Credit Card,20.1,1326.25,2913.8500000000004,4,41,4603,0,No,,,Normal
4730-AWNAU,Male,59,No,Yes,No,Lower Lake,California,36,25-48,One Year,DSL,Credit Card,60.7,2234.55,2234.55,3,69,3671,0,No,,,Normal
3452-FLHYD,Male,47,No,Yes,No,Lucerne,California,25,25-48,One Year,,Bank Withdrawal,20.95,495.15,1122.15,4,77,5682,0,No,,,High Risk
9531-NSBMR,Female,44,No,No,No,Mendocino,California,36,25-48,One Year,,Bank Withdrawal,19.25,679.8,2474.4,3,79,4904,0,No,,,Normal
4389-UEFCZ,Female,25,No,Yes,No,Monte Rio,California,72,49-72,Two Year,Fiber Optic,Bank Withdrawal,105.5,7544.0,9125.12,3,62,5551,0,No,,,Normal
8711-LOBKY,Male,50,No,Yes,Yes,Navarro,California,59,49-72,Two Year,,Credit Card,19.85,1188.25,3618.46,3,59,6144,0,No,,,Normal
8800-ZKRFW,Female,62,No,Yes,Yes,Philo,California,30,25-48,Month-to-Month,Fiber Optic,Bank Withdrawal,107.5,3242.5,3979.3,4,51,3094,0,No,,,Normal
2616-FLVQC,Male,42,No,No,No,Point Arena,California,64,49-72,Two Year,,Credit Card,19.55,1240.15,3733.59,3,27,6036,0,No,,,Normal
9968-FFVVH,Male,20,No,No,No,Potter Valley,California,63,49-72,One Year,Cable,Bank Withdrawal,68.8,4111.35,6528.66,3,40,5082,0,No,,,Normal
8390-FESFV,Female,60,No,No,No,Sebastopol,California,62,49-72,Two Year,DSL,Bank Withdrawal,84.5,5193.2,5568.3,4,61,5466,0,No,,,Normal
3022-BEXHZ,Male,19,No,Yes,Yes,Sonoma,California,67,49-72,Two Year,Fiber Optic,Bank Withdrawal,111.2,7530.8,10275.12,4,71,6060,0,No,,,High Risk
6248-TKCQV,Female,37,No,Yes,No,Upper Lake,California,70,49-72,Two Year,DSL,Bank Withdrawal,80.6,5460.2,8526.9,3,68,5880,0,No,,,Normal
6198-ZFIOJ,Female,50,No,No,No,Willits,California,5,0-12,Month-to-Month,Fiber Optic,Bank Withdrawal,75.6,402.5,509.0,3,27,3469,0,No,,,Normal
5989-OMNJE,Female,42,No,Yes,No,Windsor,California,24,13-24,One Year,DSL,Bank Withdrawal,57.6,1367.75,1367.75,4,70,5623,0,No,,,Normal
1291-CUOCY,Male,55,No,Yes,No,Yorkville,California,72,49-72,Two Year,Fiber Optic,Credit Card,110.6,7962.2,8273.24,3,64,5444,0,No,,,Normal
9795-SHUHB,Female,26,No,Yes,No,The Sea Ranch,California,66,49-72,Two Year,Cable,Credit Card,58.2,3810.8,5412.62,3,79,5313,0,No,,,High Risk
3230-IUALN,Female,41,No,Yes,No,Eureka,California,45,25-48,Two Year,Cable,Credit Card,81.0,3533.6,4704.05,3,56,2934,0,No,,,Normal
0042-RLHYP,Female,47,No,Yes,Yes,Eureka,California,69,49-72,Two Year,,Bank Withdrawal,19.7,1396.9,4045.81,5,76,4131,0,No,,,Normal
4945-RVMTE,Female,57,No,No,No,Blocksburg,California,28,25-48,Month-to-Month,Cable,Bank Withdrawal,59.55,1646.45,2737.61,3,37,3354,0,No,,,Normal
1866-NXPSP,Female,48,No,No,No,Arcata,California,36,25-48,One Year,Cable,Credit Card,75.55,2680.15,3932.15,4,22,3235,0,No,,,Normal
3941-XTSKM,Male,32,No,Yes,No,Burnt Ranch,California,42,25-48,One Year,DSL,Credit Card,45.1,2049.05,2049.05,4,71,3844,0,No,,,Normal
1661-CZBAU,Male,50,No,No,No,Carlotta,California,48,25-48,One Year,DSL,Bank Withdrawal,70.95,3629.2,5777.68,3,56,2667,0,No,,,Normal
5158-RIVOP,Female,32,No,Yes,Yes,Fields Landing,California,11,0-12,Two Year,,Credit Card,20.9,202.3,230.02,5,63,5359,0,No,,,Normal
9788-YTFGE,Male,47,No,No,No,Fortuna,California,7,0-12,Month-to-Month,,Credit Card,19.95,147.5,244.52,3,38,3331,0,No,,,Normal
1907-YLNYW,Male,47,No,No,No,Gasquet,California,8,0-12,Month-to-Month,DSL,Bank Withdrawal,66.7,579.0,908.04,3,35,4490,0,No,,,Normal
8947-YRTDV,Male,42,No,Yes,Yes,Hoopa,California,32,25-48,One Year,Fiber Optic,Credit Card,94.8,3131.55,4559.39,4,52,5288,0,No,,,Normal
3161-ONRWK,Male,35,No,Yes,No,Hydesville,California,60,49-72,One Year,DSL,Bank Withdrawal,65.85,3928.3,6542.5,3,48,4053,0,No,,,Normal
0114-RSRRW,Female,21,No,Yes,No,Klamath,California,10,0-12,Month-to-Month,,Bank Withdrawal,19.95,187.75,683.75,4,54,3831,0,No,,,Normal
4565-NLZBV,Female,33,No,Yes,No,Kneeland,California,71,49-72,Two Year,,Bank Withdrawal,24.65,1710.15,4789.42,4,42,4015,0,No,,,Normal
6682-VCIXC,Female,61,No,Yes,No,Mad River,California,43,25-48,One Year,Cable,Bank Withdrawal,51.25,2151.6,2151.6,3,43,5656,0,No,,,Normal
6475-VHUIZ,Female,47,No,Yes,No,Myers Flat,California,23,13-24,Month-to-Month,Cable,Bank Withdrawal,54.25,1221.55,2116.94,5,49,5140,0,No,,,Normal
3910-MRQOY,Female,28,No,Yes,No,Orick,California,72,49-72,Two Year,,Bank Withdrawal,19.4,1496.45,2423.09,3,79,5398,0,No,,,High Risk
0661-WCQNQ,Male,56,No,Yes,No,Orleans,California,22,13-24,One Year,DSL,Credit Card,56.25,1292.2,1561.16,4,28,3733,0,No,,,Normal
4656-CAURT,Male,57,No,No,No,Phillipsville,California,69,49-72,Two Year,,Bank Withdrawal,23.95,1713.1,3247.66,3,31,6059,0,No,,,Normal
0121-SNYRK,Male,45,No,No,No,Redway,California,50,49-72,One Year,DSL,Credit Card,35.4,1748.9,1748.9,3,36,5052,0,No,,,Normal
3733-LSYCE,Female,22,No,Yes,No,Samoa,California,15,13-24,Month-to-Month,Fiber Optic,Bank Withdrawal,75.35,1114.55,1565.9,5,67,4891,0,No,,,Normal
6265-FRMTQ,Male,56,No,No,No,Scotia,California,31,25-48,Two Year,,Bank Withdrawal,20.4,609.1,1402.08,3,29,5363,0,No,,,Normal
1371-DWPAZ,Female,64,No,Yes,No,Redcrest,California,10,0-12,Two Year,DSL,Credit Card,56.05,560.5,560.5,4,30,4740,0,No,,,Normal
2017-CCBLH,Female,55,No,No,No,Weott,California,8,0-12,Two Year,,Credit Card,20.0,141.6,329.28,3,71,3087,0,No,,,Normal
7690-KPNCU,Male,20,No,Yes,No,Willow Creek,California,64,49-72,One Year,DSL,Credit Card,73.05,4688.65,6393.61,3,28,4515,0,No,,,Normal
0536-BGFMZ,Female,27,No,Yes,No,Leggett,California,28,25-48,Month-to-Month,,Credit Card,20.5,563.05,1748.29,4,41,5145,0,No,,,Normal
2293-IJWPS,Female,39,No,Yes,No,Piercy,California,57,49-72,One Year,Fiber Optic,Credit Card,100.75,5985.0,6197.04,3,31,6354,0,No,,,Normal
5469-NUJUR,Male,58,No,No,No,Zenia,California,19,13-24,Two Year,,Credit Card,19.95,373.5,736.4000000000001,4,50,2831,0,No,,,Normal
2625-TRCZQ,Female,21,No,Yes,No,Auburn,California,51,49-72,Month-to-Month,DSL,Bank Withdrawal,49.65,2553.35,2553.35,3,30,5528,0,No,,,Normal
4102-HLENU,Female,51,No,Yes,No,Auburn,California,67,49-72,Two Year,Cable,Credit Card,65.65,4322.85,5852.46,3,20,5441,0,No,,,Normal
7266-GSSJX,Male,43,No,Yes,Yes,West Sacramento,California,11,0-12,Month-to-Month,,Bank Withdrawal,20.45,250.8,434.17,5,28,2606,0,No,,,Normal
7722-VJRQD,Male,38,No,Yes,No,Brooks,California,72,49-72,Two Year,Cable,Bank Withdrawal,60.95,4549.05,4549.05,4,21,4147,0,No,,,Normal
7073-QETQY,Male,59,No,Yes,No,Capay,California,66,49-72,One Year,,Bank Withdrawal,20.35,1359.5,4331.48,5,22,4845,0,No,,,Normal
5624-RYAMH,Female,43,No,No,No,Citrus Heights,California,9,0-12,Month-to-Month,,Bank Withdrawal,19.5,178.85,601.31,4,64,4283,0,No,,,Normal
0196-JTUQI,Female,59,No,No,No,Clarksburg,California,9,0-12,Month-to-Month,Fiber Optic,Credit Card,75.2,633.85,717.28,5,68,5841,0,No,,,Normal
7130-YXBRO,Male,28,No,Yes,No,Cool,California,48,25-48,Month-to-Month,Fiber Optic,Bank Withdrawal,111.45,5315.1,6388.38,3,74,2319,0,No,,,Normal
9272-LSVYH,Male,23,No,No,No,Courtland,California,10,0-12,Month-to-Month,Fiber Optic,Credit Card,70.15,735.5,778.4,3,78,3963,0,No,,,Normal
3084-DOWLE,Female,47,No,Yes,No,Citrus Heights,California,72,49-72,Two Year,DSL,Bank Withdrawal,92.0,6474.4,9701.28,3,42,6434,0,No,,,Normal
1084-MNSMJ,Female,63,No,Yes,No,El Dorado,California,51,49-72,Two Year,DSL,Credit Card,85.5,4421.95,6152.38,3,43,6261,0,No,,,Normal
6250-CGGUN,Male,41,No,No,No,Esparto,California,54,49-72,One Year,Fiber Optic,Bank Withdrawal,84.4,4484.05,6139.6900000000005,3,31,4154,0,No,,,Normal
5478-JJVZK,Female,38,No,No,No,Fair Oaks,California,33,25-48,Month-to-Month,DSL,Credit Card,60.9,2033.85,2551.62,4,36,3009,0,No,,,Normal
7596-IIWYC,Female,62,No,No,No,Fiddletown,California,27,25-48,Two Year,,Bank Withdrawal,20.25,538.2,1503.9900000000002,3,79,5250,0,No,,,High Risk
9793-WECQC,Male,53,No,No,No,Foresthill,California,23,13-24,Month-to-Month,Fiber Optic,Credit Card,95.3,2192.9,3301.73,3,68,5029,0,No,,,Normal
8999-YPYBV,Male,63,No,Yes,No,Garden Valley,California,45,25-48,Two Year,Cable,Credit Card,84.35,3858.05,5244.05,3,35,3403,0,No,,,Normal
1839-FBNFR,Female,35,No,Yes,Yes,Georgetown,California,39,25-48,Two Year,,Bank Withdrawal,19.85,854.8,2125.03,5,72,3032,0,No,,,Normal
3071-MVJCD,Male,40,No,Yes,No,Grizzly Flats,California,72,49-72,Two Year,Cable,Bank Withdrawal,82.3,5815.15,9302.83,3,60,4162,0,No,,,Normal
1697-BCSHV,Female,44,No,Yes,Yes,Guinda,California,58,49-72,Month-to-Month,DSL,Bank Withdrawal,66.8,3970.4,6528.200000000001,5,70,6433,0,No,,,Normal
0562-KBDVM,Female,62,No,No,No,Herald,California,70,49-72,Two Year,DSL,Bank Withdrawal,44.6,3058.15,3058.15,3,26,4442,0,No,,,Normal
1131-SUEKT,Male,41,No,Yes,Yes,Hood,California,61,49-72,One Year,Fiber Optic,Bank Withdrawal,98.45,6145.2,8680.97,3,64,4000,0,No,,,Normal
4538-WNTMJ,Female,39,No,Yes,No,Isleton,California,46,25-48,One Year,,Credit Card,24.95,1165.9,1377.5,3,58,3979,0,No,,,Normal
9432-RUVSL,Female,43,No,No,No,Kirkwood,California,48,25-48,Two Year,Fiber Optic,Credit Card,102.5,4904.25,5818.17,3,75,3262,0,No,,,Normal
8060-HIWJJ,Male,35,No,No,No,Lincoln,California,64,49-72,Two Year,DSL,Credit Card,86.55,5632.55,6553.51,4,57,4934,0,No,,,Normal
7684-XSZIY,Male,53,No,Yes,Yes,Loomis,California,72,49-72,Two Year,,Bank Withdrawal,24.3,1643.25,3113.49,4,43,5160,0,No,,,Normal
9089-UOWJG,Female,51,No,Yes,Yes,Lotus,California,12,0-12,Month-to-Month,DSL,Credit Card,58.35,740.55,836.1899999999999,4,29,5068,0,No,,,Normal
8039-ACLPL,Female,29,No,Yes,No,Mather,California,72,49-72,Two Year,DSL,Credit Card,68.75,4888.2,5775.24,3,52,4505,0,No,,,Normal
9885-AIBVB,Male,62,No,Yes,No,Newcastle,California,29,25-48,Month-to-Month,Fiber Optic,Bank Withdrawal,85.8,2440.25,3735.75,3,70,2568,0,No,,,Normal
1934-MKPXS,Male,21,No,Yes,No,Nicolaus,California,33,25-48,One Year,,Credit Card,20.1,620.55,2249.76,5,59,3636,0,No,,,Normal
2272-JKMSI,Female,42,No,Yes,Yes,Roseville,California,62,49-72,One Year,Fiber Optic,Bank Withdrawal,110.8,6840.95,7662.45,4,49,4306,0,No,,,Normal
8714-CTZJW,Female,24,No,No,No,Pilot Hill,California,4,0-12,Month-to-Month,Fiber Optic,Credit Card,82.85,319.6,398.96,3,80,3154,0,No,,,Normal
3569-EDBPQ,Female,44,No,No,No,Pine Grove,California,24,13-24,Month-to-Month,Fiber Optic,Bank Withdrawal,84.35,1938.05,2557.49,3,31,2198,0,No,,,Normal
3131-NWVFJ,Female,56,No,Yes,No,Pioneer,California,14,13-24,One Year,,Mailed Check,19.55,294.5,560.9200000000001,3,47,5620,0,No,,,Normal
2373-NTKOD,Male,40,No,No,No,Rancho Cordova,California,8,0-12,Month-to-Month,Cable,Bank Withdrawal,66.25,546.45,752.21,5,60,3026,0,No,,,Normal
1970-KKFWL,Female,38,No,No,No,Rescue,California,35,25-48,Two Year,,Bank Withdrawal,23.3,797.1,1025.3,3,78,2416,0,No,,,Normal
9337-SRRNI,Male,64,No,No,Yes,Rio Oso,California,66,49-72,Two Year,,Credit Card,25.3,1673.8,3245.26,4,56,6019,0,No,,,Normal
0895-UADGO,Male,46,No,No,No,River Pines,California,8,0-12,Two Year,Cable,Mailed Check,44.55,343.45,343.45,3,66,5489,0,No,,,Normal
5678-VFNEQ,Female,19,No,Yes,No,Rocklin,California,71,49-72,One Year,Fiber Optic,Credit Card,104.1,7412.25,7723.94,4,45,4695,0,No,,,Normal
5977-CKHON,Female,59,No,Yes,Yes,Roseville,California,43,25-48,Month-to-Month,Fiber Optic,Bank Withdrawal,92.55,4039.0,5221.07,3,37,3853,0,No,,,Normal
1830-GGFNM,Male,35,No,Yes,Yes,Somerset,California,65,49-72,Two Year,Fiber Optic,Credit Card,94.55,6078.75,7348.2,4,36,4603,0,No,,,Normal
5302-BDJNT,Male,27,No,No,No,Sutter Creek,California,35,25-48,Month-to-Month,Fiber Optic,Bank Withdrawal,95.5,3418.2,5014.9,3,27,3715,0,No,,,Normal
5223-UZAVK,Male,51,No,No,No,Thornton,California,64,49-72,One Year,Fiber Optic,Credit Card,100.3,6603.8,7240.6,5,77,4986,0,No,,,Normal
4859-ZSRDZ,Female,58,No,Yes,No,Vacaville,California,58,49-72,Two Year,Cable,Credit Card,55.5,3166.9,3166.9,3,69,4080,0,No,,,Normal
9350-VLHMB,Male,38,No,Yes,Yes,Volcano,California,67,49-72,Month-to-Month,Fiber Optic,Bank Withdrawal,89.55,6373.1,6785.150000000001,4,45,6111,0,No,,,Normal
3498-LZGQZ,Male,59,No,Yes,Yes,Walnut Grove,California,63,49-72,Two Year,,Mailed Check,19.15,1177.05,3073.3500000000004,5,38,6373,0,No,,,Normal
8785-CJSHH,Female,22,No,Yes,No,West Sacramento,California,60,49-72,Month-to-Month,Fiber Optic,Bank Withdrawal,99.8,5985.75,8054.549999999999,4,38,6213,0,No,,,Normal
3870-SPZSI,Female,56,No,Yes,Yes,Wilton,California,70,49-72,Two Year,Fiber Optic,Credit Card,113.05,7869.05,10196.55,5,54,4203,0,No,,,Normal
7560-QRBXH,Female,32,No,No,No,Woodland,California,48,25-48,One Year,,Mailed Check,19.95,936.7,1377.8200000000002,3,21,3396,0,No,,,Normal
7077-XJMET,Male,63,No,Yes,No,Alta,California,12,0-12,Month-to-Month,DSL,Bank Withdrawal,74.15,741.4,1334.08,4,52,5426,0,No,,,Normal
4652-ODEVH,Male,43,No,Yes,Yes,Dutch Flat,California,45,25-48,Two Year,,Mailed Check,24.45,1088.25,3217.2000000000003,5,57,3586,0,No,,,Normal
6510-UPNKS,Female,21,No,No,No,Emigrant Gap,California,23,13-24,One Year,,Credit Card,24.8,615.35,1622.06,3,46,4402,0,No,,,Normal
6718-BDGHG,Female,64,No,Yes,No,Gold Run,California,43,25-48,One Year,DSL,Bank Withdrawal,64.85,2908.2,3466.34,3,72,4000,0,No,,,Normal
9046-DQMTP,Male,49,No,No,No,Kyburz,California,35,25-48,Month-to-Month,,Bank Withdrawal,20.75,739.9,1367.1,3,75,5876,0,No,,,High Risk
6439-LAJXL,Male,47,No,Yes,No,Echo Lake,California,9,0-12,Month-to-Month,DSL,Mailed Check,68.95,593.85,905.61,3,29,2452,0,No,,,Normal
1666-JZPZT,Male,61,No,No,No,Twin Bridges,California,27,25-48,Month-to-Month,Cable,Mailed Check,49.0,1291.35,1363.98,3,51,5428,0,No,,,Normal
5777-KJIRB,Female,61,No,No,No,Weimar,California,40,25-48,One Year,Cable,Credit Card,50.25,2023.55,2954.75,5,25,2449,0,No,,,Normal
7677-SJJJK,Male,26,No,Yes,No,Granite Bay,California,8,0-12,One Year,,Credit Card,19.9,153.95,541.0699999999999,5,29,3152,0,No,,,Normal
3253-HKOKL,Female,31,No,Yes,Yes,Elk Grove,California,52,49-72,One Year,Fiber Optic,Bank Withdrawal,100.3,5244.45,5659.93,3,29,4811,0,No,,,Normal
5514-YQENT,Male,29,No,No,Yes,Rocklin,California,41,25-48,Two Year,Fiber Optic,Bank Withdrawal,111.15,4507.15,5760.929999999999,5,32,5038,0,No,,,Normal
3211-AAPKX,Male,26,No,No,No,Woodland,California,20,13-24,Month-to-Month,Fiber Optic,Mailed Check,98.55,2031.95,2496.35,3,42,3300,0,No,,,Normal
2958-NHPPS,Male,45,No,No,No,Sacramento,California,23,13-24,Month-to-Month,,Bank Withdrawal,20.85,473.9,1286.26,5,53,4263,0,No,,,Normal
1735-XMJVH,Male,51,No,Yes,Yes,Sacramento,California,8,0-12,Month-to-Month,,Mailed Check,19.35,152.6,431.56,3,58,5416,0,No,,,Normal
6890-PFRQX,Male,56,No,No,No,Sacramento,California,18,13-24,Month-to-Month,DSL,Mailed Check,69.5,1199.4,1419.18,3,24,4466,0,No,,,Normal
5899-OUVKV,Male,56,No,No,No,Sacramento,California,31,25-48,Month-to-Month,Fiber Optic,Bank Withdrawal,94.5,2979.2,4402.719999999999,3,42,3949,0,No,,,Normal
8681-ICONS,Male,20,No,Yes,Yes,Sacramento,California,29,25-48,Month-to-Month,,Mailed Check,20.65,654.85,1369.41,3,72,4667,0,No,,,Normal
1621-YNCJH,Female,54,No,Yes,No,Sacramento,California,36,25-48,Two Year,Fiber Optic,Credit Card,106.05,3834.4,4577.04,3,25,4505,0,No,,,Normal
6362-QHAFM,Male,53,No,Yes,No,Sacramento,California,42,25-48,One Year,Fiber Optic,Bank Withdrawal,108.3,4586.15,6369.049999999999,3,63,5106,0,No,,,Normal
3070-BDOQC,Female,38,No,No,No,Sacramento,California,60,49-72,Two Year,Fiber Optic,Bank Withdrawal,99.65,5941.05,6949.65,4,41,4616,0,No,,,Normal
6234-PFPXL,Male,42,No,Yes,No,Sacramento,California,22,13-24,Month-to-Month,Fiber Optic,Credit Card,95.9,2234.95,3018.59,3,56,3207,0,No,,,Normal
9824-QCJPK,Male,47,No,Yes,No,Sacramento,California,36,25-48,One Year,,Mailed Check,20.0,666.75,1450.47,3,60,4175,0,No,,,Normal
4283-IVYCI,Male,40,No,No,No,Sacramento,California,9,0-12,Month-to-Month,Cable,Credit Card,64.95,547.8,795.5699999999999,3,66,3013,0,No,,,Normal
8205-MQUGY,Male,39,No,Yes,Yes,Sacramento,California,12,0-12,Month-to-Month,Cable,Bank Withdrawal,49.2,571.15,766.11,3,37,3582,0,No,,,Normal
8970-ANWXO,Female,37,No,No,No,Sacramento,California,23,13-24,One Year,DSL,Credit Card,73.75,1756.6,2562.29,3,28,3483,0,No,,,Normal
9480-BQJEI,Male,35,No,No,No,Sacramento,California,62,49-72,One Year,Fiber Optic,Bank Withdrawal,92.3,5731.45,7241.15,4,58,6468,0,No,,,Normal
6979-TNDEU,Female,42,No,No,No,Sacramento,California,8,0-12,Month-to-Month,,Credit Card,19.2,156.85,271.41,3,42,2879,0,No,,,Normal
9777-WJJPR,Male,46,No,Yes,No,Sacramento,California,31,25-48,Month-to-Month,Fiber Optic,Credit Card,88.65,2683.2,3606.07,4,48,4821,0,No,,,Normal
9495-SKLKD,Male,54,No,Yes,Yes,Marysville,California,45,25-48,Month-to-Month,Fiber Optic,Bank Withdrawal,95.95,4456.65,5460.599999999999,5,63,5322,0,No,,,Normal
6281-FKEWS,Female,58,No,No,No,Berry Creek,California,44,25-48,One Year,Cable,Bank Withdrawal,49.05,2265.0,2265.0,5,68,3910,0,No,,,Normal
8898-KASCD,Male,41,No,No,No,Biggs,California,39,25-48,One Year,DSL,Credit Card,35.55,1309.15,1309.15,3,76,3752,0,No,,,Normal
9242-TKFSV,Male,53,No,Yes,No,Browns Valley,California,72,49-72,Two Year,DSL,Credit Card,65.1,4754.3,4754.3,4,30,4969,0,No,,,Normal
0743-HNPFG,Female,50,No,Yes,No,Butte City,California,51,49-72,One Year,DSL,Credit Card,69.75,3562.5,4477.95,3,50,5628,0,No,,,Normal
5035-PGZXH,Female,49,No,No,No,Chico,California,56,49-72,One Year,Fiber Optic,Bank Withdrawal,106.8,5914.4,7760.48,3,49,6161,0,No,,,Normal
6543-JXSOO,Female,30,No,Yes,No,Clipper Mills,California,23,13-24,One Year,DSL,Credit Card,57.75,1282.85,1579.09,3,22,3794,0,No,,,Normal
6416-YJTTB,Male,20,No,No,No,Downieville,California,11,0-12,Month-to-Month,Fiber Optic,Bank Withdrawal,79.5,795.65,888.93,4,57,2278,0,No,,,Normal
4472-VESGY,Female,41,No,Yes,Yes,Durham,California,52,49-72,Month-to-Month,Fiber Optic,Bank Withdrawal,98.15,4993.4,6610.08,4,48,5123,0,No,,,Normal
3128-YOVTD,Female,29,No,Yes,Yes,Forbestown,California,51,49-72,Month-to-Month,Fiber Optic,Bank Withdrawal,79.15,4018.55,4147.58,3,64,6321,0,No,,,Normal
7041-TXQJH,Female,64,No,No,No,Goodyears Bar,California,37,25-48,Month-to-Month,Cable,Credit Card,40.2,1478.85,1478.85,5,20,5924,0,No,,,Normal
5014-GSOUQ,Male,59,No,No,No,Grass Valley,California,13,13-24,Two Year,,Credit Card,19.95,243.65,487.14,4,63,2884,0,No,,,Normal
5724-BIDBU,Male,29,No,Yes,No,Penn Valley,California,49,49-72,One Year,Cable,Bank Withdrawal,55.35,2633.95,4701.26,3,26,5601,0,No,,,Normal
1769-GRUIK,Female,19,No,No,No,Gridley,California,18,13-24,Month-to-Month,Fiber Optic,Bank Withdrawal,71.1,1247.75,1447.43,5,28,4911,0,No,,,Normal
8819-WFGGJ,Male,42,No,Yes,No,Grimes,California,68,49-72,Two Year,Cable,Bank Withdrawal,54.1,3794.5,3794.5,3,30,4601,0,No,,,Normal
7427-AUFPY,Male,27,No,No,No,Hamilton City,California,54,49-72,Two Year,,Credit Card,19.65,1008.7,2397.58,5,70,5708,0,No,,,Normal
7898-PDWQE,Male,22,No,Yes,No,Maxwell,California,71,49-72,Two Year,DSL,Credit Card,80.4,5727.15,7007.99,3,20,5228,0,No,,,Normal
9972-EWRJS,Female,56,No,Yes,Yes,Meadow Valley,California,67,49-72,Two Year,,Bank Withdrawal,19.25,1372.9,4639.15,4,61,5154,0,No,,,Normal
9314-IJWSQ,Female,46,No,Yes,Yes,Meridian,California,14,13-24,Month-to-Month,Fiber Optic,Bank Withdrawal,84.8,1203.9,1576.02,3,80,2452,0,No,,,Normal
5799-JRCZO,Female,48,No,No,Yes,North San Juan,California,63,49-72,Two Year,,Credit Card,19.5,1215.1,2747.26,5,44,4370,0,No,,,Normal
1921-KYSAY,Female,36,No,No,No,Olivehurst,California,41,25-48,One Year,DSL,Bank Withdrawal,68.6,2877.05,4391.18,4,34,4572,0,No,,,Normal
6198-RTPMF,Female,46,No,Yes,No,Oregon House,California,17,13-24,Month-to-Month,Fiber Optic,Bank Withdrawal,92.6,1579.7,1736.44,4,32,4756,0,No,,,Normal
2924-KHUVI,Male,28,No,Yes,No,Orland,California,56,49-72,One Year,Fiber Optic,Bank Withdrawal,100.55,5514.95,8141.35,3,61,4847,0,No,,,Normal
1925-GMVBW,Female,49,No,No,No,Oroville,California,5,0-12,Month-to-Month,,Credit Card,20.55,96.1,218.75,3,23,5967,0,No,,,Normal
9207-ZPANB,Male,42,No,No,No,Paradise,California,37,25-48,One Year,DSL,Bank Withdrawal,67.45,2443.3,2925.78,3,37,5042,0,No,,,Normal
9327-QSDED,Male,44,No,No,No,Quincy,California,8,0-12,Month-to-Month,DSL,Credit Card,43.55,335.4,401.56,5,60,3266,0,No,,,Normal
1656-DRSMG,Female,40,No,No,No,Chico,California,63,49-72,Month-to-Month,Fiber Optic,Credit Card,109.85,7002.95,8200.58,5,66,5775,0,No,,,Normal
3012-VFFMN,Female,61,No,Yes,Yes,Richvale,California,7,0-12,Month-to-Month,,Credit Card,20.65,158.95,194.02,3,74,4058,0,No,,,Normal
0640-YJTPY,Male,19,No,Yes,Yes,Smartville,California,72,49-72,Two Year,,Bank Withdrawal,21.0,1493.75,1904.15,5,71,4974,0,No,,,Normal
8096-LOIST,Female,57,No,No,No,Stirling City,California,19,13-24,Month-to-Month,Cable,Bank Withdrawal,56.2,1093.4,1857.58,5,38,3384,0,No,,,Normal
9764-REAFF,Female,60,No,Yes,No,Stonyford,California,59,49-72,Two Year,,Bank Withdrawal,18.4,1057.85,2650.26,4,20,4375,0,No,,,Normal
7107-UBYKY,Female,62,No,Yes,Yes,Sutter,California,35,25-48,Month-to-Month,,Bank Withdrawal,25.75,882.55,1749.15,5,49,4194,0,No,,,Normal
4881-GQJTW,Male,64,No,No,No,Taylorsville,California,14,13-24,Month-to-Month,,Credit Card,19.6,300.4,419.96,4,40,2847,0,No,,,Normal
7876-DNYAP,Female,29,No,Yes,Yes,Washington,California,69,49-72,Two Year,,Credit Card,19.8,1436.95,2015.86,5,36,5423,0,No,,,Normal
2882-WDTBA,Male,64,No,Yes,No,Willows,California,69,49-72,Two Year,Cable,Bank Withdrawal,75.75,5388.15,8446.92,4,75,5839,0,No,,,High Risk
2091-GPPIQ,Female,56,No,Yes,No,Yuba City,California,72,49-72,Two Year,Cable,Bank Withdrawal,78.95,5730.15,7605.03,5,76,5050,0,No,,,High Risk
5071-FBJFS,Female,61,No,Yes,Yes,Redding,California,4,0-12,Month-to-Month,Cable,Bank Withdrawal,50.3,217.1,395.66,3,73,3147,0,No,,,Normal
2796-UUZZO,Male,30,No,Yes,Yes,Redding,California,63,49-72,Month-to-Month,Fiber Optic,Credit Card,80.3,4896.35,6125.79,4,66,5157,0,No,,,Normal
2429-AYKKO,Male,52,No,No,No,Redding,California,72,49-72,Two Year,,Bank Withdrawal,19.85,1434.1,1681.06,5,22,4790,0,No,,,Normal
9798-OPFEM,Female,42,No,No,No,Adin,California,46,25-48,Two Year,,Bank Withdrawal,21.1,937.1,2444.98,5,37,4791,0,No,,,Normal
3794-NFNCH,Male,53,No,Yes,No,Bella Vista,California,30,25-48,Month-to-Month,DSL,Credit Card,50.0,1474.9,2169.7,4,29,4715,0,No,,,Normal
5193-QLVZB,Male,52,No,No,No,Bieber,California,63,49-72,Two Year,Fiber Optic,Bank Withdrawal,104.75,6536.5,9607.75,5,30,5882,0,No,,,Normal
7114-AEOZE,Female,53,No,No,No,Big Bar,California,60,49-72,Two Year,,Bank Withdrawal,19.85,1128.1,2995.3,4,58,6213,0,No,,,Normal
5522-NYKPB,Male,26,No,Yes,Yes,Burney,California,25,25-48,Month-to-Month,Fiber Optic,Bank Withdrawal,85.9,2199.05,2493.8,3,79,3153,0,No,,,Normal
6518-KZXCB,Male,61,No,No,No,Cassel,California,22,13-24,Two Year,,Credit Card,25.25,566.5,671.88,4,61,3403,0,No,,,Normal
2245-ADZFJ,Female,58,No,Yes,No,Castella,California,31,25-48,Two Year,DSL,Bank Withdrawal,80.55,2471.6,3355.72,4,24,3491,0,No,,,Normal
7776-QGYJC,Female,64,No,Yes,Yes,Shasta Lake,California,39,25-48,Month-to-Month,Fiber Optic,Bank Withdrawal,81.5,3107.3,4693.82,5,25,2042,0,No,,,Normal
9313-QOLTZ,Male,31,No,No,No,Chester,California,26,25-48,Month-to-Month,,Credit Card,20.9,518.3,1343.28,3,51,5895,0,No,,,Normal
4672-FOTSD,Male,54,No,No,No,Dorris,California,12,0-12,Month-to-Month,DSL,Bank Withdrawal,67.25,832.3,1381.9,3,56,4334,0,No,,,Normal
7338-ERIVA,Male,40,No,No,No,Etna,California,39,25-48,One Year,DSL,Bank Withdrawal,45.05,1790.6,1790.6,3,61,4003,0,No,,,Normal
8259-NFJTV,Female,37,No,Yes,Yes,Flournoy,California,7,0-12,Month-to-Month,Cable,Credit Card,34.65,246.6,246.6,3,45,5996,0,No,,,Normal
6968-GMKPR,Female,39,No,No,No,French Gulch,California,55,49-72,Month-to-Month,Fiber Optic,Bank Withdrawal,81.55,4509.5,5738.2,3,80,5167,0,No,,,High Risk
4751-ERMAN,Male,43,No,Yes,No,Gazelle,California,72,49-72,Two Year,Cable,Bank Withdrawal,75.4,5480.25,8515.77,3,35,4171,0,No,,,Normal
1436-ZMJAN,Female,62,No,Yes,No,Gerber,California,10,0-12,Month-to-Month,Cable,Credit Card,67.8,653.15,1023.95,5,79,2709,0,No,,,Normal
0799-DDIHE,Female,24,No,Yes,Yes,Grenada,California,15,13-24,Month-to-Month,Cable,Bank Withdrawal,46.3,639.45,1003.5,5,68,3103,0,No,,,Normal
3070-FNFZQ,Female,48,No,Yes,Yes,Happy Camp,California,23,13-24,Two Year,,Bank Withdrawal,20.4,478.75,1389.3200000000002,4,33,4698,0,No,,,Normal
5014-WUQMG,Male,23,No,Yes,Yes,Hornbrook,California,47,25-48,One Year,Fiber Optic,Bank Withdrawal,96.1,4391.45,5124.18,3,68,5793,0,No,,,Normal
5312-TSZVC,Female,36,No,No,No,Hyampom,California,15,13-24,One Year,,Credit Card,19.65,270.6,624.0,5,34,4818,0,No,,,Normal
2782-JEEBU,Male,39,No,No,No,Los Molinos,California,21,13-24,Month-to-Month,DSL,Credit Card,36.0,780.15,780.15,4,64,3378,0,No,,,Normal
5127-BZENZ,Female,62,No,Yes,No,Mcarthur,California,56,49-72,One Year,DSL,Bank Withdrawal,65.2,3512.15,5736.469999999999,3,26,4775,0,No,,,Normal
2720-FVBQP,Female,28,No,Yes,Yes,Mccloud,California,6,0-12,Month-to-Month,Cable,Credit Card,48.95,273.25,422.23,3,30,3061,0,No,,,Normal
4522-XRWWI,Male,30,No,Yes,No,Manton,California,42,25-48,One Year,Cable,Credit Card,80.45,3375.9,4102.92,3,62,4397,0,No,,,Normal
3766-EJLFL,Female,55,No,Yes,Yes,Mill Creek,California,68,49-72,Two Year,Fiber Optic,Bank Withdrawal,109.05,7508.55,8761.11,4,80,6391,0,No,,,High Risk
5939-SXWHM,Male,59,No,Yes,Yes,Millville,California,48,25-48,Two Year,,Bank Withdrawal,26.3,1245.05,2240.09,3,72,2111,0,No,,,Normal
7643-RCHXS,Female,31,No,Yes,Yes,Montgomery Creek,California,63,49-72,Two Year,,Bank Withdrawal,19.35,1263.85,3899.77,4,23,4566,0,No,,,Normal
8246-SHFGA,Male,24,No,No,No,Mount Shasta,California,17,13-24,Month-to-Month,,Credit Card,21.1,385.55,963.89,3,78,2842,0,No,,,Normal
0620-XEFWH,Male,41,No,Yes,Yes,Oak Run,California,4,0-12,Month-to-Month,,Credit Card,18.85,84.2,240.36,4,63,5279,0,No,,,Normal
6485-QXWWE,Female,51,No,No,Yes,Old Station,California,62,49-72,Two Year,,Bank Withdrawal,26.0,1638.7,1814.16,3,46,4535,0,No,,,Normal
5327-CNLUQ,Male,33,No,Yes,No,Paynes Creek,California,48,25-48,Two Year,Fiber Optic,Bank Withdrawal,96.9,4473.45,4766.25,4,38,2613,0,No,,,Normal
7552-KEYGT,Male,53,No,Yes,No,Platina,California,27,25-48,Two Year,,Bank Withdrawal,19.55,520.55,1713.6799999999998,4,44,4430,0,No,,,Normal
5816-JMLGY,Female,28,No,Yes,No,Red Bluff,California,70,49-72,Two Year,DSL,Bank Withdrawal,80.4,5717.85,8502.45,5,28,6367,0,No,,,Normal
2927-QRRQV,Male,44,No,Yes,No,Scott Bar,California,46,25-48,One Year,Fiber Optic,Bank Withdrawal,94.65,4312.5,4778.48,4,79,4120,0,No,,,Normal
6265-SXWBU,Male,35,No,Yes,Yes,Shingletown,California,69,49-72,One Year,Fiber Optic,Credit Card,95.75,6511.25,9440.3,4,74,5561,0,No,,,High Risk
7941-RCJOW,Male,34,No,No,No,Tehama,California,65,49-72,Two Year,,Credit Card,19.55,1218.65,4124.15,5,76,4309,0,No,,,Normal
2387-KDZQY,Male,46,No,No,No,Weaverville,California,17,13-24,One Year,,Credit Card,20.1,279.5,816.7,4,51,2185,0,No,,,Normal
3584-WKTTW,Male,23,No,Yes,No,Weed,California,51,49-72,One Year,Fiber Optic,Bank Withdrawal,111.55,5720.35,7725.67,4,35,4053,0,No,,,Normal
3399-BMLVW,Male,40,No,Yes,No,Whitmore,California,51,49-72,Two Year,DSL,Credit Card,60.5,3121.45,3607.48,3,75,4994,0,No,,,Normal
1971-DTCZB,Female,52,No,Yes,No,Yreka,California,72,49-72,Two Year,DSL,Bank Withdrawal,90.95,6468.6,9538.68,3,54,6091,0,No,,,Normal
3374-PZLXD,Male,31,No,No,No,Blairsden Graeagle,California,34,25-48,Month-to-Month,,Credit Card,19.7,675.6,1917.28,3,73,4136,0,No,,,Normal
3813-DHBBB,Male,39,No,Yes,No,Cedarville,California,67,49-72,Two Year,DSL,Bank Withdrawal,50.95,3521.7,3521.7,3,77,6395,0,No,,,High Risk
2812-REYAT,Female,56,No,Yes,No,Chilcoot,California,49,49-72,One Year,,Bank Withdrawal,20.05,923.1,2006.0,5,72,5579,0,No,,,High Risk
6518-PPLMZ,Male,38,No,Yes,Yes,Clio,California,53,49-72,Two Year,,Credit Card,19.4,1110.35,2452.31,3,73,4497,0,No,,,Normal
4939-KYYPY,Male,55,No,No,No,Coleville,California,27,25-48,Month-to-Month,Cable,Bank Withdrawal,59.45,1611.65,2528.03,4,23,4818,0,No,,,Normal
5930-GBIWP,Male,46,No,No,No,Doyle,California,69,49-72,Two Year,Cable,Credit Card,81.5,5553.25,5776.81,4,45,5286,0,No,,,Normal
2361-UPSND,Female,45,No,Yes,No,Herlong,California,46,25-48,One Year,DSL,Credit Card,70.6,3231.05,5289.55,3,52,5433,0,No,,,Normal
6035-RIIOM,Female,39,No,No,No,Janesville,California,54,49-72,Two Year,Fiber Optic,Bank Withdrawal,97.2,5129.45,6833.15,5,55,4971,0,No,,,Normal
9504-DSHWM,Male,53,No,No,No,Litchfield,California,20,13-24,Month-to-Month,DSL,Bank Withdrawal,59.2,1191.2,1984.0,3,58,5924,0,No,,,Normal
5035-BVCXS,Male,20,No,No,No,Loyalton,California,11,0-12,Month-to-Month,Fiber Optic,Credit Card,75.9,866.4,1015.45,4,70,4278,0,No,,,Normal
3533-UVMOM,Male,56,No,Yes,No,Markleeville,California,68,49-72,Two Year,DSL,Bank Withdrawal,70.95,4741.45,5553.37,3,43,5036,0,No,,,Normal
9995-HOTOH,Male,36,No,Yes,No,Sierra City,California,63,49-72,Two Year,Cable,Bank Withdrawal,59.0,3707.6,3707.6,3,20,5639,0,No,,,Normal
1371-OJCEK,Female,25,No,No,No,Standish,California,48,25-48,One Year,,Bank Withdrawal,24.35,1133.7,1789.86,5,70,4200,0,No,,,Normal
4999-IEZLT,Male,45,No,No,No,Susanville,California,66,49-72,One Year,Cable,Credit Card,29.45,1983.15,1983.15,3,55,5112,0,No,,,Normal
8883-ANODQ,Female,44,No,Yes,Yes,Termo,California,68,49-72,Two Year,Fiber Optic,Credit Card,84.4,5746.75,7442.67,5,34,5045,0,No,,,Normal
2351-RRBUE,Female,20,No,Yes,No,Tulelake,California,7,0-12,One Year,,Mailed Check,20.65,134.05,425.53,4,70,3575,0,No,,,Normal
5980-BDHPY,Male,48,No,Yes,No,Wendel,California,72,49-72,Two Year,Cable,Bank Withdrawal,87.1,6230.1,7095.54,3,76,5993,0,No,,,High Risk
1498-DQNRX,Female,46,No,Yes,No,Westwood,California,29,25-48,Month-to-Month,,Mailed Check,19.85,573.05,738.06,4,59,2712,0,No,,,Normal
9469-WEJBT,Male,56,No,Yes,No,Carnelian Bay,California,37,25-48,Month-to-Month,Fiber Optic,Bank Withdrawal,90.35,3419.3,3827.93,3,76,3347,0,No,,,Normal
2581-VKIRT,Female,57,No,Yes,No,Kings Beach,California,59,49-72,One Year,Cable,Mailed Check,65.5,3801.3,4656.21,3,35,5631,0,No,,,Normal
2851-MMUTZ,Female,29,No,No,No,Tahoe Vista,California,27,25-48,Month-to-Month,Cable,Mailed Check,56.15,1439.35,1474.7199999999998,3,69,3056,0,No,,,Normal
3307-TLCUD,Male,36,No,Yes,No,Los Angeles,California,17,13-24,Month-to-Month,Cable,Mailed Check,34.4,592.75,592.75,3,45,4207,0,No,,,Normal
6625-FLENO,Male,31,No,Yes,No,Los Angeles,California,58,49-72,Two Year,,Credit Card,20.75,1185.95,2269.3900000000003,5,20,4927,0,No,,,Normal
8189-HBVRW,Female,50,No,No,No,Los Angeles,California,53,49-72,Month-to-Month,Fiber Optic,Bank Withdrawal,90.8,4921.2,5114.23,3,20,5249,0,No,,,Normal
4163-KIUHY,Male,21,No,No,No,Los Angeles,California,35,25-48,Month-to-Month,,Bank Withdrawal,25.6,901.25,2295.65,4,56,2980,0,No,,,Normal
3500-NSDOA,Male,35,No,Yes,No,Los Angeles,California,68,49-72,Two Year,Cable,Credit Card,70.8,4859.95,5616.11,4,61,5540,0,No,,,Normal
1171-TYKUR,Male,20,No,Yes,No,Los Angeles,California,47,25-48,Month-to-Month,,Bank Withdrawal,25.4,1139.2,1612.49,3,33,3159,0,No,,,Normal
1219-NNDDO,Female,51,No,No,No,Los Angeles,California,9,0-12,Month-to-Month,Fiber Optic,Bank Withdrawal,76.85,663.55,1045.2399999999998,5,38,4834,0,No,,,Normal
8388-DMKAE,Female,41,No,No,No,Los Angeles,California,8,0-12,Two Year,,Mailed Check,20.25,174.65,301.53,5,37,2653,0,No,,,Normal
4403-BWPAY,Male,40,No,No,No,Los Angeles,California,14,13-24,One Year,,Credit Card,24.8,321.7,790.7,4,22,4527,0,No,,,Normal
9659-QEQSY,Female,26,No,No,No,Los Angeles,California,45,25-48,Month-to-Month,Fiber Optic,Bank Withdrawal,115.65,5125.5,6643.35,3,75,3974,0,No,,,Normal
5405-ZMYXQ,Female,21,No,No,No,Los Angeles,California,8,0-12,Month-to-Month,Fiber Optic,Credit Card,74.6,548.9,559.14,5,57,2142,0,No,,,Normal
1442-OKRJE,Male,40,No,Yes,Yes,Los Angeles,California,66,49-72,One Year,Fiber Optic,Bank Withdrawal,103.15,7031.3,9635.0,4,80,4663,0,No,,,Normal
4737-AQCPU,Male,39,No,Yes,No,Los Angeles,California,72,49-72,Two Year,DSL,Credit Card,72.1,5016.65,8080.25,3,42,4658,0,No,,,Normal
2808-CHTDM,Female,47,No,Yes,Yes,Los Angeles,California,23,13-24,Two Year,,Mailed Check,25.1,611.45,1436.23,5,67,2267,0,No,,,Normal
0793-TWELN,Female,27,No,No,No,Los Angeles,California,4,0-12,Month-to-Month,Fiber Optic,Bank Withdrawal,80.15,319.85,345.85,3,62,2841,0,No,,,Normal
3283-WCWXT,Male,58,No,Yes,Yes,Los Angeles,California,6,0-12,Two Year,,Mailed Check,25.4,153.3,343.68,3,52,2882,0,No,,,Normal
5451-MHQOF,Male,64,No,Yes,No,Los Angeles,California,56,49-72,One Year,,Mailed Check,24.45,1431.65,3275.73,3,78,5623,0,No,,,High Risk
4836-WNFNO,Female,56,No,Yes,No,Los Angeles,California,72,49-72,Two Year,,Credit Card,25.0,1849.2,4727.76,4,35,6126,0,No,,,Normal
9225-BZLNZ,Male,64,No,Yes,No,Los Angeles,California,72,49-72,Two Year,DSL,Bank Withdrawal,85.25,6083.1,7276.860000000001,3,52,6275,0,No,,,Normal
0354-VXMJC,Male,60,No,Yes,Yes,Los Angeles,California,23,13-24,Two Year,,Credit Card,19.6,426.65,1209.57,5,35,4617,0,No,,,Normal
4422-QVIJA,Female,52,No,No,Yes,Los Angeles,California,35,25-48,Month-to-Month,DSL,Mailed Check,50.15,1655.35,3144.05,3,74,5879,0,No,,,High Risk
8332-OSJDW,Male,54,No,Yes,No,Los Angeles,California,12,0-12,One Year,,Mailed Check,26.4,314.95,856.75,4,65,3277,0,No,,,Normal
4735-BJKOU,Female,33,No,No,No,Los Angeles,California,40,25-48,Two Year,,Mailed Check,20.15,804.85,1139.25,5,64,3915,0,No,,,Normal
0274-JKUJR,Male,21,No,Yes,Yes,Los Angeles,California,7,0-12,Month-to-Month,Cable,Credit Card,58.85,465.7,465.7,3,76,3332,0,No,,,Normal
5740-YHGTW,Male,62,No,Yes,Yes,Los Angeles,California,70,49-72,Month-to-Month,Fiber Optic,Credit Card,97.55,6669.05,8935.650000000001,4,49,4551,0,No,,,Normal
8917-SZTTJ,Male,31,No,Yes,Yes,Los Angeles,California,60,49-72,Two Year,,Credit Card,19.65,1161.75,2480.55,5,50,6315,0,No,,,Normal
1696-MZVAU,Male,27,No,Yes,No,Los Angeles,California,39,25-48,One Year,DSL,Credit Card,25.25,947.75,947.75,3,21,4259,0,No,,,Normal
7359-WWYJV,Male,53,No,Yes,No,Los Angeles,California,72,49-72,Two Year,Fiber Optic,Credit Card,114.45,8375.05,8827.929999999998,4,53,6274,0,No,,,Normal
4906-ZHGPK,Male,49,No,Yes,No,Los Angeles,California,54,49-72,One Year,DSL,Bank Withdrawal,70.7,3770.0,6386.3,3,77,5276,0,No,,,High Risk
3795-GWTRD,Female,58,No,Yes,No,Los Angeles,California,63,49-72,Two Year,Cable,Credit Card,75.55,4707.85,5106.64,4,64,4626,0,No,,,Normal
1298-PHBTI,Male,40,No,Yes,Yes,Los Angeles,California,71,49-72,Two Year,Fiber Optic,Bank Withdrawal,84.8,6152.4,8542.97,3,43,5952,0,No,,,Normal
6223-DHJGV,Female,56,No,No,No,Los Angeles,California,42,25-48,One Year,,Credit Card,20.65,958.1,1934.6,4,49,5956,0,No,,,Normal
6961-MJKBO,Male,27,No,No,No,Los Angeles,California,47,25-48,Two Year,,Bank Withdrawal,20.45,943.0,1253.67,4,72,4342,0,No,,,Normal
8158-WPEZG,Male,20,No,No,No,Los Angeles,California,11,0-12,Month-to-Month,DSL,Bank Withdrawal,35.65,425.1,425.1,4,61,4986,0,No,,,Normal
0727-BNRLG,Male,41,No,No,No,Los Angeles,California,69,49-72,Two Year,Fiber Optic,Credit Card,97.65,6743.55,10148.7,3,20,5709,0,No,,,Normal
6435-SRWBJ,Female,21,No,No,No,Los Angeles,California,5,0-12,Month-to-Month,Fiber Optic,Bank Withdrawal,82.75,417.75,566.45,4,36,5269,0,No,,,Normal
9964-WBQDJ,Female,19,No,Yes,No,West Hollywood,California,71,49-72,Two Year,,Credit Card,24.4,1725.4,3480.52,5,56,4412,0,No,,,Normal
6303-KFWSL,Female,28,No,No,No,Los Angeles,California,29,25-48,One Year,DSL,Bank Withdrawal,55.25,1620.2,2761.3500000000004,4,55,5481,0,No,,,Normal
1702-CCFNJ,Male,39,No,Yes,No,Los Angeles,California,52,49-72,Month-to-Month,Cable,Bank Withdrawal,61.35,3169.55,5491.35,3,49,4729,0,No,,,Normal
8932-CZHRQ,Male,40,No,No,No,Bell,California,68,49-72,One Year,DSL,Credit Card,76.75,5233.25,6612.97,4,33,5395,0,No,,,Normal
0386-CWRGM,Female,61,No,Yes,Yes,Beverly Hills,California,46,25-48,Two Year,,Credit Card,19.4,967.85,3152.85,4,47,2320,0,No,,,Normal
5515-RUGKN,Male,63,No,No,No,Beverly Hills,California,8,0-12,Month-to-Month,DSL,Credit Card,54.75,438.05,682.29,5,53,5317,0,No,,,Normal
0404-AHASP,Male,23,No,Yes,No,Beverly Hills,California,72,49-72,Two Year,,Credit Card,19.7,1421.9,3435.74,3,36,6436,0,No,,,Normal
7279-NMVJC,Female,38,No,No,No,Compton,California,17,13-24,One Year,,Bank Withdrawal,19.9,323.15,758.69,4,70,2093,0,No,,,Normal
9060-HJJRW,Female,52,No,No,No,Culver City,California,51,49-72,One Year,DSL,Credit Card,56.4,2928.5,2928.5,4,62,4380,0,No,,,Normal
2587-YNLES,Female,52,No,Yes,Yes,Downey,California,6,0-12,Two Year,,Credit Card,20.1,100.35,250.65,4,42,5874,0,No,,,Normal
1958-RNRKS,Male,62,No,Yes,No,El Segundo,California,30,25-48,Month-to-Month,DSL,Bank Withdrawal,49.9,1441.95,1708.75,4,45,3712,0,No,,,Normal
5136-RGMZO,Male,39,No,No,No,Gardena,California,31,25-48,Month-to-Month,Cable,Bank Withdrawal,71.05,2168.15,2366.55,4,37,4443,0,No,,,Normal
8345-MVDYC,Female,57,No,No,No,Gardena,California,45,25-48,Two Year,DSL,Bank Withdrawal,81.65,3618.7,5301.25,3,41,5937,0,No,,,Normal
8226-BXGES,Male,30,No,Yes,No,Gardena,California,64,49-72,One Year,Fiber Optic,Bank Withdrawal,89.45,5692.65,6575.849999999999,3,67,5519,0,No,,,Normal
2040-XBAVJ,Male,51,No,Yes,Yes,Malibu,California,72,49-72,Two Year,Fiber Optic,Bank Withdrawal,114.45,8100.55,9896.95,3,32,4700,0,No,,,Normal
8887-IPQNC,Female,61,No,Yes,No,Manhattan Beach,California,7,0-12,Month-to-Month,DSL,Credit Card,44.25,313.45,533.46,5,58,5014,0,No,,,Normal
8646-JCOMS,Female,43,No,Yes,No,Maywood,California,66,49-72,One Year,Fiber Optic,Bank Withdrawal,90.55,6130.95,6904.47,5,38,4958,0,No,,,Normal
1222-KJNZD,Male,61,No,Yes,Yes,Palos Verdes Peninsula,California,40,25-48,Month-to-Month,,Bank Withdrawal,20.4,745.3,820.9,3,72,5918,0,No,,,High Risk
0106-GHRQR,Male,24,No,No,No,Rancho Palos Verdes,California,16,13-24,Month-to-Month,DSL,Bank Withdrawal,71.4,1212.1,1623.46,5,39,3360,0,No,,,Normal
3768-VHXQO,Male,19,No,Yes,No,Redondo Beach,California,67,49-72,Two Year,,Credit Card,24.85,1583.5,1803.26,4,51,4833,0,No,,,Normal
8952-WCVCD,Female,45,No,Yes,No,South Gate,California,41,25-48,One Year,Fiber Optic,Bank Withdrawal,104.45,4162.05,4565.900000000001,3,65,2719,0,No,,,Normal
2418-TPEUN,Female,58,No,Yes,Yes,Topanga,California,56,49-72,Two Year,,Credit Card,19.8,1119.9,3839.26,3,59,4681,0,No,,,Normal
3963-RYFNS,Female,25,No,No,No,Venice,California,72,49-72,Two Year,Fiber Optic,Bank Withdrawal,116.45,8013.55,11596.99,4,20,5567,0,No,,,Normal
8540-ZQGEA,Female,58,No,Yes,No,Playa Del Rey,California,54,49-72,Two Year,,Credit Card,20.05,1102.4,2869.28,5,40,4212,0,No,,,Normal
4137-JOPHL,Female,63,No,No,No,Inglewood,California,50,49-72,Two Year,Fiber Optic,Bank Withdrawal,89.7,4304.5,5794.5,4,45,5306,0,No,,,Normal
7801-CEDNV,Male,33,No,Yes,No,Inglewood,California,27,25-48,One Year,DSL,Credit Card,48.7,1421.75,1665.02,3,30,3560,0,No,,,Normal
3658-QQJYD,Male,56,No,No,No,Santa Monica,California,62,49-72,One Year,Cable,Credit Card,74.3,4698.05,7074.51,4,77,5974,0,No,,,High Risk
1803-BGNBD,Female,59,No,No,No,Santa Monica,California,12,0-12,Month-to-Month,DSL,Bank Withdrawal,54.3,654.5,1236.06,3,63,3854,0,No,,,Normal
6950-TWMYB,Male,31,No,Yes,Yes,Santa Monica,California,54,49-72,Two Year,Fiber Optic,Bank Withdrawal,79.95,4362.05,6883.85,3,48,4387,0,No,,,Normal
5848-FHRFC,Female,49,No,No,No,Santa Monica,California,68,49-72,Two Year,,Bank Withdrawal,20.05,1386.9,1579.34,4,63,5740,0,No,,,Normal
2243-FNMMI,Male,20,No,No,No,Torrance,California,20,13-24,Month-to-Month,,Credit Card,19.4,415.4,1035.8,3,32,4958,0,No,,,Normal
2511-MORQY,Male,46,No,Yes,No,Torrance,California,50,49-72,One Year,DSL,Bank Withdrawal,54.9,2614.1,3130.6,4,41,4322,0,No,,,Normal
5356-KZCKT,Male,42,No,No,No,Torrance,California,58,49-72,Two Year,,Credit Card,24.45,1513.6,1651.64,4,38,6490,0,No,,,Normal
9470-XCCEM,Male,41,No,Yes,Yes,Torrance,California,35,25-48,Month-to-Month,Fiber Optic,Bank Withdrawal,89.65,3161.6,4884.4,3,34,2622,0,No,,,Normal
3902-MIVLE,Male,35,No,Yes,No,Whittier,California,63,49-72,Two Year,DSL,Credit Card,75.7,4676.7,5442.15,3,62,5113,0,No,,,Normal
0409-WTMPL,Female,35,No,Yes,No,Whittier,California,58,49-72,One Year,Fiber Optic,Credit Card,110.65,6526.65,8727.75,3,55,4761,0,No,,,Normal
8763-KIAFH,Female,37,No,Yes,No,Whittier,California,27,25-48,One Year,,Credit Card,20.55,583.3,1149.22,4,31,2269,0,No,,,Normal
3669-WHAFY,Female,57,No,Yes,No,Whittier,California,71,49-72,Two Year,Fiber Optic,Credit Card,115.15,8078.1,8748.34,3,24,4144,0,No,,,Normal
3055-VTCGS,Female,35,No,No,No,Whittier,California,63,49-72,One Year,DSL,Credit Card,58.55,3503.5,5228.44,3,63,6312,0,No,,,Normal
3144-KMTWZ,Male,40,No,Yes,No,Whittier,California,71,49-72,Month-to-Month,Fiber Optic,Bank Withdrawal,93.25,6669.45,8645.21,4,63,6035,0,No,,,Normal
2007-QVGAW,Female,51,No,Yes,Yes,Cypress,California,68,49-72,Two Year,,Bank Withdrawal,19.35,1292.65,4462.13,4,27,6303,0,No,,,Normal
2155-AMQRX,Female,37,No,No,No,Norwalk,California,28,25-48,Month-to-Month,Cable,Credit Card,54.9,1505.15,1596.15,3,26,2885,0,No,,,Normal
6181-AXXYF,Male,54,No,Yes,Yes,Pico Rivera,California,72,49-72,Two Year,,Credit Card,24.75,1859.1,5292.78,4,71,4185,0,No,,,Normal
1568-LJSZU,Male,39,No,Yes,No,Harbor City,California,68,49-72,Two Year,DSL,Credit Card,92.2,6392.85,9002.69,3,43,4451,0,No,,,Normal
7416-CKTEP,Female,54,No,Yes,No,Lakewood,California,57,49-72,Two Year,,Bank Withdrawal,19.6,1134.25,2461.21,4,77,6064,0,No,,,High Risk
2586-CWXVV,Male,45,No,Yes,No,Hawaiian Gardens,California,54,49-72,Month-to-Month,Cable,Bank Withdrawal,30.4,1621.35,1621.35,4,78,4778,0,No,,,Normal
2348-KCJLT,Female,60,No,Yes,No,Los Alamitos,California,44,25-48,One Year,Cable,Credit Card,61.5,2722.2,4846.48,3,21,2059,0,No,,,Normal
8401-EMUWF,Male,64,No,Yes,Yes,Paramount,California,42,25-48,Month-to-Month,Cable,Bank Withdrawal,69.4,3058.3,3758.440000000001,3,36,4701,0,No,,,Normal
4193-IBKSW,Male,27,No,Yes,Yes,San Pedro,California,72,49-72,Two Year,,Bank Withdrawal,24.75,1769.6,4313.36,3,67,6232,0,No,,,Normal
5377-NDTOU,Female,26,No,Yes,No,San Pedro,California,71,49-72,Two Year,Cable,Credit Card,91.05,6293.75,6968.25,3,39,4644,0,No,,,Normal
2474-LCNUE,Female,20,No,Yes,No,Sunset Beach,California,23,13-24,Month-to-Month,Cable,Credit Card,73.65,1642.75,1976.94,5,61,2590,0,No,,,Normal
0839-QNXME,Female,35,No,No,No,Surfside,California,30,25-48,Two Year,,Credit Card,19.4,578.5,856.5999999999999,3,78,3986,0,No,,,Normal
3506-OVLKD,Male,40,No,No,No,Wilmington,California,35,25-48,One Year,,Bank Withdrawal,26.2,954.9,2674.4500000000003,3,80,4419,0,No,,,Normal
2178-PMGCJ,Male,22,No,No,No,Long Beach,California,22,13-24,Month-to-Month,Fiber Optic,Credit Card,69.7,1490.4,1837.34,3,32,4838,0,No,,,Normal
7492-TAFJD,Male,26,No,Yes,No,Long Beach,California,7,0-12,Two Year,Cable,Credit Card,38.55,280.0,280.0,4,70,3345,0,No,,,Normal
2773-MADBQ,Female,46,No,No,No,Long Beach,California,36,25-48,Two Year,Cable,Credit Card,53.1,1901.25,1901.25,3,40,2751,0,No,,,Normal
6016-LVTJQ,Female,39,No,Yes,Yes,Long Beach,California,34,25-48,Month-to-Month,,Credit Card,20.65,716.4,1044.84,3,74,5099,0,No,,,High Risk
7860-KSUGX,Male,25,No,Yes,No,Long Beach,California,72,49-72,Two Year,Cable,Credit Card,64.45,4720.0,7072.24,3,74,6330,0,No,,,High Risk
8966-KZXXA,Male,48,No,Yes,Yes,Long Beach,California,36,25-48,Two Year,,Credit Card,25.1,930.95,2183.3900000000003,3,45,3040,0,No,,,Normal
5149-QYTTU,Female,35,No,Yes,Yes,Long Beach,California,71,49-72,One Year,Fiber Optic,Credit Card,95.15,6770.85,9222.48,3,41,5647,0,No,,,Normal
2085-BOJKI,Male,33,No,Yes,No,Long Beach,California,17,13-24,One Year,Fiber Optic,Bank Withdrawal,96.65,1588.25,2078.36,5,37,5228,0,No,,,Normal
5442-PPTJY,Male,44,No,Yes,Yes,Arcadia,California,12,0-12,Two Year,,Credit Card,19.7,258.35,314.87,4,24,5104,0,No,,,Normal
1927-QEWMY,Female,51,No,Yes,No,Arcadia,California,72,49-72,Two Year,,Credit Card,20.5,1502.25,4663.77,4,25,6302,0,No,,,Normal
4450-MDZFX,Male,50,No,Yes,Yes,Monrovia,California,60,49-72,Month-to-Month,Fiber Optic,Bank Withdrawal,74.35,4453.3,6759.7,5,26,5100,0,No,,,Normal
6701-DHKWQ,Female,38,No,Yes,No,Montrose,California,61,49-72,Two Year,DSL,Credit Card,51.35,3244.4,3244.4,3,55,4159,0,No,,,Normal
7554-AKDQF,Female,27,No,Yes,No,Sierra Madre,California,6,0-12,Month-to-Month,DSL,Credit Card,45.65,323.45,357.59,4,40,4227,0,No,,,Normal
0794-YVSGE,Male,29,No,Yes,Yes,Pasadena,California,72,49-72,Two Year,,Bank Withdrawal,20.3,1401.15,3356.67,3,76,5265,0,No,,,High Risk
5423-BHIXO,Female,42,No,No,No,Pasadena,California,32,25-48,Month-to-Month,DSL,Bank Withdrawal,54.2,1739.6,2764.24,5,43,4454,0,No,,,Normal
6908-VVYHM,Male,52,No,Yes,No,Pasadena,California,65,49-72,Month-to-Month,Fiber Optic,Bank Withdrawal,90.65,5931.0,7330.6,5,70,6358,0,No,,,Normal
2959-EEXWB,Female,54,No,Yes,Yes,Pasadena,California,45,25-48,Month-to-Month,DSL,Bank Withdrawal,50.9,2333.85,2333.85,3,64,3937,0,No,,,Normal
1839-UMACK,Male,20,No,No,No,Pasadena,California,42,25-48,One Year,,Bank Withdrawal,25.05,949.85,2110.73,5,55,3756,0,No,,,Normal
3030-YDNRM,Male,64,No,No,No,Pasadena,California,8,0-12,Month-to-Month,Fiber Optic,Bank Withdrawal,74.85,572.45,665.09,4,40,5514,0,No,,,Normal
7321-KKSDU,Male,38,No,No,Yes,San Marino,California,32,25-48,Two Year,,Credit Card,20.5,696.8,1238.88,4,50,3114,0,No,,,Normal
9350-ZXYJC,Female,24,No,No,No,La Crescenta,California,4,0-12,Two Year,,Credit Card,25.3,116.95,155.95,3,63,3808,0,No,,,Normal
8958-JPTRR,Female,23,No,Yes,No,Calabasas,California,56,49-72,One Year,,Bank Withdrawal,24.3,1261.7,2449.46,5,33,5052,0,No,,,Normal
6959-GQEGV,Male,61,No,No,No,Canoga Park,California,45,25-48,Month-to-Month,DSL,Bank Withdrawal,75.95,3273.8,3740.0,4,28,2185,0,No,,,Normal
3173-WSSUE,Female,22,No,Yes,Yes,Canoga Park,California,71,49-72,Two Year,,Credit Card,19.7,1415.85,3003.41,3,52,5921,0,No,,,Normal
1265-HVPZB,Male,49,No,Yes,No,Winnetka,California,59,49-72,One Year,DSL,Credit Card,66.4,3958.2,4905.74,3,64,6432,0,No,,,Normal
4115-UMJFQ,Male,37,No,No,No,West Hills,California,69,49-72,One Year,DSL,Bank Withdrawal,35.75,2492.25,2642.25,5,32,4043,0,No,,,Normal
7369-TRPFD,Male,62,No,No,No,Chatsworth,California,19,13-24,One Year,,Credit Card,18.8,279.2,605.4300000000001,3,43,2916,0,No,,,Normal
1098-KFQEC,Female,24,No,Yes,Yes,Encino,California,55,49-72,Two Year,,Credit Card,19.4,1083.0,2609.25,5,23,5366,0,No,,,Normal
7190-XHTWJ,Female,48,No,No,No,Newbury Park,California,38,25-48,One Year,,Mailed Check,19.3,755.5,1995.44,5,32,4705,0,No,,,Normal
5296-BFCYD,Male,35,No,Yes,Yes,San Fernando,California,46,25-48,Two Year,,Mailed Check,20.1,936.85,1622.71,5,24,3392,0,No,,,Normal
9359-JANWS,Female,22,No,Yes,No,North Hills,California,65,49-72,Two Year,DSL,Credit Card,58.9,3857.1,6087.25,4,50,5657,0,No,,,Normal
3279-DYZQM,Male,21,No,Yes,Yes,Santa Clarita,California,71,49-72,Two Year,,Mailed Check,19.45,1378.45,2180.75,4,63,5497,0,No,,,Normal
9575-IWCAZ,Male,37,No,Yes,No,Valencia,California,6,0-12,One Year,,Mailed Check,25.1,171.0,454.74,4,31,5161,0,No,,,Normal
7940-UQQUG,Female,42,No,Yes,Yes,Thousand Oaks,California,64,49-72,One Year,Fiber Optic,Bank Withdrawal,104.4,6721.6,7614.400000000001,4,33,5133,0,No,,,Normal
7010-BRBUU,Male,48,No,Yes,Yes,Woodland Hills,California,72,49-72,Two Year,,Credit Card,24.1,1734.65,3148.73,4,23,4264,0,No,,,Normal
3062-ICYZQ,Female,41,No,Yes,Yes,Oak Park,California,51,49-72,Month-to-Month,Fiber Optic,Bank Withdrawal,93.8,4539.35,5928.08,3,20,5457,0,No,,,Normal
9938-PRCVK,Female,45,No,Yes,Yes,Stevenson Ranch,California,41,25-48,Two Year,,Bank Withdrawal,19.7,804.25,1786.1999999999998,3,52,2902,0,No,,,Normal
0973-KYVNF,Female,59,No,Yes,No,Castaic,California,72,49-72,Two Year,Cable,Credit Card,70.65,5011.15,8115.789999999999,3,75,5176,0,No,,,High Risk
5129-HHMZC,Female,64,No,Yes,No,Van Nuys,California,43,25-48,Two Year,Cable,Credit Card,86.45,3574.5,4480.94,4,53,3110,0,No,,,Normal
9637-CDTKZ,Male,64,No,Yes,No,Fallbrook,California,72,49-72,Two Year,Fiber Optic,Credit Card,114.1,8086.4,9761.84,3,61,4965,0,No,,,Normal
3946-JEWRQ,Male,21,No,Yes,No,Sherman Oaks,California,47,25-48,One Year,Fiber Optic,Credit Card,95.2,4563.0,5626.71,5,72,4977,0,No,,,Normal
7873-CVMAW,Male,61,No,No,No,Van Nuys,California,72,49-72,Two Year,DSL,Credit Card,88.55,6362.35,9681.55,4,32,6468,0,No,,,Normal
4524-QCSSM,Male,39,No,No,No,Encino,California,26,25-48,Month-to-Month,DSL,Bank Withdrawal,44.65,1156.55,1156.55,4,33,4512,0,No,,,Normal
5832-EXGTT,Male,28,No,Yes,Yes,Burbank,California,29,25-48,Month-to-Month,DSL,Credit Card,60.2,1834.15,1875.04,3,76,5517,0,No,,,High Risk
2039-JONDJ,Male,50,No,No,No,Burbank,California,27,25-48,One Year,DSL,Bank Withdrawal,55.45,1477.65,2025.48,3,80,3616,0,No,,,Normal
7217-JYHOQ,Male,30,No,Yes,Yes,Burbank,California,24,13-24,Month-to-Month,Cable,Credit Card,70.3,1706.45,2776.13,3,56,3359,0,No,,,Normal
6695-FRVEC,Male,60,No,Yes,No,Burbank,California,67,49-72,Two Year,Cable,Bank Withdrawal,60.4,3953.7,5412.09,3,73,5356,0,No,,,High Risk
9894-QMIMJ,Female,55,No,No,No,North Hollywood,California,23,13-24,One Year,DSL,Bank Withdrawal,55.8,1327.85,1535.77,3,20,2499,0,No,,,Normal
8069-YQQAJ,Male,63,No,No,No,Studio City,California,14,13-24,Month-to-Month,Cable,Mailed Check,31.1,419.7,419.7,5,55,3448,0,No,,,Normal
3466-WAESX,Male,46,No,No,Yes,Rancho Cucamonga,California,16,13-24,Month-to-Month,DSL,Bank Withdrawal,69.1,1083.7,1307.54,4,71,5172,0,No,,,High Risk
9281-PKKZE,Female,47,No,Yes,No,Azusa,California,46,25-48,Month-to-Month,DSL,Bank Withdrawal,43.95,2007.85,2007.85,3,47,4818,0,No,,,Normal
3638-VBZTA,Male,62,No,No,No,Baldwin Park,California,68,49-72,Two Year,DSL,Bank Withdrawal,86.5,5882.75,6664.75,4,45,4280,0,No,,,Normal
7459-IMVYU,Male,51,No,No,No,Chino Hills,California,38,25-48,Month-to-Month,DSL,Bank Withdrawal,69.95,2657.55,3811.55,3,39,5858,0,No,,,Normal
8563-OYMQY,Male,49,No,No,No,Covina,California,17,13-24,Month-to-Month,Fiber Optic,Credit Card,90.95,1612.2,2206.86,5,23,5687,0,No,,,Normal
0754-EEBDC,Male,25,No,Yes,Yes,Covina,California,4,0-12,Two Year,,Mailed Check,19.9,76.65,174.93,4,74,2347,0,No,,,Normal
5777-ZPQNC,Female,35,No,No,No,Covina,California,12,0-12,One Year,,Bank Withdrawal,20.15,260.7,580.74,5,38,4628,0,No,,,Normal
1951-IEYXM,Male,57,No,Yes,No,Rancho Cucamonga,California,72,49-72,Two Year,Cable,Credit Card,90.6,6441.85,8959.69,3,73,4528,0,No,,,Normal
1022-RKXDR,Female,38,No,No,No,South El Monte,California,41,25-48,One Year,,Mailed Check,24.85,962.25,2301.31,3,42,3089,0,No,,,Normal
2361-FJWNO,Male,55,No,No,No,Rancho Cucamonga,California,40,25-48,One Year,Cable,Credit Card,36.0,1382.9,1512.9,3,38,5323,0,No,,,Normal
2272-UOINI,Female,44,No,No,No,Rancho Cucamonga,California,7,0-12,Month-to-Month,Cable,Bank Withdrawal,78.5,571.05,594.43,4,47,3601,0,No,,,Normal
8232-UTFOZ,Male,24,No,No,No,Glendora,California,69,49-72,Two Year,,Credit Card,19.95,1399.35,1894.77,4,59,4328,0,No,,,Normal
3750-YHRYO,Male,64,No,Yes,No,Glendora,California,7,0-12,One Year,,Mailed Check,20.65,150.0,297.63,5,27,2874,0,No,,,Normal
6637-KYRCV,Female,22,No,Yes,Yes,La Puente,California,5,0-12,Month-to-Month,DSL,Bank Withdrawal,30.5,167.2,167.2,3,27,5973,0,No,,,Normal
5668-MEISB,Female,57,No,Yes,Yes,Hacienda Heights,California,72,49-72,Two Year,Fiber Optic,Credit Card,106.1,7657.4,8118.92,4,34,5146,0,No,,,Normal
0129-QMPDR,Male,64,No,Yes,No,La Puente,California,44,25-48,One Year,,Bank Withdrawal,20.5,865.05,2070.65,3,59,3093,0,No,,,Normal
7188-CBBBA,Female,59,No,No,No,Rowland Heights,California,65,49-72,One Year,Fiber Optic,Bank Withdrawal,95.5,6153.85,8033.05,5,35,6153,0,No,,,Normal
3221-CJMSG,Male,45,No,No,No,Mira Loma,California,24,13-24,Month-to-Month,DSL,Credit Card,51.1,1269.6,1325.52,5,23,2515,0,No,,,Normal
2801-NISEI,Male,28,No,No,No,Mt Baldy,California,24,13-24,Month-to-Month,DSL,Bank Withdrawal,54.95,1348.5,2070.1800000000003,3,55,3407,0,No,,,Normal
4623-ZKHLY,Male,43,No,Yes,No,Ontario,California,22,13-24,Month-to-Month,,Bank Withdrawal,20.45,471.55,928.71,4,28,3727,0,No,,,Normal
6732-VAILE,Male,33,No,Yes,No,Montclair,California,70,49-72,Two Year,Cable,Credit Card,85.95,5931.75,8035.95,5,60,6354,0,No,,,Normal
8201-AAXCB,Male,55,No,Yes,Yes,Ontario,California,25,25-48,Month-to-Month,Cable,Bank Withdrawal,60.35,1404.65,2061.4,4,75,3192,0,No,,,Normal
7696-CFTAT,Male,24,No,Yes,Yes,Diamond Bar,California,37,25-48,Two Year,,Bank Withdrawal,19.8,726.1,1029.87,3,28,2745,0,No,,,Normal
2123-VSCOT,Female,39,No,Yes,No,Pomona,California,59,49-72,Two Year,Cable,Bank Withdrawal,72.1,4194.85,5658.64,5,52,6225,0,No,,,Normal
7409-JURKQ,Female,29,No,Yes,No,Temple City,California,53,49-72,One Year,Fiber Optic,Bank Withdrawal,111.8,5809.75,8026.21,3,28,5713,0,No,,,Normal
1964-SVLEA,Male,59,No,No,No,Upland,California,20,13-24,One Year,,Mailed Check,19.7,415.9,1018.5,4,80,2860,0,No,,,Normal
7297-DVYGA,Female,61,No,No,No,West Covina,California,51,49-72,One Year,,Bank Withdrawal,19.85,996.95,2520.32,5,65,5089,0,No,,,Normal
2239-CGBUZ,Female,56,No,Yes,No,West Covina,California,51,49-72,One Year,Cable,Bank Withdrawal,60.5,3145.15,5551.33,3,63,4207,0,No,,,Normal
0854-UYHZD,Female,21,No,Yes,Yes,West Covina,California,13,13-24,Two Year,,Mailed Check,19.55,265.3,814.29,4,55,2816,0,No,,,Normal
4890-VMUAV,Male,46,No,No,No,Alpine,California,63,49-72,One Year,DSL,Bank Withdrawal,71.5,4576.3,5783.450000000001,3,36,5342,0,No,,,Normal
3764-MNMOI,Male,49,No,No,No,Boulevard,California,46,25-48,Two Year,,Credit Card,19.2,908.15,2333.69,4,54,2776,0,No,,,Normal
8229-BUJHX,Female,60,No,Yes,Yes,Chula Vista,California,71,49-72,Two Year,,Bank Withdrawal,20.5,1500.95,2291.1800000000003,4,62,4941,0,No,,,Normal
7449-HVPIV,Male,38,No,Yes,Yes,Chula Vista,California,55,49-72,Month-to-Month,Fiber Optic,Credit Card,90.4,5099.15,6339.95,5,44,4603,0,No,,,Normal
5504-WSIUR,Female,38,No,No,No,Chula Vista,California,70,49-72,One Year,Fiber Optic,Bank Withdrawal,90.25,6385.95,7423.95,3,33,5327,0,No,,,Normal
8466-PZBLH,Male,32,No,Yes,Yes,Descanso,California,67,49-72,Two Year,Fiber Optic,Bank Withdrawal,104.6,6885.75,7643.52,3,56,4743,0,No,,,Normal
8735-IJJEG,Male,27,No,Yes,No,Guatay,California,14,13-24,Month-to-Month,DSL,Credit Card,50.2,668.85,725.5500000000001,3,48,4253,0,No,,,Normal
0564-MUUQK,Female,28,No,Yes,Yes,Imperial Beach,California,20,13-24,Month-to-Month,Fiber Optic,Bank Withdrawal,95.5,1916.2,2690.4,3,73,3186,0,No,,,Normal
0701-RFGFI,Female,56,No,Yes,Yes,La Mesa,California,49,49-72,Month-to-Month,Fiber Optic,Bank Withdrawal,95.4,4613.95,5014.77,5,41,6136,0,No,,,Normal
0019-EFAEP,Female,32,No,No,No,La Mesa,California,72,49-72,Two Year,Fiber Optic,Bank Withdrawal,101.3,7261.25,7423.25,3,53,5513,0,No,,,Normal
5619-PTMIK,Female,25,No,Yes,No,Lemon Grove,California,46,25-48,Month-to-Month,DSL,Bank Withdrawal,53.1,2459.8,4517.84,3,72,3358,0,No,,,Normal
3737-XBQDD,Male,57,No,No,No,Mount Laguna,California,24,13-24,Month-to-Month,Fiber Optic,Bank Withdrawal,84.85,2048.8,2443.92,4,23,2941,0,No,,,Normal
5882-CMAZQ,Female,52,No,Yes,Yes,National City,California,5,0-12,Month-to-Month,DSL,Bank Withdrawal,34.25,163.55,163.55,5,21,5100,0,No,,,Normal
5846-QFDFI,Female,21,No,Yes,Yes,Pine Valley,California,33,25-48,Month-to-Month,Fiber Optic,Credit Card,88.6,2888.7,3252.03,3,78,3648,0,No,,,Normal
4445-KWOKW,Female,23,No,No,No,Potrero,California,42,25-48,One Year,Cable,Bank Withdrawal,60.15,2421.6,3658.08,3,55,5988,0,No,,,Normal
3511-APPBJ,Male,21,No,No,No,Spring Valley,California,23,13-24,One Year,Fiber Optic,Credit Card,99.95,2292.75,3257.37,3,62,3515,0,No,,,Normal
7967-HYCDE,Male,26,No,No,No,Spring Valley,California,8,0-12,Month-to-Month,Fiber Optic,Bank Withdrawal,70.7,553.4,888.8399999999999,5,27,4946,0,No,,,Normal
2430-RRYUW,Male,32,No,No,No,Tecate,California,66,49-72,One Year,DSL,Mailed Check,54.8,3465.7,4228.66,4,20,4621,0,No,,,Normal
5447-WZAFP,Female,22,No,No,No,Carlsbad,California,53,49-72,One Year,Fiber Optic,Mailed Check,100.3,5200.8,5642.29,4,71,5377,0,No,,,High Risk
5110-CHOPY,Female,61,No,No,No,Carlsbad,California,60,49-72,Two Year,Cable,Bank Withdrawal,53.6,3237.05,3237.05,3,39,4173,0,No,,,Normal
4425-OWHWB,Female,32,No,No,No,El Cajon,California,20,13-24,One Year,,Credit Card,19.35,433.75,651.75,5,77,5811,0,No,,,High Risk
7892-QVYKW,Female,25,No,Yes,Yes,El Cajon,California,23,13-24,Month-to-Month,Fiber Optic,Bank Withdrawal,85.6,1868.4,2094.7200000000003,3,25,3513,0,No,,,Normal
9675-ICXCT,Male,23,No,Yes,No,El Cajon,California,72,49-72,Two Year,Cable,Bank Withdrawal,80.8,5728.55,8253.59,5,75,4689,0,No,,,Normal
4703-MQYKT,Male,43,No,No,No,Escondido,California,21,13-24,Two Year,,Mailed Check,19.6,390.4,743.41,4,22,4562,0,No,,,Normal
0602-DDUML,Female,21,No,No,No,Fallbrook,California,57,49-72,Two Year,Cable,Mailed Check,69.75,3894.4,5954.38,3,38,4487,0,No,,,Normal
2208-MPXIO,Female,42,No,Yes,Yes,Escondido,California,45,25-48,Two Year,,Bank Withdrawal,20.0,886.4,1864.25,4,71,5169,0,No,,,High Risk
1960-UYCNN,Male,35,No,No,No,Julian,California,10,0-12,Month-to-Month,Fiber Optic,Bank Withdrawal,95.25,1021.55,1285.85,3,23,4810,0,No,,,Normal
3190-FZATL,Male,49,No,No,Yes,Lakeside,California,14,13-24,Month-to-Month,,Credit Card,19.95,268.4,837.64,5,71,5770,0,No,,,High Risk
7336-RLLRH,Male,42,No,Yes,No,Oceanside,California,27,25-48,One Year,DSL,Credit Card,80.85,2204.35,2523.76,3,51,4732,0,No,,,Normal
7710-JSYOA,Female,59,No,Yes,Yes,Pala,California,69,49-72,Two Year,Fiber Optic,Bank Withdrawal,93.3,6398.05,8366.62,5,45,5205,0,No,,,Normal
9885-MFVSU,Female,59,No,Yes,No,Poway,California,35,25-48,Two Year,DSL,Credit Card,46.35,1662.05,1802.05,4,46,4577,0,No,,,Normal
0607-MVMGC,Male,33,No,Yes,No,Ranchita,California,45,25-48,One Year,DSL,Credit Card,78.75,3600.65,5392.55,3,63,2595,0,No,,,Normal
3365-SAIGS,Female,60,No,No,No,Rancho Santa Fe,California,17,13-24,Month-to-Month,Fiber Optic,Bank Withdrawal,83.55,1329.15,1713.52,5,59,5564,0,No,,,Normal
8022-BECSI,Male,62,No,No,No,Santa Ysabel,California,22,13-24,One Year,,Credit Card,19.6,422.5,872.62,5,37,2203,0,No,,,Normal
9993-LHIEB,Male,21,No,Yes,No,Solana Beach,California,67,49-72,Two Year,Cable,Credit Card,67.85,4627.65,4769.69,3,59,4792,0,No,,,Normal
0266-CLZKZ,Female,45,No,Yes,Yes,San Marcos,California,67,49-72,Two Year,Fiber Optic,Bank Withdrawal,105.65,6717.9,7909.83,5,59,6383,0,No,,,Normal
3977-QCRSL,Female,30,No,No,No,Warner Springs,California,5,0-12,Month-to-Month,,Credit Card,20.15,117.95,134.8,4,66,5020,0,No,,,Normal
0017-DINOC,Male,47,No,No,No,Rancho Santa Fe,California,54,49-72,Two Year,Cable,Credit Card,45.2,2460.55,2460.55,4,54,5435,0,No,,,Normal
7639-OPLNG,Male,56,No,Yes,No,San Diego,California,70,49-72,Two Year,Cable,Bank Withdrawal,79.25,5731.85,7689.75,3,27,5085,0,No,,,Normal
1492-QGCLU,Male,51,No,Yes,Yes,San Diego,California,53,49-72,Month-to-Month,Cable,Bank Withdrawal,85.7,4616.1,6038.620000000001,5,36,5957,0,No,,,Normal
7328-OWMOM,Female,63,No,No,No,San Diego,California,31,25-48,One Year,,Credit Card,20.1,589.25,1634.26,3,30,3086,0,No,,,Normal
4418-LZMSV,Male,56,No,Yes,Yes,San Diego,California,13,13-24,Month-to-Month,Cable,Bank Withdrawal,61.8,750.1,1116.05,3,47,4749,0,No,,,Normal
5155-AZQPB,Female,33,No,Yes,Yes,San Diego,California,28,25-48,Month-to-Month,DSL,Credit Card,49.9,1410.25,2569.73,5,74,5250,0,No,,,High Risk
1087-GRUYI,Male,62,No,Yes,No,San Diego,California,38,25-48,Two Year,,Bank Withdrawal,20.4,743.5,1008.36,5,65,3756,0,No,,,Normal
2546-KZAAT,Male,28,No,Yes,No,San Diego,California,52,49-72,One Year,DSL,Credit Card,75.4,3865.45,4406.25,5,59,5211,0,No,,,Normal
0181-RITDD,Male,42,No,Yes,Yes,San Diego,California,62,49-72,Two Year,Fiber Optic,Credit Card,108.15,6825.65,6934.77,4,43,5298,0,No,,,Normal
5989-PGKJB,Female,40,No,No,No,San Diego,California,16,13-24,Month-to-Month,Fiber Optic,Bank Withdrawal,86.25,1340.1,1696.9,5,65,3511,0,No,,,Normal
8272-ONJLV,Male,57,No,No,No,San Diego,California,12,0-12,One Year,Fiber Optic,Bank Withdrawal,95.7,1184.0,1772.0,5,41,5527,0,No,,,Normal
1488-PBLJN,Female,63,No,Yes,Yes,San Diego,California,72,49-72,Two Year,Fiber Optic,Bank Withdrawal,116.85,8477.7,10769.46,3,33,4055,0,No,,,Normal
3778-FOAQW,Female,33,No,Yes,No,San Diego,California,24,13-24,One Year,,Credit Card,20.15,456.85,1245.49,3,39,3573,0,No,,,Normal
4452-ROHMO,Female,64,No,No,No,San Diego,California,15,13-24,Two Year,,Credit Card,19.6,331.6,923.95,3,38,2722,0,No,,,Normal
5349-AZPEW,Female,40,No,Yes,Yes,San Diego,California,5,0-12,Month-to-Month,DSL,Credit Card,25.05,125.5,125.5,5,24,2071,0,No,,,Normal
9720-JJJOR,Male,20,No,Yes,No,San Ysidro,California,41,25-48,One Year,DSL,Bank Withdrawal,60.3,2511.3,2610.9300000000003,3,50,4565,0,No,,,Normal
8100-HZZLJ,Female,26,No,No,Yes,Indio,California,43,25-48,Month-to-Month,Cable,Bank Withdrawal,63.95,2737.05,2977.8500000000004,3,55,4205,0,No,,,Normal
7398-HPYZQ,Male,30,No,Yes,No,Beaumont,California,71,49-72,Two Year,Cable,Bank Withdrawal,90.55,6404.0,8433.18,4,23,5007,0,No,,,Normal
3546-GHEAE,Male,29,No,No,No,Blythe,California,7,0-12,Two Year,,Credit Card,19.45,165.35,231.36,5,42,2600,0,No,,,Normal
2550-QHZGP,Male,48,No,No,No,Calexico,California,7,0-12,One Year,,Credit Card,19.5,128.6,342.66,5,71,4271,0,No,,,Normal
7519-JTWQH,Female,30,No,No,No,Calipatria,California,69,49-72,Two Year,Fiber Optic,Bank Withdrawal,110.5,7455.45,9105.93,4,33,4803,0,No,,,Normal
1170-SASML,Female,33,No,Yes,No,Desert Hot Springs,California,69,49-72,Month-to-Month,Fiber Optic,Bank Withdrawal,85.4,5869.4,8249.21,5,62,5976,0,No,,,Normal
4872-JCVCA,Female,44,No,Yes,No,Desert Hot Springs,California,71,49-72,Two Year,DSL,Bank Withdrawal,47.6,3377.8,3377.8,3,22,4795,0,No,,,Normal
5346-BZCHP,Female,19,No,Yes,Yes,Earp,California,69,49-72,Two Year,,Credit Card,19.4,1346.2,3083.62,5,57,6408,0,No,,,Normal
2038-LLMLM,Female,35,No,No,No,El Centro,California,48,25-48,Month-to-Month,Fiber Optic,Bank Withdrawal,103.85,4946.05,5450.05,5,78,4304,0,No,,,Normal
1216-BGTSP,Male,30,No,No,No,Imperial,California,45,25-48,Month-to-Month,Fiber Optic,Credit Card,108.45,4964.7,5233.349999999999,3,33,5093,0,No,,,Normal
4138-NAXED,Male,54,No,No,No,Joshua Tree,California,51,49-72,Month-to-Month,Fiber Optic,Bank Withdrawal,81.0,4085.75,6285.18,3,34,4121,0,No,,,Normal
0744-BIKKF,Male,39,No,No,No,Mecca,California,72,49-72,Two Year,DSL,Bank Withdrawal,86.65,6224.8,7046.32,3,67,4621,0,No,,,Normal
7483-IQWIB,Male,33,No,Yes,Yes,Morongo Valley,California,37,25-48,Month-to-Month,Fiber Optic,Bank Withdrawal,92.95,3415.25,4854.18,4,42,3462,0,No,,,Normal
5248-KWLAR,Male,31,No,Yes,No,Niland,California,71,49-72,Two Year,DSL,Bank Withdrawal,90.35,6325.25,7633.07,4,28,6483,0,No,,,Normal
7996-MHXLW,Female,51,No,No,No,Ocotillo,California,66,49-72,Two Year,,Credit Card,25.15,1683.6,3054.42,5,61,6141,0,No,,,Normal
7833-PKIHD,Male,59,No,Yes,No,Palm Desert,California,51,49-72,One Year,Cable,Bank Withdrawal,76.4,3966.3,5580.96,3,52,6385,0,No,,,Normal
7061-OVMIM,Female,57,No,Yes,No,Palm Springs,California,30,25-48,One Year,,Bank Withdrawal,19.55,608.5,1242.7,3,50,5203,0,No,,,Normal
5153-RTHKF,Female,26,No,No,No,Palm Springs,California,34,25-48,Month-to-Month,Fiber Optic,Bank Withdrawal,85.35,2896.6,3696.96,5,78,3818,0,No,,,Normal
1852-QSWCD,Male,62,No,Yes,Yes,Palo Verde,California,64,49-72,Two Year,,Credit Card,24.8,1514.85,3770.85,3,55,6281,0,No,,,Normal
9079-LWTFD,Male,50,No,No,No,Pioneertown,California,47,25-48,Month-to-Month,Fiber Optic,Credit Card,100.75,4669.2,6912.51,3,27,2508,0,No,,,Normal
3392-EHMNK,Female,53,No,Yes,Yes,Thermal,California,67,49-72,Two Year,Fiber Optic,Credit Card,94.1,6302.8,7066.6,4,58,4803,0,No,,,Normal
5986-WWXDV,Male,42,No,No,No,Salton City,California,39,25-48,One Year,,Bank Withdrawal,19.35,779.2,2674.99,3,68,2607,0,No,,,Normal
3061-BCKYI,Male,27,No,No,No,Thousand Palms,California,14,13-24,Month-to-Month,,Credit Card,19.9,283.75,892.75,3,34,3854,0,No,,,Normal
7228-PAQPD,Female,19,No,No,No,Escondido,California,14,13-24,One Year,Cable,Credit Card,59.1,772.85,1248.99,4,58,5718,0,No,,,Normal
7746-QYVCO,Male,57,No,Yes,No,White Water,California,16,13-24,One Year,Cable,Credit Card,55.85,857.8,1194.44,3,55,2464,0,No,,,Normal
5804-HYIEZ,Male,40,No,Yes,Yes,Winterhaven,California,70,49-72,Month-to-Month,Fiber Optic,Bank Withdrawal,106.05,7554.05,10373.65,4,30,4583,0,No,,,Normal
5934-TSSAU,Female,51,No,Yes,Yes,Landers,California,23,13-24,Month-to-Month,Fiber Optic,Credit Card,75.3,1702.9,2823.69,5,49,5903,0,No,,,Normal
3486-KHMLI,Male,53,No,No,Yes,Adelanto,California,21,13-24,Month-to-Month,,Credit Card,24.7,467.15,1123.61,4,54,5403,0,No,,,Normal
6784-XYJAE,Female,38,No,No,No,Fort Irwin,California,36,25-48,One Year,DSL,Bank Withdrawal,55.8,1941.5,3700.62,3,25,4770,0,No,,,Normal
3933-DQPWX,Female,48,No,No,No,Barstow,California,50,49-72,Two Year,DSL,Credit Card,39.7,1932.75,1932.75,3,49,5174,0,No,,,Normal
6661-EIPZC,Female,38,No,Yes,Yes,Grand Terrace,California,48,25-48,Month-to-Month,DSL,Credit Card,29.5,1423.05,1423.05,4,36,3194,0,No,,,Normal
8957-THMOA,Female,40,No,No,Yes,Big Bear City,California,50,49-72,Two Year,,Credit Card,20.15,970.85,1918.35,3,27,4263,0,No,,,Normal
2251-PYLPB,Male,34,No,Yes,No,Big Bear Lake,California,72,49-72,Two Year,Cable,Credit Card,79.55,5810.9,9054.5,3,55,4766,0,No,,,Normal
5555-RNPGT,Male,61,No,No,Yes,Bloomington,California,10,0-12,Month-to-Month,,Credit Card,24.8,223.9,568.6,3,36,5212,0,No,,,Normal
1057-FOGLZ,Female,44,No,No,No,Calimesa,California,18,13-24,Month-to-Month,,Credit Card,19.65,391.7,719.3,3,20,4333,0,No,,,Normal
8087-LGYHQ,Male,40,No,No,No,Crestline,California,9,0-12,Month-to-Month,Fiber Optic,Bank Withdrawal,94.05,811.65,951.42,4,42,3475,0,No,,,Normal
2190-BCXEC,Female,61,No,Yes,No,Death Valley,California,40,25-48,Month-to-Month,Fiber Optic,Credit Card,78.85,3126.85,4725.65,4,45,5257,0,No,,,Normal
6227-FBDXH,Male,50,No,Yes,No,Essex,California,69,49-72,One Year,Fiber Optic,Bank Withdrawal,99.5,6841.45,7104.34,4,56,4237,0,No,,,Normal
2911-WDXMV,Male,29,No,No,Yes,Fontana,California,18,13-24,Month-to-Month,Fiber Optic,Credit Card,80.55,1406.65,2146.09,5,37,5334,0,No,,,Normal
4547-FZJWE,Male,24,No,Yes,No,Forest Falls,California,55,49-72,One Year,DSL,Credit Card,59.45,3157.0,5186.35,4,77,5712,0,No,,,High Risk
7422-WNBTY,Male,35,No,Yes,No,Green Valley Lake,California,33,25-48,Month-to-Month,Fiber Optic,Bank Withdrawal,93.35,3092.0,4140.08,4,40,3348,0,No,,,Normal
0842-IWYCP,Female,19,No,No,No,Helendale,California,46,25-48,Month-to-Month,Cable,Bank Withdrawal,44.95,2168.9,4023.62,5,44,2626,0,No,,,Normal
3521-HTQTV,Male,54,No,No,No,Hesperia,California,34,25-48,Two Year,,Bank Withdrawal,26.1,980.35,1676.33,3,46,2026,0,No,,,Normal
3373-DIUUN,Male,58,No,Yes,Yes,Hinkley,California,30,25-48,Two Year,,Credit Card,21.25,711.9,1911.9,3,70,3047,0,No,,,Normal
8383-SGHJU,Female,41,No,No,No,Lake Arrowhead,California,33,25-48,One Year,Cable,Bank Withdrawal,59.4,1952.8,2292.04,3,38,2853,0,No,,,Normal
7607-QKKTJ,Male,25,No,Yes,Yes,Loma Linda,California,45,25-48,One Year,Fiber Optic,Credit Card,95.0,4368.85,5934.1,4,27,2719,0,No,,,Normal
7707-PYBBH,Male,49,No,No,No,Lucerne Valley,California,40,25-48,Month-to-Month,DSL,Credit Card,61.9,2647.1,4126.299999999999,4,52,2520,0,No,,,Normal
8984-HPEMB,Female,58,No,No,No,Lytle Creek,California,71,49-72,Two Year,Fiber Optic,Bank Withdrawal,118.65,8477.6,9748.5,3,73,4296,0,No,,,Normal
4139-DETXS,Female,53,No,Yes,No,Needles,California,72,49-72,Two Year,DSL,Bank Withdrawal,64.45,4528.0,4528.0,4,45,5265,0,No,,,Normal
9779-DPNEJ,Female,59,No,Yes,Yes,Nipton,California,22,13-24,Month-to-Month,Fiber Optic,Bank Withdrawal,80.15,1790.65,2526.77,5,42,4732,0,No,,,Normal
9805-FILKB,Male,44,No,Yes,No,Temecula,California,46,25-48,One Year,,Bank Withdrawal,20.2,845.6,1062.72,3,68,2325,0,No,,,Normal
5793-YOLJN,Female,53,No,Yes,Yes,Oro Grande,California,55,49-72,Two Year,,Credit Card,21.0,1210.3,3328.3499999999995,3,24,5046,0,No,,,Normal
4123-FCVCB,Female,23,No,No,No,Pinon Hills,California,12,0-12,One Year,DSL,Credit Card,75.85,854.45,1445.45,4,70,5942,0,No,,,Normal
8819-IMISP,Male,43,No,No,No,Redlands,California,31,25-48,Month-to-Month,Fiber Optic,Bank Withdrawal,80.45,2429.1,3578.27,4,49,4684,0,No,,,Normal
8311-UEUAB,Female,24,No,Yes,No,Rialto,California,67,49-72,Two Year,DSL,Bank Withdrawal,75.5,5229.45,5320.57,3,69,5420,0,No,,,Normal
1163-ONYEY,Male,61,No,Yes,Yes,Shoshone,California,41,25-48,Month-to-Month,Cable,Credit Card,74.55,3023.55,4194.1,3,61,2748,0,No,,,Normal
5656-MJEFC,Male,48,No,Yes,No,Victorville,California,42,25-48,Two Year,Cable,Credit Card,48.15,2032.3,2032.3,4,25,2673,0,No,,,Normal
6082-OQFBA,Male,62,No,Yes,No,Victorville,California,23,13-24,One Year,,Mailed Check,19.65,436.9,1009.14,5,70,5460,0,No,,,Normal
4010-YLMVT,Female,25,No,No,No,Yucaipa,California,56,49-72,Month-to-Month,Fiber Optic,Credit Card,106.6,5893.95,7281.07,4,80,5056,0,No,,,High Risk
1379-FRVEB,Male,31,No,No,Yes,San Bernardino,California,15,13-24,Month-to-Month,Fiber Optic,Bank Withdrawal,91.0,1430.05,1883.35,4,48,4602,0,No,,,Normal
8612-GXIDD,Male,55,No,Yes,Yes,San Bernardino,California,12,0-12,Two Year,,Bank Withdrawal,25.4,313.0,842.4399999999999,3,71,2219,0,No,,,Normal
6288-CHQJB,Female,21,No,Yes,No,San Bernardino,California,54,49-72,Two Year,DSL,Bank Withdrawal,69.95,3871.85,5393.03,4,57,5077,0,No,,,Normal
8160-HOWOX,Female,30,No,No,No,San Bernardino,California,7,0-12,Month-to-Month,DSL,Bank Withdrawal,66.85,458.1,795.22,4,43,4858,0,No,,,Normal
6648-INWPS,Male,30,No,Yes,Yes,San Bernardino,California,16,13-24,Month-to-Month,,Bank Withdrawal,20.15,341.35,958.15,4,58,5271,0,No,,,Normal
4223-BKEOR,Female,55,No,No,No,San Bernardino,California,21,13-24,One Year,DSL,Mailed Check,64.85,1336.8,1985.28,3,51,3302,0,No,,,Normal
1391-UBDAR,Male,27,No,No,No,Riverside,California,11,0-12,Month-to-Month,Fiber Optic,Bank Withdrawal,72.9,818.45,1020.08,3,71,3042,0,No,,,Normal
8894-JVDCV,Female,39,No,No,No,Riverside,California,62,49-72,One Year,Fiber Optic,Credit Card,115.05,7133.45,9417.53,4,43,6494,0,No,,,Normal
2023-VQFDL,Male,42,No,No,No,Riverside,California,18,13-24,Month-to-Month,,Bank Withdrawal,19.0,348.8,945.6799999999998,5,39,5379,0,No,,,Normal
1345-GKDZZ,Male,20,No,No,Yes,Riverside,California,6,0-12,Month-to-Month,,Credit Card,19.55,128.6,233.78,4,69,2309,0,No,,,Normal
2014-MKGMH,Female,45,No,No,No,Riverside,California,46,25-48,One Year,Fiber Optic,Bank Withdrawal,101.1,4674.4,5961.02,4,54,4883,0,No,,,Normal
5628-FCGYG,Male,46,No,No,No,Riverside,California,21,13-24,Month-to-Month,Fiber Optic,Bank Withdrawal,84.1,1737.45,2767.5,4,69,4649,0,No,,,Normal
2560-WBWXF,Male,45,No,No,No,March Air Reserve Base,California,68,49-72,Two Year,,Bank Withdrawal,24.15,1498.85,4068.57,4,70,5987,0,No,,,Normal
7978-DKUQH,Female,26,No,Yes,No,Lake Elsinore,California,25,25-48,Month-to-Month,Fiber Optic,Bank Withdrawal,74.6,1797.75,2725.25,5,35,4591,0,No,,,Normal
4335-UPJSI,Female,57,No,No,Yes,Aguanga,California,24,13-24,Two Year,,Mailed Check,19.75,498.1,1319.86,3,43,2639,0,No,,,Normal
1784-EZDKJ,Male,31,No,Yes,No,Hemet,California,51,49-72,One Year,Fiber Optic,Bank Withdrawal,106.8,5498.8,7138.2,3,33,4640,0,No,,,Normal
9297-FVVDH,Female,33,No,Yes,No,Hemet,California,57,49-72,Two Year,DSL,Bank Withdrawal,84.5,4845.4,5418.25,3,41,5928,0,No,,,Normal
8007-YYPWD,Female,52,No,No,No,Homeland,California,15,13-24,Two Year,,Bank Withdrawal,25.05,369.1,983.65,5,43,5218,0,No,,,Normal
7101-HRBLJ,Female,25,No,Yes,No,Idyllwild,California,72,49-72,Two Year,Cable,Bank Withdrawal,83.7,6096.9,7252.5,3,36,4592,0,No,,,Normal
6635-CPNUN,Male,25,No,Yes,No,Moreno Valley,California,28,25-48,Month-to-Month,Fiber Optic,Credit Card,96.6,2684.35,3624.31,5,43,5530,0,No,,,Normal
5453-YBTWV,Male,52,No,Yes,Yes,Moreno Valley,California,70,49-72,Two Year,Fiber Optic,Credit Card,101.1,6994.8,10471.7,3,62,4226,0,No,,,Normal
5039-LZRQT,Female,52,No,No,No,Mountain Center,California,13,13-24,One Year,,Mailed Check,20.2,273.25,618.6600000000001,5,34,2953,0,No,,,Normal
6418-PIQSP,Female,49,No,Yes,No,Perris,California,62,49-72,Two Year,Cable,Mailed Check,81.0,4985.9,5811.74,4,31,4684,0,No,,,Normal
8220-OCUFY,Female,30,No,No,No,Perris,California,21,13-24,One Year,DSL,Bank Withdrawal,60.25,1258.35,1413.96,4,25,4870,0,No,,,Normal
2038-OEQZH,Male,63,No,No,No,Menifee,California,4,0-12,Month-to-Month,Fiber Optic,Bank Withdrawal,86.05,308.1,485.54,5,55,3653,0,No,,,Normal
1178-PZGAB,Female,45,No,No,No,Sun City,California,19,13-24,One Year,,Credit Card,20.25,383.65,736.48,4,78,5586,0,No,,,High Risk
2626-VEEWG,Male,48,No,Yes,Yes,Sun City,California,67,49-72,Two Year,,Credit Card,19.4,1284.2,1651.36,5,70,4890,0,No,,,Normal
1657-DYMBM,Male,35,No,Yes,No,Temecula,California,53,49-72,Two Year,,Credit Card,19.9,1110.05,2936.4300000000003,3,61,4157,0,No,,,Normal
7311-MQJCH,Female,54,No,No,No,Temecula,California,5,0-12,One Year,,Bank Withdrawal,19.55,99.6,289.45,4,47,2575,0,No,,,Normal
1136-XGEQU,Female,53,No,Yes,No,Winchester,California,50,49-72,One Year,DSL,Credit Card,84.15,4164.4,6488.9,3,43,4625,0,No,,,Normal
2530-FMFXO,Male,38,No,Yes,Yes,Irvine,California,56,49-72,Two Year,Fiber Optic,Bank Withdrawal,103.2,5873.75,8234.71,3,55,4478,0,No,,,Normal
5970-GHJAW,Male,40,No,Yes,Yes,Irvine,California,46,25-48,Two Year,,Credit Card,19.95,862.4,2063.92,5,75,3574,0,No,,,Normal
8879-XUAHX,Male,42,No,Yes,No,Irvine,California,71,49-72,Two Year,Fiber Optic,Bank Withdrawal,116.25,8564.75,9004.24,3,47,6124,0,No,,,Normal
3689-MOZGR,Female,30,No,No,No,Irvine,California,29,25-48,Month-to-Month,Cable,Bank Withdrawal,31.2,926.2,926.2,5,39,4761,0,No,,,Normal
4195-PNGZS,Male,23,No,Yes,Yes,Irvine,California,69,49-72,Two Year,,Bank Withdrawal,24.45,1718.2,4001.41,5,39,5295,0,No,,,Normal
5003-XZWWO,Male,32,No,Yes,No,Capistrano Beach,California,71,49-72,Two Year,DSL,Credit Card,84.2,5956.85,7030.370000000001,4,33,4753,0,No,,,Normal
6922-NCEDI,Male,38,No,No,No,Costa Mesa,California,56,49-72,One Year,,Mailed Check,21.2,1238.65,3961.93,4,23,6473,0,No,,,Normal
9891-NQDBD,Female,22,No,Yes,No,Lake Forest,California,28,25-48,One Year,,Mailed Check,25.55,672.2,1886.28,3,39,3493,0,No,,,Normal
6131-IUNXN,Female,47,No,Yes,Yes,Huntington Beach,California,19,13-24,Month-to-Month,,Mailed Check,20.2,382.2,1273.49,4,64,3636,0,No,,,Normal
8548-AWOFC,Male,21,No,Yes,No,Huntington Beach,California,66,49-72,Month-to-Month,DSL,Bank Withdrawal,63.85,4264.6,4770.820000000001,3,72,5956,0,No,,,High Risk
9798-DRYDS,Female,52,No,Yes,No,Huntington Beach,California,17,13-24,One Year,DSL,Mailed Check,61.95,1070.7,1879.73,5,27,4759,0,No,,,Normal
8532-UEFWH,Male,61,No,Yes,Yes,Huntington Beach,California,52,49-72,Two Year,,Mailed Check,25.75,1345.85,3920.37,3,21,4676,0,No,,,Normal
6296-DDOOR,Female,19,No,No,No,Laguna Beach,California,19,13-24,One Year,Cable,Bank Withdrawal,58.2,1045.25,1507.9,4,73,4033,0,No,,,Normal
7951-VRDVK,Female,26,No,No,No,Laguna Hills,California,36,25-48,One Year,Cable,Bank Withdrawal,85.85,3003.55,3503.9500000000003,4,64,4898,0,No,,,Normal
4815-YOSUK,Male,22,No,Yes,Yes,Aliso Viejo,California,72,49-72,One Year,Fiber Optic,Credit Card,104.9,7537.5,10502.46,3,35,4927,0,No,,,Normal
4365-MSDYN,Male,38,No,Yes,No,San Clemente,California,8,0-12,Month-to-Month,,Bank Withdrawal,19.55,161.15,339.87,5,31,4909,0,No,,,Normal
7036-TYDEC,Female,44,No,No,No,San Clemente,California,69,49-72,Two Year,Fiber Optic,Bank Withdrawal,104.0,7028.5,7156.15,5,63,5902,0,No,,,Normal
5802-ADBRC,Female,57,No,Yes,No,San Juan Capistrano,California,50,49-72,One Year,Fiber Optic,Mailed Check,104.4,5232.9,6272.4,3,26,6100,0,No,,,Normal
8076-FEZKJ,Male,58,No,No,No,Silverado,California,10,0-12,One Year,,Credit Card,19.5,225.85,382.9500000000001,3,80,5039,0,No,,,High Risk
5197-YPYBZ,Female,39,No,Yes,Yes,Laguna Niguel,California,12,0-12,Two Year,,Credit Card,25.25,274.7,749.78,3,49,2646,0,No,,,Normal
4312-GVYNH,Female,46,No,Yes,No,Westminster,California,70,49-72,Two Year,Cable,Bank Withdrawal,49.85,3370.2,3370.2,3,26,5460,0,No,,,Normal
0839-JTCUD,Female,31,No,Yes,No,Mission Viejo,California,66,49-72,Two Year,Cable,Credit Card,89.9,5958.85,8358.61,3,20,4082,0,No,,,Normal
5494-WOZRZ,Female,40,No,Yes,No,Mission Viejo,California,71,49-72,Two Year,DSL,Credit Card,82.0,5999.85,8713.470000000001,3,72,5770,0,No,,,High Risk
2234-EOFPT,Male,48,No,Yes,No,Santa Ana,California,72,49-72,Two Year,DSL,Bank Withdrawal,79.35,5753.25,7938.85,3,55,4278,0,No,,,Normal
8619-IJNDK,Female,64,No,Yes,No,Santa Ana,California,71,49-72,Two Year,DSL,Credit Card,64.05,4492.9,4827.31,4,71,4374,0,No,,,Normal
8378-LKJAF,Male,34,No,Yes,Yes,Santa Ana,California,38,25-48,Month-to-Month,Fiber Optic,Credit Card,101.15,3956.7,4877.06,3,34,3738,0,No,,,Normal
1153-GNOLC,Male,62,No,No,No,Santa Ana,California,33,25-48,One Year,DSL,Bank Withdrawal,39.1,1309.0,1309.0,4,40,2855,0,No,,,Normal
3298-QEICA,Female,27,No,Yes,No,Fountain Valley,California,23,13-24,Two Year,DSL,Credit Card,34.6,813.45,813.45,4,73,4445,0,No,,,Normal
0788-DXBFY,Male,54,No,Yes,No,Tustin,California,58,49-72,One Year,,Bank Withdrawal,19.55,1108.8,2728.74,3,72,4801,0,No,,,Normal
3496-LFSZU,Male,40,No,Yes,No,Anaheim,California,4,0-12,Month-to-Month,Fiber Optic,Bank Withdrawal,70.5,294.2,418.08,5,68,2896,0,No,,,Normal
5242-UOWHD,Male,24,No,Yes,Yes,Anaheim,California,45,25-48,Two Year,,Credit Card,20.35,929.2,2685.55,3,62,4210,0,No,,,Normal
6479-SZPLM,Male,26,No,Yes,Yes,Anaheim,California,36,25-48,Two Year,,Credit Card,19.45,754.5,1917.3,5,39,5745,0,No,,,Normal
8097-VBQTZ,Male,61,No,No,No,Anaheim,California,54,49-72,Month-to-Month,Cable,Credit Card,69.9,3883.3,5374.780000000001,4,65,6092,0,No,,,Normal
4500-HKANN,Male,33,No,Yes,No,Anaheim,California,23,13-24,Two Year,Cable,Credit Card,59.7,1414.2,1731.37,5,49,3464,0,No,,,Normal
9917-KWRBE,Female,28,No,Yes,No,Anaheim,California,41,25-48,One Year,Cable,Credit Card,78.35,3211.2,3983.64,3,44,2894,0,No,,,Normal
2212-LYASK,Male,25,No,Yes,No,Brea,California,27,25-48,One Year,DSL,Credit Card,45.85,1246.4,1276.4,4,49,2068,0,No,,,Normal
8069-RHUXK,Female,55,No,Yes,No,Fullerton,California,67,49-72,Two Year,Cable,Credit Card,35.7,2545.7,2545.7,3,25,5655,0,No,,,Normal
2908-WGAXL,Female,40,No,Yes,Yes,Fullerton,California,56,49-72,Two Year,,Credit Card,24.95,1468.9,3096.26,5,76,5243,0,No,,,High Risk
3378-AJRAO,Male,44,No,Yes,No,Garden Grove,California,44,25-48,One Year,,Bank Withdrawal,24.85,1013.6,2431.28,3,58,5331,0,No,,,Normal
6050-FFXES,Female,51,No,Yes,No,Garden Grove,California,69,49-72,Two Year,Fiber Optic,Bank Withdrawal,105.35,7240.65,8304.26,5,34,5268,0,No,,,Normal
0362-RAOQO,Female,48,No,No,No,Norco,California,40,25-48,Two Year,,Credit Card,19.65,830.25,1871.45,4,75,3878,0,No,,,Normal
9554-DFKIC,Male,50,No,Yes,Yes,Villa Park,California,30,25-48,Month-to-Month,DSL,Bank Withdrawal,54.45,1588.7,1963.4,4,38,2613,0,No,,,Normal
5527-ACHSO,Female,38,No,No,No,Orange,California,11,0-12,Month-to-Month,DSL,Credit Card,70.5,829.3,1353.01,3,75,5541,0,No,,,High Risk
0829-DDVLK,Female,58,No,No,No,Orange,California,15,13-24,One Year,,Credit Card,20.1,302.45,448.55,5,71,4359,0,No,,,Normal
1399-UBQIU,Male,35,No,No,No,Orange,California,11,0-12,Month-to-Month,DSL,Bank Withdrawal,69.35,712.25,889.79,3,47,2288,0,No,,,Normal
1813-JLKWR,Female,47,No,Yes,No,Orange,California,64,49-72,One Year,,Bank Withdrawal,19.8,1336.65,2824.65,5,31,5384,0,No,,,Normal
4957-TIALW,Female,26,No,No,No,Corona,California,15,13-24,One Year,Cable,Credit Card,65.6,1010.0,1311.65,3,28,2976,0,No,,,Normal
2054-PJOCK,Female,32,No,No,No,Corona,California,60,49-72,One Year,Cable,Credit Card,80.55,4847.05,5813.65,5,52,4159,0,No,,,Normal
9150-HEPMB,Male,57,No,No,No,Corona,California,56,49-72,One Year,Cable,Credit Card,52.7,3019.7,4229.86,3,63,4753,0,No,,,Normal
9030-QGZNL,Female,31,No,No,No,Corona,California,8,0-12,Two Year,,Credit Card,20.85,161.65,253.33,5,23,4249,0,No,,,Normal
3126-WQMGH,Female,19,No,Yes,No,Yorba Linda,California,49,49-72,Month-to-Month,DSL,Credit Card,52.15,2583.75,4026.33,4,40,5224,0,No,,,Normal
7176-WRTNX,Male,51,No,No,No,Ventura,California,70,49-72,Two Year,Fiber Optic,Bank Withdrawal,114.95,7711.25,8735.35,3,26,4511,0,No,,,Normal
9239-GZHZE,Female,25,No,Yes,No,Carpinteria,California,72,49-72,Two Year,Fiber Optic,Credit Card,113.65,8124.2,9913.4,3,79,6469,0,No,,,High Risk
7205-BAIAD,Female,42,No,No,No,Fillmore,California,40,25-48,Two Year,,Bank Withdrawal,20.6,827.3,1742.9,3,27,3091,0,No,,,Normal
0219-QAERP,Male,33,No,Yes,No,Oxnard,California,30,25-48,One Year,,Credit Card,19.8,576.65,870.95,5,74,4006,0,No,,,Normal
2135-DQWAQ,Female,37,No,No,No,Santa Barbara,California,5,0-12,Month-to-Month,Fiber Optic,Credit Card,85.3,420.45,659.15,4,67,2689,0,No,,,Normal
4056-QHXHZ,Female,49,No,Yes,Yes,Goleta,California,72,49-72,Two Year,Fiber Optic,Credit Card,107.45,7576.7,7771.82,4,28,5246,0,No,,,Normal
7401-JIXNM,Female,27,No,Yes,No,Arvin,California,54,49-72,Two Year,Cable,Credit Card,91.3,4965.0,6566.64,3,27,5907,0,No,,,Normal
9339-FIIJL,Male,57,No,Yes,No,Avenal,California,72,49-72,Two Year,DSL,Bank Withdrawal,85.95,6151.9,6941.74,4,62,6450,0,No,,,Normal
6670-MFRPK,Male,53,No,Yes,Yes,Coalinga,California,69,49-72,Two Year,Fiber Optic,Credit Card,79.2,5420.65,6908.289999999999,4,63,4072,0,No,,,Normal
6177-PEVRA,Female,58,No,No,No,Corcoran,California,48,25-48,Two Year,DSL,Credit Card,55.5,2627.35,3252.79,4,48,4975,0,No,,,Normal
4813-HQMGZ,Female,54,No,Yes,No,Ducor,California,8,0-12,Month-to-Month,Fiber Optic,Bank Withdrawal,90.25,743.75,822.79,3,76,4969,0,No,,,Normal
7579-KKLOE,Male,59,No,Yes,No,Earlimart,California,71,49-72,Two Year,DSL,Credit Card,91.25,6589.6,9893.23,3,30,5529,0,No,,,Normal
8402-EIVQS,Male,40,No,Yes,No,Frazier Park,California,67,49-72,One Year,Fiber Optic,Credit Card,100.9,6733.15,8837.619999999999,3,31,4078,0,No,,,Normal
4947-DSMXK,Male,28,No,Yes,Yes,Farmersville,California,34,25-48,Month-to-Month,Fiber Optic,Bank Withdrawal,97.7,3410.0,4863.16,3,39,5789,0,No,,,Normal
0002-ORFBO,Female,37,No,Yes,No,Frazier Park,California,9,0-12,One Year,Cable,Credit Card,65.6,593.3,974.81,3,65,2205,0,No,,,Normal
3324-OIRTO,Male,23,No,Yes,Yes,Glennville,California,71,49-72,One Year,Fiber Optic,Bank Withdrawal,104.65,7288.4,8292.34,4,74,6101,0,No,,,High Risk
5414-OFQCB,Male,34,No,No,No,Hanford,California,57,49-72,Two Year,Fiber Optic,Credit Card,90.45,5229.8,7053.6900000000005,5,24,5076,0,No,,,Normal
4967-WPNCF,Male,36,No,No,No,Huron,California,72,49-72,Two Year,Cable,Bank Withdrawal,63.7,4464.8,4464.8,3,46,4921,0,No,,,Normal
8499-BRXTD,Male,28,No,No,No,Kernville,California,18,13-24,One Year,,Credit Card,20.1,401.85,1098.99,5,57,5586,0,No,,,Normal
9154-QDGTH,Male,20,No,Yes,Yes,Kettleman City,California,43,25-48,One Year,Fiber Optic,Credit Card,104.3,4451.85,5433.54,5,60,3927,0,No,,,Normal
8197-BFWVU,Female,62,No,Yes,No,Lake Isabella,California,72,49-72,Two Year,Cable,Bank Withdrawal,93.25,6688.95,6812.79,3,28,5197,0,No,,,Normal
2577-GVSIL,Male,61,No,Yes,No,Lamont,California,35,25-48,One Year,DSL,Bank Withdrawal,73.45,2661.1,3129.75,4,66,4719,0,No,,,Normal
9367-OIUXP,Male,28,No,No,No,Laton,California,4,0-12,Month-to-Month,,Credit Card,20.7,73.05,254.53,5,76,4676,0,No,,,Normal
6770-UAYGJ,Female,23,No,Yes,Yes,Lebec,California,49,49-72,Two Year,,Credit Card,25.25,1211.65,2860.5,3,35,5616,0,No,,,Normal
6463-HHXJR,Female,61,No,Yes,Yes,Lemon Cove,California,71,49-72,Two Year,Fiber Optic,Bank Withdrawal,100.5,7030.65,9622.15,4,41,4080,0,No,,,Normal
7928-VJYAB,Male,44,No,Yes,Yes,Lemoore,California,11,0-12,Month-to-Month,Fiber Optic,Bank Withdrawal,90.6,1020.2,1443.48,5,65,2004,0,No,,,Normal
1187-WILMM,Male,39,No,Yes,No,Lindsay,California,63,49-72,Two Year,DSL,Credit Card,89.4,5597.65,8404.3,3,80,5004,0,No,,,High Risk
1306-RPWXZ,Female,60,No,No,Yes,Mc Farland,California,49,49-72,Two Year,,Credit Card,20.45,1024.65,2577.95,4,20,4784,0,No,,,Normal
3097-PYWXL,Female,30,No,Yes,Yes,New Cuyama,California,4,0-12,Month-to-Month,,Bank Withdrawal,19.95,82.9,197.1,4,26,2951,0,No,,,Normal
2266-SJNAT,Female,21,No,Yes,No,Temecula,California,72,49-72,One Year,Fiber Optic,Credit Card,109.15,7789.6,8642.800000000001,4,46,4807,0,No,,,Normal
2972-YDYUW,Female,47,No,No,No,Posey,California,57,49-72,One Year,Fiber Optic,Bank Withdrawal,94.7,5468.95,7688.53,4,70,4507,0,No,,,Normal
1104-FEJAM,Male,52,No,Yes,Yes,Richgrove,California,28,25-48,Month-to-Month,DSL,Bank Withdrawal,64.4,1802.15,2062.83,3,48,2434,0,No,,,Normal
2809-ILCYT,Female,56,No,Yes,No,Sequoia National Park,California,25,25-48,One Year,,Credit Card,26.8,733.55,823.55,5,78,3428,0,No,,,Normal
5499-ECUTN,Female,49,No,Yes,No,Shafter,California,47,25-48,One Year,DSL,Credit Card,66.05,3021.45,3369.77,4,73,3404,0,No,,,Normal
4981-FLTMF,Female,35,No,Yes,Yes,Springville,California,57,49-72,Month-to-Month,DSL,Bank Withdrawal,65.2,3687.85,3775.63,3,76,4491,0,No,,,Normal
3113-IWHLC,Male,24,No,No,No,Strathmore,California,5,0-12,Month-to-Month,DSL,Credit Card,55.8,274.35,480.8,3,69,2612,0,No,,,Normal
4277-BWBML,Male,48,No,Yes,Yes,Three Rivers,California,72,49-72,Two Year,,Bank Withdrawal,19.95,1322.85,1937.01,3,56,5092,0,No,,,Normal
0234-TEVTT,Female,43,No,Yes,Yes,Tulare,California,48,25-48,One Year,DSL,Credit Card,45.0,2196.3,2196.3,3,21,5269,0,No,,,Normal
4304-TSPVK,Female,46,No,Yes,No,Tupman,California,68,49-72,Two Year,Fiber Optic,Bank Withdrawal,114.9,7843.55,9417.07,3,77,5782,0,No,,,High Risk
1552-AAGRX,Female,22,No,No,No,Visalia,California,30,25-48,Month-to-Month,Fiber Optic,Bank Withdrawal,106.4,3211.9,4546.6,4,35,5503,0,No,,,Normal
7874-ECPQJ,Female,57,No,No,Yes,Wofford Heights,California,4,0-12,Month-to-Month,,Bank Withdrawal,20.05,85.5,194.98,5,57,4462,0,No,,,Normal
0020-INWCK,Female,58,No,Yes,Yes,Woodlake,California,71,49-72,Two Year,Fiber Optic,Credit Card,95.75,6849.4,8784.86,5,26,4865,0,No,,,Normal
7089-RKVSZ,Male,43,No,Yes,No,Woody,California,8,0-12,One Year,,Mailed Check,24.4,203.95,389.39,5,35,2028,0,No,,,Normal
2683-JXWQQ,Male,24,No,Yes,Yes,Visalia,California,61,49-72,Month-to-Month,DSL,Bank Withdrawal,33.6,2117.2,2227.2,3,64,6495,0,No,,,Normal
9548-ZMVTX,Male,31,No,Yes,Yes,Visalia,California,72,49-72,Two Year,Fiber Optic,Bank Withdrawal,90.45,6565.85,7178.570000000001,3,35,4461,0,No,,,Normal
8739-XNIKG,Female,29,No,No,No,Bakersfield,California,5,0-12,Month-to-Month,Fiber Optic,Bank Withdrawal,84.0,424.75,667.2,4,54,4456,0,No,,,Normal
9755-JHNMN,Female,37,No,No,No,Bakersfield,California,49,49-72,Two Year,Cable,Bank Withdrawal,67.4,3306.85,4308.9,3,66,5075,0,No,,,Normal
3981-QSVQI,Male,28,No,No,No,Bakersfield,California,8,0-12,Month-to-Month,,Bank Withdrawal,19.7,168.9,346.1,4,22,5498,0,No,,,Normal
9424-CMPOG,Male,53,No,Yes,Yes,Bakersfield,California,9,0-12,Two Year,,Mailed Check,19.6,197.4,221.52,3,65,4406,0,No,,,Normal
5067-WJEUN,Male,42,No,Yes,Yes,Bakersfield,California,67,49-72,Two Year,Cable,Bank Withdrawal,54.2,3838.2,4578.5,4,57,6005,0,No,,,Normal
3450-WXOAT,Male,36,No,No,No,Bakersfield,California,46,25-48,Month-to-Month,Cable,Credit Card,45.2,2065.15,3175.13,5,75,3150,0,No,,,Normal
9251-WNSOD,Female,23,No,Yes,No,Bakersfield,California,67,49-72,One Year,DSL,Mailed Check,75.1,5064.45,5380.02,4,25,4931,0,No,,,Normal
6974-DAFLI,Female,54,No,Yes,No,Bakersfield,California,55,49-72,One Year,,Bank Withdrawal,19.7,1140.05,1320.4499999999998,3,28,4888,0,No,,,Normal
2616-UUTFK,Male,54,No,Yes,No,Bakersfield,California,33,25-48,Month-to-Month,DSL,Bank Withdrawal,72.75,2447.45,3078.08,3,75,4959,0,No,,,Normal
7064-JHXCE,Male,64,No,Yes,Yes,San Luis Obispo,California,62,49-72,Two Year,,Credit Card,20.05,1263.9,2563.42,5,63,6444,0,No,,,Normal
7989-AWGEH,Male,24,No,Yes,Yes,San Luis Obispo,California,49,49-72,Month-to-Month,DSL,Bank Withdrawal,39.2,1838.15,1838.15,4,39,4810,0,No,,,Normal
4559-UWIHT,Male,37,No,Yes,No,Atascadero,California,14,13-24,Month-to-Month,Fiber Optic,Bank Withdrawal,82.65,1185.0,1822.98,5,79,4965,0,No,,,Normal
6650-BWFRT,Female,43,No,Yes,No,Cambria,California,72,49-72,Two Year,Fiber Optic,Credit Card,117.15,8529.5,10321.58,3,41,4743,0,No,,,Normal
9570-KYEUA,Male,38,No,No,No,Casmalia,California,64,49-72,Two Year,Fiber Optic,Credit Card,99.25,6549.45,8888.01,4,59,5213,0,No,,,Normal
6993-YGFJV,Male,29,No,Yes,No,Cayucos,California,69,49-72,Two Year,Fiber Optic,Bank Withdrawal,112.55,7806.5,8041.79,4,52,5532,0,No,,,Normal
0730-BGQGF,Male,48,No,Yes,Yes,Grover Beach,California,71,49-72,Two Year,DSL,Credit Card,90.3,6287.3,7502.71,3,63,6291,0,No,,,Normal
5498-IBWPI,Female,34,No,Yes,Yes,Guadalupe,California,66,49-72,One Year,Cable,Credit Card,49.4,3251.85,6427.11,3,59,5232,0,No,,,Normal
9314-QDMDW,Male,29,No,No,No,Los Alamos,California,11,0-12,One Year,Cable,Bank Withdrawal,61.25,729.95,1036.19,3,58,2738,0,No,,,Normal
9308-ANMVE,Male,52,No,No,Yes,Los Olivos,California,47,25-48,Month-to-Month,Cable,Bank Withdrawal,55.3,2654.05,3840.8,3,52,5491,0,No,,,Normal
3413-DHLPB,Male,57,No,Yes,Yes,Oceano,California,60,49-72,Month-to-Month,Fiber Optic,Bank Withdrawal,103.75,5969.95,6139.75,4,53,6237,0,No,,,Normal
7649-PHJVR,Male,22,No,No,No,Paso Robles,California,11,0-12,One Year,,Mailed Check,19.5,226.8,595.0799999999999,4,28,5825,0,No,,,Normal
6114-TCFID,Female,47,No,No,No,Pismo Beach,California,29,25-48,One Year,Cable,Credit Card,39.5,1082.75,1082.75,3,29,5103,0,No,,,Normal
3787-TRIAL,Male,23,No,Yes,Yes,San Ardo,California,21,13-24,Month-to-Month,DSL,Bank Withdrawal,26.05,565.75,565.75,5,44,4302,0,No,,,Normal
1247-QBVSH,Female,41,No,Yes,Yes,Santa Margarita,California,43,25-48,Month-to-Month,DSL,Mailed Check,50.2,2169.4,2798.92,4,49,5284,0,No,,,Normal
6734-GMPVK,Male,34,No,No,No,Santa Maria,California,5,0-12,Month-to-Month,Fiber Optic,Bank Withdrawal,105.3,550.6,773.85,3,66,4024,0,No,,,Normal
6161-ERDGD,Male,57,No,Yes,Yes,Santa Maria,California,71,49-72,One Year,DSL,Bank Withdrawal,85.45,6300.85,7962.96,4,32,5280,0,No,,,Normal
1226-JZNKR,Female,20,No,Yes,No,Santa Ynez,California,8,0-12,One Year,,Bank Withdrawal,19.8,160.05,387.01,4,51,5698,0,No,,,Normal
7318-EIVKO,Male,38,No,No,No,Shandon,California,8,0-12,Month-to-Month,DSL,Bank Withdrawal,59.25,436.6,822.2,3,54,3003,0,No,,,Normal
3771-PZOBW,Male,38,No,No,No,Solvang,California,20,13-24,Month-to-Month,Fiber Optic,Credit Card,90.7,1781.35,2289.55,4,77,2927,0,No,,,Normal
8231-BSWXX,Male,44,No,No,No,Mojave,California,71,49-72,One Year,Fiber Optic,Credit Card,79.05,5552.5,8487.64,4,38,5466,0,No,,,Normal
7176-WIONM,Female,24,No,Yes,No,Bishop,California,12,0-12,Month-to-Month,Cable,Bank Withdrawal,49.85,617.15,617.15,3,24,2873,0,No,,,Normal
5141-ZUVBH,Female,46,No,No,Yes,Boron,California,9,0-12,Month-to-Month,Fiber Optic,Bank Withdrawal,93.0,870.25,1249.15,3,40,2267,0,No,,,Normal
7623-HKYRK,Male,46,No,No,Yes,Caliente,California,6,0-12,Month-to-Month,,Mailed Check,19.7,111.65,278.33000000000004,3,44,2276,0,No,,,Normal
0310-SUCIN,Female,50,No,Yes,No,Darwin,California,71,49-72,One Year,Cable,Bank Withdrawal,84.8,6046.1,7683.360000000001,3,28,5643,0,No,,,Normal
5197-PYEPU,Female,21,No,Yes,Yes,Edwards,California,42,25-48,One Year,Fiber Optic,Credit Card,94.45,3923.8,4331.34,3,63,5643,0,No,,,Normal
6619-RPLQZ,Female,24,No,Yes,Yes,June Lake,California,45,25-48,Two Year,,Mailed Check,20.85,892.15,2700.7,4,32,2844,0,No,,,Normal
3275-RHRNE,Male,58,No,Yes,Yes,Keeler,California,28,25-48,One Year,DSL,Credit Card,60.0,1682.05,1682.05,5,80,2797,0,No,,,Normal
3503-TYDAY,Female,41,No,Yes,No,Keene,California,43,25-48,Month-to-Month,Fiber Optic,Bank Withdrawal,80.45,3398.9,5197.59,4,35,5357,0,No,,,Normal
6901-GOGZG,Male,28,No,No,Yes,Lake Hughes,California,60,49-72,Two Year,DSL,Bank Withdrawal,84.95,4984.85,7982.450000000001,3,41,4104,0,No,,,Normal
7021-XSNYE,Male,46,No,Yes,Yes,Lancaster,California,7,0-12,Two Year,DSL,Credit Card,49.65,305.55,305.55,3,60,2750,0,No,,,Normal
9621-OUPYD,Female,21,No,Yes,No,Lancaster,California,25,25-48,One Year,,Bank Withdrawal,20.2,507.9,770.15,3,23,4129,0,No,,,Normal
8982-NHAVY,Male,23,No,No,No,Littlerock,California,27,25-48,One Year,Fiber Optic,Bank Withdrawal,100.5,2673.45,2982.67,3,50,5939,0,No,,,Normal
4307-KWMXE,Male,53,No,No,No,Llano,California,10,0-12,Month-to-Month,DSL,Bank Withdrawal,35.75,389.8,389.8,3,59,2263,0,No,,,Normal
2450-ZKEED,Female,33,No,No,No,Mammoth Lakes,California,11,0-12,One Year,DSL,Bank Withdrawal,53.8,651.55,733.17,5,27,5899,0,No,,,Normal
3694-DELSO,Male,56,No,Yes,Yes,Olancha,California,4,0-12,Month-to-Month,DSL,Credit Card,38.55,156.1,156.1,4,40,3824,0,No,,,Normal
3893-JRNFS,Male,19,No,No,No,Palmdale,California,68,49-72,Month-to-Month,DSL,Bank Withdrawal,39.9,2796.35,2796.35,4,69,6270,0,No,,,Normal
1133-KXCGE,Female,38,No,No,No,Palmdale,California,18,13-24,One Year,,Mailed Check,20.1,407.05,745.45,4,55,2910,0,No,,,Normal
0142-GVYSN,Male,57,No,No,No,Randsburg,California,26,25-48,Month-to-Month,,Bank Withdrawal,20.3,511.25,858.0899999999999,5,68,5712,0,No,,,Normal
1049-FYSYG,Female,48,No,Yes,No,Temecula,California,17,13-24,Month-to-Month,DSL,Credit Card,35.65,646.05,646.05,3,38,5977,0,No,,,Normal
1821-BUCWY,Male,35,No,No,No,Valyermo,California,30,25-48,Two Year,Cable,Mailed Check,55.65,1653.85,3065.65,3,70,5445,0,No,,,Normal
8314-DPQHL,Male,61,No,No,No,Auberry,California,9,0-12,One Year,DSL,Mailed Check,50.8,463.6,463.6,4,47,5535,0,No,,,Normal
9481-SFCQY,Female,44,No,No,Yes,Bass Lake,California,14,13-24,Month-to-Month,DSL,Credit Card,59.8,824.85,1442.81,4,51,5962,0,No,,,Normal
0567-GGCAC,Female,38,No,No,No,Biola,California,7,0-12,Month-to-Month,DSL,Bank Withdrawal,61.4,438.9,549.78,3,71,2845,0,No,,,Normal
8884-MRNSU,Male,61,No,Yes,No,Caruthers,California,17,13-24,One Year,,Bank Withdrawal,19.9,329.75,579.48,3,63,3526,0,No,,,Normal
2171-UDMFD,Male,22,No,Yes,Yes,Chowchilla,California,32,25-48,Month-to-Month,,Credit Card,19.45,674.55,1796.15,4,42,4363,0,No,,,Normal
9802-CAQUT,Female,27,No,Yes,Yes,Coarsegold,California,72,49-72,Two Year,Fiber Optic,Credit Card,109.55,7887.25,10411.33,4,27,5723,0,No,,,Normal
0187-WZNAB,Female,56,No,Yes,Yes,Del Rey,California,27,25-48,Month-to-Month,Fiber Optic,Credit Card,74.4,1972.35,3232.17,3,57,4331,0,No,,,Normal
1475-VWVDO,Male,55,No,No,No,Dos Palos,California,7,0-12,Month-to-Month,Fiber Optic,Bank Withdrawal,74.9,490.55,732.6800000000001,3,52,5335,0,No,,,Normal
1357-MVDOZ,Male,25,No,Yes,Yes,Firebaugh,California,11,0-12,Month-to-Month,DSL,Bank Withdrawal,59.65,683.25,915.79,3,71,2136,0,No,,,Normal
7602-MVRMB,Female,62,No,Yes,Yes,Fish Camp,California,72,49-72,Two Year,Fiber Optic,Bank Withdrawal,110.45,8058.85,11416.21,4,41,4754,0,No,,,Normal
5406-KGRMX,Female,30,No,No,No,Helm,California,71,49-72,Two Year,,Bank Withdrawal,24.55,1719.15,1908.01,5,74,4555,0,No,,,Normal
5968-HYJRZ,Male,28,No,Yes,Yes,Kerman,California,47,25-48,Two Year,,Credit Card,24.55,1160.45,1897.41,4,78,3629,0,No,,,Normal
7140-ADSMJ,Male,23,No,No,No,Los Banos,California,8,0-12,Month-to-Month,,Credit Card,20.45,162.3,443.98,3,24,5624,0,No,,,Normal
2230-XTUWL,Female,20,No,Yes,Yes,Madera,California,48,25-48,Two Year,,Credit Card,19.55,883.35,1519.83,5,68,5461,0,No,,,Normal
7706-YLMQA,Female,30,No,No,No,Madera,California,70,49-72,One Year,,Bank Withdrawal,19.7,1341.5,2041.5,4,72,6072,0,No,,,High Risk
7994-UYIVZ,Male,62,No,Yes,No,Miramonte,California,8,0-12,Month-to-Month,Fiber Optic,Bank Withdrawal,85.65,659.45,1046.17,4,72,2512,0,No,,,Normal
7717-BICXI,Male,37,No,Yes,Yes,O Neals,California,60,49-72,Two Year,,Credit Card,20.55,1205.05,2144.05,3,47,4020,0,No,,,Normal
6559-RAKOZ,Male,61,No,Yes,Yes,Orange Cove,California,49,49-72,One Year,Fiber Optic,Bank Withdrawal,97.95,4917.9,5702.879999999999,3,53,4301,0,No,,,Normal
4716-MRVEN,Female,30,No,No,No,Parlier,California,29,25-48,One Year,,Credit Card,20.0,599.3,1539.77,5,65,4128,0,No,,,Normal
2143-LJULT,Female,55,No,Yes,No,Fresno,California,67,49-72,Two Year,,Credit Card,25.25,1733.15,4100.93,5,32,5887,0,No,,,Normal
3200-MNQTF,Male,38,No,Yes,No,Raisin City,California,67,49-72,Two Year,DSL,Credit Card,70.9,4677.1,6557.120000000001,3,80,4361,0,No,,,Normal
6164-HXUGH,Female,40,No,Yes,Yes,Raymond,California,6,0-12,Month-to-Month,,Credit Card,19.85,119.3,158.18,3,31,5060,0,No,,,Normal
5630-IXDXV,Female,51,No,No,No,Reedley,California,47,25-48,Month-to-Month,Fiber Optic,Bank Withdrawal,106.35,4849.1,5532.4800000000005,4,74,3723,0,No,,,Normal
0320-DWVTU,Female,46,No,No,No,Riverdale,California,53,49-72,Two Year,Fiber Optic,Credit Card,99.5,5424.25,7733.46,3,23,4754,0,No,,,Normal
9135-MGVPY,Male,41,No,Yes,No,Sanger,California,69,49-72,Two Year,DSL,Credit Card,84.7,5878.9,9216.43,3,70,5345,0,No,,,Normal
7878-JGDKK,Male,38,No,No,No,Selma,California,4,0-12,Month-to-Month,Cable,Credit Card,44.55,220.75,341.03,3,45,2124,0,No,,,Normal
1088-AUUZZ,Male,33,No,Yes,Yes,Shaver Lake,California,56,49-72,Two Year,DSL,Credit Card,75.85,4261.2,6365.68,3,52,5314,0,No,,,Normal
6476-EPYZR,Male,57,No,Yes,Yes,Wishon,California,12,0-12,Month-to-Month,,Credit Card,20.5,255.5,808.22,3,65,2891,0,No,,,Normal
1174-FGIFN,Female,44,No,Yes,Yes,Squaw Valley,California,28,25-48,One Year,Fiber Optic,Bank Withdrawal,90.45,2509.25,3245.09,3,74,5823,0,No,,,High Risk
6620-HVDUJ,Male,50,No,No,No,Fresno,California,24,13-24,Month-to-Month,DSL,Bank Withdrawal,60.45,1440.75,2009.79,5,56,5095,0,No,,,Normal
1032-MAELW,Female,57,No,Yes,Yes,Fresno,California,68,49-72,One Year,DSL,Bank Withdrawal,78.45,5333.35,5841.31,5,67,5071,0,No,,,Normal
7641-TQFHN,Male,21,No,No,Yes,Fresno,California,39,25-48,Two Year,Fiber Optic,Credit Card,100.55,3895.35,4469.43,3,71,3124,0,No,,,Normal
1552-TKMXS,Female,37,No,Yes,No,Fresno,California,42,25-48,Month-to-Month,,Credit Card,20.35,869.9,1119.8,3,69,2127,0,No,,,Normal
8622-ZLFKO,Female,56,No,Yes,No,Fresno,California,6,0-12,Month-to-Month,Fiber Optic,Bank Withdrawal,90.75,512.25,652.35,4,54,4297,0,No,,,Normal
6188-UXBBR,Female,47,No,Yes,No,Fresno,California,38,25-48,One Year,,Credit Card,20.25,814.75,1215.27,4,25,4411,0,No,,,Normal
2333-KWEWW,Male,64,No,No,No,Fresno,California,18,13-24,Two Year,,Credit Card,20.05,388.6,861.28,3,20,2782,0,No,,,Normal
5702-SKUOB,Female,34,No,Yes,No,Fresno,California,4,0-12,Month-to-Month,,Credit Card,19.6,93.45,210.01,4,66,4580,0,No,,,Normal
1134-YWTYF,Male,32,No,Yes,No,Fresno,California,27,25-48,Month-to-Month,DSL,Bank Withdrawal,53.8,1389.85,2509.8099999999995,4,66,2563,0,No,,,Normal
6061-GWWAV,Male,44,No,No,Yes,Fresno,California,41,25-48,One Year,Cable,Credit Card,70.2,2894.55,3458.71,4,56,5365,0,No,,,Normal
0679-TDGAK,Male,29,No,Yes,Yes,Fresno,California,50,49-72,One Year,Cable,Bank Withdrawal,75.5,4025.6,5717.1,3,21,5141,0,No,,,Normal
6585-WCEWR,Male,24,No,Yes,Yes,Fresno,California,72,49-72,Two Year,,Bank Withdrawal,20.35,1354.4,2994.5600000000004,3,41,4949,0,No,,,Normal
9067-YGSCA,Female,35,No,No,No,Salinas,California,70,49-72,One Year,,Credit Card,26.05,1856.4,4049.5,5,21,4467,0,No,,,Normal
9067-SQTNS,Male,37,No,Yes,Yes,Salinas,California,44,25-48,One Year,,Bank Withdrawal,20.6,926.0,2463.36,5,44,2471,0,No,,,Normal
1776-SPBWV,Female,43,No,Yes,Yes,Salinas,California,34,25-48,One Year,,Bank Withdrawal,20.1,682.1,2100.58,5,21,2272,0,No,,,Normal
9668-PUGNU,Male,20,No,Yes,No,Escondido,California,71,49-72,Two Year,,Bank Withdrawal,24.5,1816.2,4100.9800000000005,4,38,4058,0,No,,,Normal
9405-GPBBG,Female,42,No,No,No,Carmel By The Sea,California,64,49-72,Two Year,Fiber Optic,Credit Card,110.5,7069.25,7492.77,5,64,5718,0,No,,,Normal
1926-QUZNN,Female,45,No,Yes,No,Carmel,California,72,49-72,Two Year,,Bank Withdrawal,25.25,1841.2,5405.92,3,36,4551,0,No,,,Normal
5829-NVSQN,Female,38,No,Yes,No,Gonzales,California,23,13-24,One Year,DSL,Bank Withdrawal,68.75,1689.45,2411.42,3,34,3519,0,No,,,Normal
9565-AXSMR,Male,19,No,Yes,Yes,Greenfield,California,52,49-72,Two Year,,Credit Card,19.2,1054.75,3174.27,5,78,4203,0,No,,,Normal
8869-LIHMK,Female,51,No,No,No,King City,California,64,49-72,Two Year,Fiber Optic,Bank Withdrawal,115.1,7334.05,10169.89,3,78,5213,0,No,,,High Risk
0447-RXSGD,Male,39,No,No,No,Monterey,California,24,13-24,Month-to-Month,Fiber Optic,Bank Withdrawal,99.65,2404.85,3021.17,3,47,5207,0,No,,,Normal
5788-YPOEG,Female,41,No,Yes,Yes,Pebble Beach,California,34,25-48,Two Year,DSL,Credit Card,84.75,2839.45,3148.51,3,51,2020,0,No,,,Normal
0661-KBKPA,Male,43,No,Yes,Yes,Seaside,California,53,49-72,One Year,DSL,Credit Card,78.75,3942.45,5631.03,4,73,5052,0,No,,,High Risk
9081-WWXKP,Female,64,No,Yes,Yes,Soledad,California,47,25-48,Two Year,,Credit Card,20.25,873.4,2628.85,5,38,2070,0,No,,,Normal
0784-ZQJZX,Male,22,No,No,Yes,Spreckels,California,72,49-72,Two Year,,Credit Card,19.9,1529.65,3828.61,4,72,5730,0,No,,,High Risk
3133-PZNSR,Male,25,No,Yes,Yes,Belmont,California,72,49-72,Two Year,Fiber Optic,Credit Card,97.75,6991.6,8488.48,3,46,4054,0,No,,,Normal
0722-SVSFK,Female,45,No,No,No,Half Moon Bay,California,7,0-12,Month-to-Month,Fiber Optic,Bank Withdrawal,100.4,715.0,988.14,3,56,5041,0,No,,,Normal
3612-YVGSJ,Female,59,No,Yes,No,La Honda,California,71,49-72,Two Year,,Credit Card,24.45,1681.6,4024.6,5,77,4742,0,No,,,Normal
5397-NSKQG,Male,39,No,Yes,Yes,Los Altos,California,67,49-72,Two Year,DSL,Credit Card,50.9,3281.65,3281.65,4,62,5281,0,No,,,Normal
8565-HBFNN,Male,51,No,Yes,No,Los Altos,California,69,49-72,One Year,Fiber Optic,Credit Card,107.2,7317.1,9619.63,4,51,5935,0,No,,,Normal
8670-ERCJH,Male,33,No,No,No,Portola Valley,California,72,49-72,Two Year,Fiber Optic,Bank Withdrawal,113.4,8164.1,8348.42,3,56,6347,0,No,,,Normal
7758-UJWYS,Male,31,No,Yes,Yes,Millbrae,California,34,25-48,Two Year,DSL,Bank Withdrawal,40.55,1325.85,1325.85,5,31,3897,0,No,,,Normal
2050-ONYDQ,Female,48,No,Yes,Yes,Montara,California,65,49-72,Two Year,,Credit Card,26.0,1654.85,1846.6,3,72,5352,0,No,,,High Risk
7055-JCGNI,Female,60,No,No,No,Moss Beach,California,70,49-72,Two Year,Fiber Optic,Credit Card,111.95,7795.95,10915.85,4,25,4182,0,No,,,Normal
0739-UUAJR,Female,61,No,Yes,Yes,Mountain View,California,72,49-72,Two Year,Cable,Credit Card,53.8,3952.45,3952.45,3,28,4954,0,No,,,Normal
4826-DXMUP,Male,23,No,No,Yes,Mountain View,California,35,25-48,One Year,DSL,Credit Card,72.1,2495.15,2849.0,4,45,5510,0,No,,,Normal
7285-KLOTR,Female,46,No,Yes,No,Pacifica,California,12,0-12,One Year,Cable,Bank Withdrawal,78.85,876.75,1177.83,3,55,2495,0,No,,,Normal
0654-PQKDW,Female,58,No,Yes,Yes,Pescadero,California,62,49-72,One Year,DSL,Bank Withdrawal,70.75,4263.45,6870.549999999999,3,24,4133,0,No,,,Normal
7175-NTIXE,Female,26,No,No,No,Redwood City,California,25,25-48,Month-to-Month,DSL,Credit Card,76.15,1992.95,2534.7,3,32,3955,0,No,,,Normal
7963-SHNDT,Female,63,No,No,No,Redwood City,California,52,49-72,Two Year,DSL,Credit Card,39.1,1982.1,2112.1,3,52,4247,0,No,,,Normal
8129-GMVGI,Female,58,No,Yes,Yes,San Bruno,California,56,49-72,Two Year,,Credit Card,20.05,1090.1,3071.38,4,59,5172,0,No,,,Normal
2882-DDZPG,Female,27,No,No,No,San Carlos,California,12,0-12,Month-to-Month,,Bank Withdrawal,19.45,227.45,657.1700000000001,4,76,4862,0,No,,,Normal
3547-LQRIK,Female,20,No,Yes,No,San Gregorio,California,47,25-48,One Year,,Bank Withdrawal,26.9,1250.85,1799.81,4,47,2382,0,No,,,Normal
5843-TTHGI,Female,30,No,No,No,Sunnyvale,California,18,13-24,Month-to-Month,DSL,Credit Card,50.0,892.7,1254.64,5,49,4952,0,No,,,Normal
1849-RJYIG,Female,43,No,No,No,Sunnyvale,California,8,0-12,Month-to-Month,DSL,Bank Withdrawal,60.0,487.75,861.99,3,29,5862,0,No,,,Normal
8868-GAGIO,Male,49,No,Yes,No,Sunnyvale,California,45,25-48,Month-to-Month,Fiber Optic,Credit Card,84.55,3713.95,4739.95,3,44,3289,0,No,,,Normal
5380-XPJNZ,Female,22,No,No,No,San Francisco,California,38,25-48,One Year,,Credit Card,20.05,678.2,2222.52,3,27,4539,0,No,,,Normal
8263-QMNTJ,Male,46,No,Yes,No,San Francisco,California,72,49-72,Two Year,Fiber Optic,Bank Withdrawal,115.55,8425.3,11868.34,3,58,5890,0,No,,,Normal
3230-JCNZS,Female,43,No,Yes,Yes,San Francisco,California,71,49-72,Two Year,Fiber Optic,Credit Card,99.0,7061.65,8178.48,3,74,4305,0,No,,,Normal
0277-ORXQS,Male,33,No,Yes,Yes,San Francisco,California,66,49-72,Two Year,Cable,Bank Withdrawal,50.55,3364.55,3474.55,4,30,4652,0,No,,,Normal
7996-BPXHY,Female,44,No,Yes,Yes,San Francisco,California,13,13-24,Two Year,,Bank Withdrawal,25.0,332.5,789.97,4,21,4734,0,No,,,Normal
3227-WLKLI,Female,52,No,Yes,Yes,San Francisco,California,65,49-72,Two Year,Cable,Bank Withdrawal,91.55,5963.95,6621.099999999999,3,26,4921,0,No,,,Normal
2266-FUBDZ,Male,19,No,Yes,Yes,San Francisco,California,15,13-24,Two Year,,Credit Card,19.35,278.85,975.9,3,54,2742,0,No,,,Normal
8237-ULIXL,Female,21,No,Yes,No,San Francisco,California,72,49-72,Two Year,,Credit Card,24.85,1871.85,2827.29,3,78,4067,0,No,,,Normal
8216-AZUUZ,Female,42,No,Yes,Yes,San Francisco,California,42,25-48,Two Year,Fiber Optic,Bank Withdrawal,100.4,4303.65,4832.849999999999,5,76,3265,0,No,,,Normal
9153-BTBVV,Female,61,No,Yes,No,San Francisco,California,71,49-72,Two Year,,Bank Withdrawal,25.0,1753.0,5161.71,4,79,4066,0,No,,,Normal
5186-PEIZU,Female,31,No,No,No,San Francisco,California,35,25-48,Month-to-Month,,Bank Withdrawal,19.25,617.65,1941.0,5,67,4988,0,No,,,Normal
1074-AMIOH,Female,38,No,Yes,Yes,San Francisco,California,53,49-72,Month-to-Month,Fiber Optic,Bank Withdrawal,108.25,5935.1,8234.77,4,73,5989,0,No,,,High Risk
4361-FEBGN,Male,41,No,No,No,San Francisco,California,48,25-48,Two Year,,Credit Card,20.15,982.95,2599.59,5,43,4399,0,No,,,Normal
0380-ZCSBI,Male,56,No,No,No,San Francisco,California,10,0-12,Month-to-Month,,Credit Card,20.0,198.7,242.9,5,66,2411,0,No,,,Normal
7145-FEJWU,Female,62,No,No,Yes,San Francisco,California,12,0-12,Month-to-Month,Fiber Optic,Bank Withdrawal,105.3,1275.65,1479.17,3,72,5913,0,No,,,High Risk
3969-JQABI,Female,47,No,Yes,No,Palo Alto,California,58,49-72,Month-to-Month,DSL,Credit Card,65.25,3791.6,6230.879999999999,3,64,5912,0,No,,,Normal
9624-EGDEQ,Female,49,No,No,No,Palo Alto,California,37,25-48,Two Year,,Credit Card,19.8,813.3,2366.9300000000003,5,61,5336,0,No,,,Normal
1051-EQPZR,Female,21,No,Yes,Yes,Stanford,California,44,25-48,Month-to-Month,,Credit Card,19.6,780.25,963.73,5,36,5584,0,No,,,Normal
5849-ASHZJ,Male,26,No,No,Yes,Palo Alto,California,27,25-48,One Year,,Credit Card,20.05,552.9,1020.0,3,65,2400,0,No,,,Normal
5780-INQIK,Female,52,No,No,No,San Mateo,California,8,0-12,Month-to-Month,DSL,Bank Withdrawal,49.4,408.25,575.45,4,48,2907,0,No,,,Normal
8384-FZBJK,Female,37,No,Yes,Yes,San Mateo,California,57,49-72,Month-to-Month,Fiber Optic,Bank Withdrawal,100.6,5611.7,7456.79,3,48,6351,0,No,,,Normal
3750-RNQKR,Female,38,No,No,No,Alameda,California,12,0-12,Month-to-Month,,Credit Card,19.45,246.25,463.69,4,33,4788,0,No,,,Normal
0962-CQPWQ,Female,57,No,Yes,Yes,Alameda,California,62,49-72,Two Year,,Bank Withdrawal,20.3,1296.15,1445.5700000000002,5,56,4574,0,No,,,Normal
3096-YXENJ,Female,25,No,Yes,No,Danville,California,65,49-72,Two Year,Fiber Optic,Bank Withdrawal,107.65,7082.85,8882.7,5,25,4193,0,No,,,Normal
1265-BCFEO,Female,30,No,Yes,No,Alamo,California,71,49-72,Two Year,Cable,Bank Withdrawal,80.45,5662.25,7549.43,5,75,4518,0,No,,,Normal
5837-LXSDN,Female,63,No,Yes,Yes,Angwin,California,21,13-24,One Year,Cable,Credit Card,58.85,1215.45,1965.57,4,25,2845,0,No,,,Normal
5945-AZYHT,Male,53,No,Yes,No,Antioch,California,71,49-72,One Year,Fiber Optic,Bank Withdrawal,109.6,7854.15,11355.87,3,22,4564,0,No,,,Normal
8325-QRPZR,Female,56,No,No,No,Benicia,California,7,0-12,Month-to-Month,Fiber Optic,Bank Withdrawal,75.15,525.0,745.42,3,50,4216,0,No,,,Normal
6384-VMJHP,Female,23,No,No,No,Bethel Island,California,72,49-72,Two Year,Cable,Credit Card,73.0,5265.2,6922.639999999999,4,80,5127,0,No,,,High Risk
7730-CLDSV,Female,61,No,Yes,Yes,Brentwood,California,72,49-72,Two Year,Fiber Optic,Bank Withdrawal,98.65,7129.45,9664.57,4,78,4616,0,No,,,Normal
1135-HIORI,Female,48,No,Yes,Yes,Byron,California,64,49-72,One Year,Fiber Optic,Bank Withdrawal,111.45,7266.95,9786.63,5,74,5129,0,No,,,High Risk
0164-APGRB,Female,56,No,No,No,Calistoga,California,72,49-72,Two Year,Fiber Optic,Bank Withdrawal,114.9,8496.7,11979.34,4,69,4589,0,No,,,Normal
6481-ESCNL,Female,33,No,No,No,Clayton,California,29,25-48,Month-to-Month,Fiber Optic,Bank Withdrawal,100.55,2878.75,3188.18,4,53,4847,0,No,,,Normal
1790-NESIO,Female,23,No,No,No,Concord,California,13,13-24,Two Year,,Credit Card,20.4,261.3,346.58000000000004,5,76,4883,0,No,,,Normal
1550-EENBN,Female,23,No,No,No,Concord,California,31,25-48,Month-to-Month,Fiber Optic,Bank Withdrawal,104.35,3205.6,4622.61,4,78,5320,0,No,,,High Risk
8198-RKSZG,Female,43,No,Yes,Yes,El Cerrito,California,14,13-24,Month-to-Month,DSL,Credit Card,80.45,1137.05,1273.83,3,26,5772,0,No,,,Normal
9297-EONCV,Female,47,No,No,No,Fremont,California,72,49-72,Two Year,DSL,Bank Withdrawal,91.35,6697.2,9880.32,3,52,5378,0,No,,,Normal
1069-QJOEE,Male,47,No,Yes,Yes,Hayward,California,25,25-48,One Year,,Bank Withdrawal,19.9,505.45,977.2,5,76,4134,0,No,,,Normal
7799-DSEWS,Male,22,No,No,No,Hayward,California,18,13-24,Month-to-Month,DSL,Bank Withdrawal,68.35,1299.8,2176.04,3,47,5993,0,No,,,Normal
8766-PAFNE,Male,21,No,Yes,No,Hayward,California,71,49-72,Two Year,DSL,Credit Card,79.1,5564.85,7554.27,5,29,5872,0,No,,,Normal
0820-FNRNX,Male,48,No,Yes,Yes,Lafayette,California,17,13-24,Month-to-Month,DSL,Mailed Check,66.7,1077.05,1584.84,3,46,2814,0,No,,,Normal
0880-FVFWF,Male,32,No,No,No,Livermore,California,56,49-72,Month-to-Month,Fiber Optic,Bank Withdrawal,86.4,4922.4,7002.799999999999,5,64,4449,0,No,,,Normal
4611-ANLQC,Female,31,No,Yes,No,Castro Valley,California,60,49-72,One Year,Cable,Bank Withdrawal,50.05,2911.5,2911.5,3,65,5493,0,No,,,Normal
4213-HKBJO,Female,60,No,No,No,Martinez,California,33,25-48,Two Year,,Credit Card,25.7,826.1,2030.6,4,39,3378,0,No,,,Normal
0014-BMAQU,Male,52,No,Yes,No,Napa,California,63,49-72,Two Year,Fiber Optic,Credit Card,84.65,5377.8,6214.280000000001,4,49,4604,0,No,,,Normal
9018-PCIOK,Female,63,No,No,No,Newark,California,55,49-72,Two Year,Cable,Mailed Check,64.75,3617.1,5102.1,3,36,4634,0,No,,,Normal
4837-QUSFT,Female,35,No,Yes,No,Oakley,California,65,49-72,One Year,Fiber Optic,Bank Withdrawal,100.15,6643.5,9023.8,4,72,4915,0,No,,,Normal
9953-ZMKSM,Male,28,No,No,No,Pinole,California,63,49-72,Two Year,,Mailed Check,25.25,1559.3,1811.93,4,79,4530,0,No,,,Normal
7665-NKLAV,Female,19,No,Yes,Yes,Pleasanton,California,36,25-48,Two Year,Cable,Credit Card,40.65,1547.35,1547.35,4,44,2564,0,No,,,Normal
4391-LNRXK,Male,37,No,No,No,Port Costa,California,22,13-24,Month-to-Month,Fiber Optic,Bank Withdrawal,94.95,2142.8,3200.34,5,28,4242,0,No,,,Normal
5893-PYOLZ,Male,55,No,No,No,San Leandro,California,56,49-72,Two Year,DSL,Credit Card,81.8,4534.45,7298.61,5,75,4399,0,No,,,Normal
6131-FOYAS,Male,48,No,No,No,San Lorenzo,California,35,25-48,Month-to-Month,DSL,Bank Withdrawal,59.6,2094.9,2816.25,3,27,2187,0,No,,,Normal
3027-YNWZU,Female,44,No,Yes,No,San Ramon,California,64,49-72,Two Year,,Credit Card,25.0,1584.8,2020.64,5,61,5538,0,No,,,Normal
5609-IMCGG,Female,44,No,No,No,Suisun City,California,15,13-24,Month-to-Month,Fiber Optic,Credit Card,84.35,1302.65,1395.95,3,35,3314,0,No,,,Normal
9481-WHGWY,Female,35,No,Yes,Yes,Pleasanton,California,70,49-72,Two Year,DSL,Credit Card,75.35,5437.75,8204.85,3,64,6477,0,No,,,Normal
4328-VUFWD,Female,62,No,No,No,Vallejo,California,39,25-48,One Year,DSL,Bank Withdrawal,59.3,2209.15,2473.1800000000003,4,42,5843,0,No,,,Normal
3301-LSLWQ,Female,32,No,No,No,Vallejo,California,29,25-48,Month-to-Month,Cable,Bank Withdrawal,66.1,1912.15,2430.38,3,72,5590,0,No,,,High Risk
7473-ZBDSN,Female,38,No,Yes,Yes,Walnut Creek,California,14,13-24,Two Year,,Mailed Check,18.8,255.55,879.25,5,28,5751,0,No,,,Normal
3166-PNEOF,Female,57,No,No,No,Walnut Creek,California,61,49-72,Two Year,Cable,Credit Card,86.45,5175.3,5450.41,4,74,4471,0,No,,,Normal
5639-NTUPK,Male,28,No,No,Yes,Walnut Creek,California,13,13-24,Month-to-Month,Cable,Credit Card,52.1,670.65,919.86,3,34,4929,0,No,,,Normal
8780-YRMTT,Female,64,No,No,No,Yountville,California,66,49-72,Two Year,DSL,Mailed Check,47.4,3177.25,3177.25,3,27,6435,0,No,,,Normal
5140-FOMCQ,Female,52,No,Yes,No,Oakland,California,59,49-72,One Year,Fiber Optic,Credit Card,109.15,6557.75,8945.48,4,67,5186,0,No,,,Normal
6242-SGYTS,Male,19,No,Yes,Yes,Oakland,California,62,49-72,One Year,Fiber Optic,Credit Card,94.95,5791.85,6768.97,4,27,4262,0,No,,,Normal
8414-OOEEL,Male,48,No,No,Yes,Oakland,California,66,49-72,Two Year,DSL,Credit Card,79.5,5196.1,6019.780000000001,4,66,4285,0,No,,,Normal
8454-AATJP,Female,41,No,No,No,Oakland,California,72,49-72,Two Year,Fiber Optic,Credit Card,115.05,8405.0,9816.2,3,46,5905,0,No,,,Normal
4531-AUZNK,Female,21,No,Yes,Yes,Oakland,California,51,49-72,One Year,Fiber Optic,Mailed Check,95.15,5000.05,5939.47,3,21,6492,0,No,,,Normal
4191-XOVOM,Male,25,No,No,No,Oakland,California,63,49-72,Month-to-Month,Fiber Optic,Bank Withdrawal,105.4,6713.2,8275.19,4,66,4551,0,No,,,Normal
2150-OEGBV,Male,31,No,No,No,Oakland,California,27,25-48,One Year,,Bank Withdrawal,20.1,562.6,1464.4,5,28,3428,0,No,,,Normal
4878-BUNFV,Male,59,No,Yes,Yes,Oakland,California,42,25-48,Two Year,,Mailed Check,20.7,828.85,2173.69,5,76,5320,0,No,,,High Risk
1872-EBWSC,Female,28,No,No,No,Berkeley,California,29,25-48,One Year,,Mailed Check,20.35,617.35,1231.86,4,66,4840,0,No,,,Normal
7026-YMSBE,Male,62,No,No,No,Berkeley,California,30,25-48,One Year,,Mailed Check,19.7,625.05,1362.15,4,59,3302,0,No,,,Normal
6997-UVGOX,Male,35,No,Yes,Yes,Albany,California,71,49-72,Two Year,DSL,Bank Withdrawal,85.45,6029.9,7650.83,3,44,5394,0,No,,,Normal
9674-EHPPG,Male,63,No,Yes,No,Berkeley,California,46,25-48,Two Year,DSL,Credit Card,40.4,1842.7,1922.7,3,44,2519,0,No,,,Normal
5440-VHLUL,Male,48,No,No,No,Berkeley,California,69,49-72,One Year,Fiber Optic,Bank Withdrawal,105.2,7386.05,10461.38,3,47,6247,0,No,,,Normal
5781-BKHOP,Female,48,No,Yes,No,Richmond,California,72,49-72,Two Year,Fiber Optic,Bank Withdrawal,100.65,7334.05,10335.01,3,20,6380,0,No,,,Normal
5213-TWWJU,Male,26,No,No,No,Richmond,California,28,25-48,Month-to-Month,Fiber Optic,Bank Withdrawal,91.0,2626.15,3892.87,3,66,2448,0,No,,,Normal
7629-WIXZF,Female,32,No,No,No,San Rafael,California,7,0-12,One Year,DSL,Bank Withdrawal,59.1,369.25,417.06,3,29,4770,0,No,,,Normal
5445-GLVOT,Female,64,No,No,No,Greenbrae,California,22,13-24,Month-to-Month,Cable,Bank Withdrawal,49.8,1049.05,1742.71,3,29,4667,0,No,,,Normal
3976-HXHCE,Male,57,No,No,No,Belvedere Tiburon,California,72,49-72,Two Year,,Bank Withdrawal,19.3,1414.8,4708.8,4,42,4722,0,No,,,Normal
2466-NEJOJ,Male,58,No,Yes,Yes,Bodega,California,8,0-12,Month-to-Month,,Credit Card,19.65,169.75,379.11,4,38,4535,0,No,,,Normal
0254-KCJGT,Male,64,No,Yes,No,Bodega Bay,California,52,49-72,One Year,Cable,Credit Card,81.4,4354.45,6504.13,4,64,4628,0,No,,,Normal
5472-CVMDX,Female,21,No,No,No,Bolinas,California,68,49-72,Two Year,DSL,Credit Card,38.9,2719.2,2719.2,3,45,5278,0,No,,,Normal
6461-SZMCV,Female,46,No,Yes,No,Corte Madera,California,71,49-72,Two Year,DSL,Bank Withdrawal,87.95,6365.35,7008.610000000001,4,71,4278,0,No,,,Normal
2346-DJQTB,Female,54,No,No,No,Fairfax,California,35,25-48,Month-to-Month,DSL,Bank Withdrawal,24.15,812.5,852.5,4,75,5097,0,No,,,High Risk
1697-LYYYX,Female,21,No,Yes,Yes,Cotati,California,61,49-72,One Year,,Credit Card,19.1,1143.8,3712.51,4,57,4376,0,No,,,Normal
9640-ZSLDC,Female,29,No,Yes,Yes,Lagunitas,California,53,49-72,One Year,DSL,Credit Card,60.6,3297.0,4992.47,4,38,4854,0,No,,,Normal
4231-LZUYM,Female,37,No,Yes,No,Larkspur,California,72,49-72,Two Year,,Bank Withdrawal,25.65,1887.0,2792.76,5,22,5613,0,No,,,Normal
3594-BDSOA,Female,44,No,Yes,No,Novato,California,24,13-24,One Year,,Credit Card,20.4,482.8,1343.44,5,79,3071,0,No,,,Normal
5133-VRSAB,Male,47,No,No,No,Olema,California,8,0-12,Month-to-Month,Cable,Credit Card,29.35,216.45,226.45,4,59,5369,0,No,,,Normal
6838-YAUVY,Female,26,No,No,No,Petaluma,California,54,49-72,Two Year,Fiber Optic,Bank Withdrawal,95.1,5064.85,5699.89,3,67,4825,0,No,,,Normal
0484-JPBRU,Male,23,No,No,No,Petaluma,California,41,25-48,Month-to-Month,,Bank Withdrawal,25.25,996.45,2686.0600000000004,4,40,3461,0,No,,,Normal
7883-ROJOC,Female,33,No,Yes,No,Point Reyes Station,California,19,13-24,Month-to-Month,Cable,Credit Card,44.9,839.65,1495.34,5,76,5842,0,No,,,High Risk
0244-LGNFY,Female,35,No,Yes,Yes,San Anselmo,California,72,49-72,Two Year,DSL,Bank Withdrawal,92.65,6733.0,8893.0,4,75,6342,0,No,,,High Risk
7274-CGTOD,Male,21,No,No,No,San Geronimo,California,62,49-72,Two Year,DSL,Bank Withdrawal,43.7,2618.3,2618.3,4,58,5254,0,No,,,Normal
4635-EJYPD,Male,39,No,Yes,Yes,Tomales,California,32,25-48,Two Year,,Credit Card,18.95,613.95,1746.43,4,49,4735,0,No,,,Normal
1866-ZSLJM,Male,31,No,No,No,Valley Ford,California,21,13-24,Month-to-Month,,Credit Card,20.5,402.85,1093.54,4,75,5654,0,No,,,High Risk
4636-TVXVG,Male,28,No,Yes,Yes,Woodacre,California,62,49-72,One Year,,Bank Withdrawal,19.95,1244.8,4218.32,4,32,4803,0,No,,,Normal
9392-XBGTD,Male,42,No,No,Yes,Aptos,California,27,25-48,Two Year,,Credit Card,20.6,581.85,812.7,4,56,2924,0,No,,,Normal
6402-SSEJG,Female,31,No,No,No,Ben Lomond,California,25,25-48,One Year,DSL,Bank Withdrawal,61.05,1540.2,1540.2,3,76,3695,0,No,,,Normal
1169-SAOCL,Male,45,No,No,No,Brookdale,California,49,49-72,One Year,Fiber Optic,Bank Withdrawal,106.65,5168.1,6401.58,5,27,5154,0,No,,,Normal
1110-KYLGQ,Female,46,No,No,No,Campbell,California,63,49-72,Month-to-Month,Fiber Optic,Credit Card,108.25,6780.1,7105.81,3,39,5331,0,No,,,Normal
9929-PLVPA,Female,51,No,No,Yes,Capitola,California,4,0-12,Month-to-Month,,Credit Card,20.4,94.5,217.66,3,65,4929,0,No,,,Normal
2371-JUNGC,Male,46,No,No,No,Cupertino,California,11,0-12,Month-to-Month,,Credit Card,20.25,208.0,522.8199999999999,4,33,4032,0,No,,,Normal
5074-FBGHB,Male,47,No,No,No,Freedom,California,64,49-72,One Year,Fiber Optic,Credit Card,104.65,6889.8,8550.6,4,80,6443,0,No,,,High Risk
2351-BKRZW,Female,30,No,Yes,Yes,Gilroy,California,43,25-48,Two Year,Cable,Bank Withdrawal,75.2,3254.35,4543.49,3,23,3976,0,No,,,Normal
4455-BFSPD,Female,35,No,Yes,No,Escondido,California,61,49-72,One Year,Fiber Optic,Bank Withdrawal,101.15,6383.9,8587.83,3,79,5177,0,No,,,High Risk
3948-KXDUF,Male,64,No,No,No,Los Gatos,California,66,49-72,Two Year,Cable,Bank Withdrawal,68.75,4447.55,5801.87,4,60,5454,0,No,,,Normal
2323-ARSVR,Male,51,No,Yes,No,Milpitas,California,67,49-72,Two Year,Fiber Optic,Bank Withdrawal,111.05,7321.05,10462.68,3,67,6103,0,No,,,Normal
0815-MFZGM,Female,54,No,Yes,No,Morgan Hill,California,42,25-48,Two Year,Fiber Optic,Credit Card,99.0,4135.0,4190.02,4,76,4545,0,No,,,Normal
5480-XTFFL,Female,60,No,Yes,Yes,Mount Hermon,California,31,25-48,Two Year,,Credit Card,21.0,697.7,1001.5,3,24,5225,0,No,,,Normal
8295-FHIVV,Male,63,No,No,No,Paicines,California,7,0-12,Month-to-Month,,Credit Card,19.4,168.65,232.98,5,56,5873,0,No,,,Normal
9086-YJYXS,Male,23,No,Yes,Yes,San Martin,California,34,25-48,One Year,Cable,Bank Withdrawal,77.2,2753.8,2937.0600000000004,5,58,3997,0,No,,,Normal
7909-FIOIY,Female,21,No,Yes,Yes,Santa Clara,California,19,13-24,Month-to-Month,Cable,Credit Card,24.85,434.8,434.8,5,39,2958,0,No,,,Normal
5468-BPMMO,Male,59,No,Yes,No,Santa Cruz,California,46,25-48,Month-to-Month,,Bank Withdrawal,19.6,851.2,1590.42,5,59,5092,0,No,,,Normal
0197-PNKNK,Female,47,No,Yes,Yes,Scotts Valley,California,69,49-72,One Year,Fiber Optic,Bank Withdrawal,84.45,5848.6,8574.08,3,49,5629,0,No,,,Normal
2439-QKJUL,Male,31,No,No,No,Saratoga,California,5,0-12,Month-to-Month,,Credit Card,20.25,109.8,148.95,3,44,5064,0,No,,,Normal
9534-NSXEM,Male,28,No,No,No,Watsonville,California,26,25-48,One Year,,Credit Card,20.65,595.5,1415.28,3,79,2194,0,No,,,Normal
8929-KSWIH,Male,21,No,No,No,San Jose,California,25,25-48,Two Year,Fiber Optic,Bank Withdrawal,99.3,2513.5,2637.0,4,23,3847,0,No,,,Normal
2250-IVBWA,Male,47,No,Yes,Yes,San Jose,California,64,49-72,Month-to-Month,Fiber Optic,Bank Withdrawal,81.05,5135.35,8302.710000000001,3,48,5168,0,No,,,Normal
1810-MVMAI,Male,31,No,Yes,Yes,San Jose,California,30,25-48,Month-to-Month,Cable,Bank Withdrawal,67.6,2000.2,3441.4,3,33,4104,0,No,,,Normal
9506-UXUSK,Male,53,No,No,No,San Jose,California,13,13-24,Month-to-Month,Fiber Optic,Bank Withdrawal,70.15,931.75,1590.96,5,30,4599,0,No,,,Normal
1229-RCALF,Female,37,No,Yes,No,San Jose,California,64,49-72,One Year,Fiber Optic,Bank Withdrawal,115.0,7396.15,10368.31,4,45,5189,0,No,,,Normal
3572-UOLYZ,Female,28,No,No,Yes,San Jose,California,46,25-48,Month-to-Month,Fiber Optic,Bank Withdrawal,84.8,3958.85,4146.53,3,39,5756,0,No,,,Normal
1429-UYJSV,Female,57,No,No,No,San Jose,California,12,0-12,One Year,,Credit Card,19.7,260.9,700.6999999999999,4,62,3423,0,No,,,Normal
6366-XIVKZ,Female,40,No,Yes,Yes,San Jose,California,13,13-24,Month-to-Month,Cable,Credit Card,63.15,816.8,1326.4,3,46,5916,0,No,,,Normal
3470-OBUET,Female,49,No,Yes,Yes,San Jose,California,67,49-72,Two Year,Cable,Credit Card,74.0,4868.4,7750.07,3,35,4188,0,No,,,Normal
2770-NSVDG,Male,25,No,Yes,No,San Jose,California,24,13-24,Month-to-Month,DSL,Bank Withdrawal,29.1,688.0,688.0,3,33,4636,0,No,,,Normal
9375-MHRRS,Male,37,No,No,No,San Jose,California,6,0-12,Month-to-Month,DSL,Credit Card,50.05,288.35,466.41,5,34,3929,0,No,,,Normal
4860-YZGZM,Male,27,No,No,No,San Jose,California,10,0-12,Month-to-Month,,Bank Withdrawal,20.0,185.4,579.3,3,63,2706,0,No,,,Normal
6599-GZWCM,Female,39,No,No,No,San Jose,California,13,13-24,One Year,Fiber Optic,Credit Card,74.65,966.25,1520.31,5,40,4172,0,No,,,Normal
7037-MTYVW,Male,26,No,Yes,Yes,San Jose,California,38,25-48,Two Year,DSL,Bank Withdrawal,85.4,3297.0,3962.76,4,51,5292,0,No,,,Normal
4760-THGOT,Female,33,No,Yes,No,San Jose,California,43,25-48,Month-to-Month,Fiber Optic,Bank Withdrawal,94.1,4107.3,6234.9400000000005,3,71,4392,0,No,,,Normal
4016-BJKTZ,Female,20,No,No,No,San Jose,California,25,25-48,Two Year,Fiber Optic,Bank Withdrawal,108.9,2809.05,3617.3,4,80,4398,0,No,,,Normal
6584-VQMYT,Male,19,No,No,Yes,San Jose,California,27,25-48,One Year,DSL,Credit Card,56.2,1567.55,1668.56,4,42,5978,0,No,,,Normal
9838-BFCQT,Male,61,No,Yes,Yes,San Jose,California,72,49-72,Two Year,,Credit Card,26.1,1851.45,4293.6900000000005,3,41,5475,0,No,,,Normal
2790-XUYMV,Male,19,No,No,Yes,Mount Hamilton,California,71,49-72,One Year,Fiber Optic,Credit Card,85.45,6028.95,8293.14,4,48,4777,0,No,,,Normal
0581-MDMPW,Female,63,No,No,No,San Jose,California,24,13-24,Month-to-Month,Fiber Optic,Credit Card,88.95,2072.75,3130.91,3,37,5557,0,No,,,Normal
1023-BQXZE,Male,30,No,No,No,Stockton,California,57,49-72,Two Year,DSL,Bank Withdrawal,74.35,4317.35,5723.540000000001,4,71,5548,0,No,,,High Risk
9163-GHAYE,Female,34,No,No,No,Stockton,California,15,13-24,Month-to-Month,Cable,Bank Withdrawal,48.85,736.8,1212.0,5,62,5584,0,No,,,Normal
3904-UKFRE,Male,27,No,No,No,Stockton,California,4,0-12,Month-to-Month,Fiber Optic,Bank Withdrawal,80.1,336.15,512.79,3,67,2333,0,No,,,Normal
5353-WILCI,Female,51,No,No,No,Stockton,California,28,25-48,Month-to-Month,Cable,Bank Withdrawal,56.05,1522.65,2867.73,3,47,4468,0,No,,,Normal
0058-EVZWM,Female,37,No,Yes,No,Stockton,California,55,49-72,Month-to-Month,Fiber Optic,Bank Withdrawal,89.8,4959.6,5239.0,3,42,5875,0,No,,,Normal
7009-PCARS,Male,53,No,No,Yes,Stockton,California,55,49-72,One Year,,Bank Withdrawal,19.1,1001.5,3162.45,5,66,4391,0,No,,,Normal
0519-DRGTI,Female,58,No,Yes,Yes,Stockton,California,20,13-24,Month-to-Month,,Credit Card,20.35,442.6,1291.8000000000002,4,49,2522,0,No,,,Normal
1017-FBQMM,Female,47,No,Yes,Yes,Acampo,California,62,49-72,One Year,Fiber Optic,Credit Card,106.05,6703.5,7636.6,4,69,6361,0,No,,,Normal
1985-MBRYP,Female,44,No,No,No,Arnold,California,43,25-48,Two Year,,Bank Withdrawal,19.65,779.25,1067.78,3,41,3678,0,No,,,Normal
9372-TXXPS,Female,49,No,Yes,No,Burson,California,60,49-72,Two Year,Cable,Bank Withdrawal,59.85,3483.45,5967.45,3,54,4029,0,No,,,Normal
3259-QMXUN,Male,38,No,Yes,No,Campo Seco,California,58,49-72,Two Year,DSL,Bank Withdrawal,86.1,4890.5,6284.62,3,33,5666,0,No,,,Normal
1015-JPFYW,Male,47,No,No,Yes,Clements,California,7,0-12,One Year,,Credit Card,19.45,136.75,480.87,3,29,5084,0,No,,,Normal
5804-JMYIO,Female,40,No,Yes,Yes,Glencoe,California,39,25-48,Two Year,,Credit Card,19.75,757.95,1378.44,3,61,3944,0,No,,,Normal
6484-LATFU,Male,20,No,No,No,Linden,California,68,49-72,Two Year,,Credit Card,24.55,1657.4,2054.52,3,31,6042,0,No,,,Normal
7599-NTMDP,Female,32,No,Yes,Yes,Lockeford,California,62,49-72,Two Year,Cable,Bank Withdrawal,48.7,3008.55,3128.55,3,26,5453,0,No,,,Normal
0536-ACXIP,Female,34,No,Yes,No,Lodi,California,72,49-72,Two Year,Fiber Optic,Bank Withdrawal,109.55,8165.1,11347.5,3,53,6452,0,No,,,Normal
0936-NQLJU,Female,40,No,Yes,No,Mokelumne Hill,California,41,25-48,Two Year,,Credit Card,20.65,875.55,1221.59,3,79,5062,0,No,,,High Risk
1575-KRZZE,Female,64,No,No,No,Murphys,California,4,0-12,Month-to-Month,Cable,Bank Withdrawal,55.2,220.65,250.61,3,74,4042,0,No,,,Normal
3251-YMVWZ,Male,34,No,No,No,San Andreas,California,53,49-72,One Year,,Bank Withdrawal,24.05,1301.9,3388.51,3,20,4865,0,No,,,Normal
4884-LEVMQ,Male,39,No,Yes,No,Valley Springs,California,39,25-48,Two Year,,Bank Withdrawal,20.45,790.0,2209.21,5,80,2165,0,No,,,Normal
8857-CUPFQ,Male,57,No,Yes,No,Wallace,California,63,49-72,Two Year,,Credit Card,19.25,1237.65,2332.59,3,20,4538,0,No,,,Normal
7610-TVOPG,Male,48,No,No,No,West Point,California,15,13-24,Month-to-Month,,Bank Withdrawal,26.35,378.6,498.0,3,73,2723,0,No,,,Normal
3638-DIMPH,Female,34,No,Yes,No,Wilseyville,California,13,13-24,One Year,DSL,Bank Withdrawal,43.8,592.65,976.02,3,40,4369,0,No,,,Normal
1699-UOTXU,Male,24,No,No,No,Big Oak Flat,California,60,49-72,Two Year,DSL,Bank Withdrawal,61.4,3638.25,5493.45,3,40,6209,0,No,,,Normal
0635-WKOLD,Male,33,No,Yes,No,Ceres,California,40,25-48,One Year,DSL,Credit Card,70.75,2921.75,3871.35,5,32,5507,0,No,,,Normal
5993-JSUWV,Female,25,No,No,No,Columbia,California,66,49-72,Two Year,DSL,Bank Withdrawal,61.15,4017.45,5427.87,3,66,5133,0,No,,,Normal
4518-FZBSX,Male,57,No,Yes,Yes,Coulterville,California,42,25-48,One Year,,Credit Card,20.25,854.9,1246.76,4,64,4439,0,No,,,Normal
6988-CJEYV,Male,56,No,No,No,Crows Landing,California,49,49-72,Month-to-Month,Fiber Optic,Bank Withdrawal,98.7,4920.55,7148.09,3,79,6148,0,No,,,High Risk
3097-FQTVJ,Female,23,No,No,No,Denair,California,41,25-48,Two Year,,Mailed Check,20.0,810.3,1223.99,4,21,5913,0,No,,,Normal
5465-BUBFA,Female,34,No,Yes,Yes,El Nido,California,41,25-48,Two Year,,Bank Withdrawal,19.3,772.4,1644.88,3,40,4180,0,No,,,Normal
7299-GNVPL,Female,19,No,Yes,Yes,El Portal,California,23,13-24,Month-to-Month,Fiber Optic,Mailed Check,84.4,1936.85,2563.37,3,54,2177,0,No,,,Normal
1215-VFYVK,Female,19,No,No,No,Groveland,California,4,0-12,Month-to-Month,Cable,Mailed Check,48.25,202.25,212.25,3,30,2682,0,No,,,Normal
9371-BITHB,Female,27,No,Yes,Yes,Gustine,California,52,49-72,Two Year,,Mailed Check,19.85,1070.5,1247.82,4,43,5432,0,No,,,Normal
9093-FPDLG,Female,54,No,No,No,Hilmar,California,11,0-12,Month-to-Month,Fiber Optic,Bank Withdrawal,94.2,999.9,1104.62,3,52,2405,0,No,,,Normal
6985-HAYWX,Female,50,No,Yes,No,Hughson,California,26,25-48,Month-to-Month,Fiber Optic,Bank Withdrawal,79.3,2015.8,2993.4,3,54,5168,0,No,,,Normal
7508-KBIMB,Male,33,No,Yes,Yes,Jamestown,California,24,13-24,One Year,Cable,Credit Card,56.25,1454.25,1509.69,4,52,3607,0,No,,,Normal
6838-HVLXG,Female,26,No,No,No,Keyes,California,12,0-12,Month-to-Month,,Mailed Check,20.3,246.7,634.54,3,27,4177,0,No,,,Normal
1897-OKVMW,Female,44,No,Yes,Yes,Lathrop,California,64,49-72,Two Year,DSL,Mailed Check,90.6,5817.45,8185.45,4,43,5240,0,No,,,Normal
5485-ITNPC,Male,42,No,Yes,No,Le Grand,California,66,49-72,Two Year,DSL,Bank Withdrawal,85.9,5595.3,6097.56,3,24,5137,0,No,,,Normal
0233-FTHAV,Female,24,No,No,No,Livingston,California,60,49-72,One Year,Fiber Optic,Bank Withdrawal,79.2,4765.0,5682.4,3,49,5687,0,No,,,Normal
4644-PIZRT,Male,36,No,Yes,Yes,Long Barn,California,17,13-24,One Year,DSL,Bank Withdrawal,70.35,1201.65,1766.73,3,35,2704,0,No,,,Normal
8922-NPKBJ,Male,63,No,Yes,Yes,Manteca,California,42,25-48,Two Year,,Mailed Check,19.35,867.3,2309.16,4,21,3433,0,No,,,Normal
7771-CFQRQ,Female,32,No,Yes,Yes,Mariposa,California,47,25-48,Two Year,DSL,Bank Withdrawal,63.8,3007.25,4500.07,3,45,5144,0,No,,,Normal
9512-PHSMG,Female,27,No,Yes,No,Merced,California,10,0-12,Month-to-Month,,Credit Card,20.55,252.75,356.95,3,71,4907,0,No,,,Normal
1564-HJUVY,Male,53,No,No,No,Modesto,California,4,0-12,Month-to-Month,DSL,Bank Withdrawal,63.75,226.2,238.32,5,59,2624,0,No,,,Normal
3617-XLSGQ,Female,61,No,Yes,Yes,Modesto,California,66,49-72,Two Year,Fiber Optic,Bank Withdrawal,109.25,7082.5,8489.76,3,28,5865,0,No,,,Normal
7517-LDMPS,Female,31,No,No,No,Modesto,California,12,0-12,Month-to-Month,Fiber Optic,Bank Withdrawal,84.6,1017.35,1048.19,5,75,4807,0,No,,,Normal
7244-KXYZN,Female,25,No,No,No,Modesto,California,24,13-24,One Year,,Credit Card,20.45,527.35,670.87,4,20,4690,0,No,,,Normal
5226-NOZFC,Male,48,No,No,No,Modesto,California,26,25-48,Month-to-Month,Fiber Optic,Bank Withdrawal,85.75,2146.5,3195.6000000000004,3,64,3178,0,No,,,Normal
1400-WIVLL,Male,31,No,Yes,No,Oakdale,California,57,49-72,Two Year,Fiber Optic,Bank Withdrawal,107.95,5969.85,6926.31,3,24,4687,0,No,,,Normal
8148-NLEGT,Female,47,No,Yes,Yes,Pinecrest,California,42,25-48,Two Year,,Bank Withdrawal,22.95,1014.25,1600.15,5,24,4650,0,No,,,Normal
8347-GDTMP,Female,25,No,Yes,No,Ripon,California,64,49-72,Two Year,,Credit Card,19.45,1225.65,2171.57,3,78,5113,0,No,,,High Risk
6746-WAUWT,Male,62,No,No,No,Salida,California,19,13-24,One Year,,Credit Card,19.7,386.5,890.76,4,41,4431,0,No,,,Normal
0428-IKYCP,Male,56,No,Yes,No,Sonora,California,22,13-24,Month-to-Month,Fiber Optic,Bank Withdrawal,87.0,1850.65,2921.61,4,49,5233,0,No,,,Normal
2187-PKZAY,Male,23,No,No,No,Stevinson,California,12,0-12,Month-to-Month,Fiber Optic,Bank Withdrawal,79.95,1043.4,1524.12,5,71,2968,0,No,,,Normal
4003-OCTMP,Female,55,No,Yes,No,Tracy,California,31,25-48,One Year,Cable,Bank Withdrawal,64.0,1910.75,2803.55,4,24,5191,0,No,,,Normal
6652-YFFJO,Female,42,No,No,No,Tuolumne,California,11,0-12,Month-to-Month,Cable,Bank Withdrawal,64.9,716.1,865.26,5,80,2775,0,No,,,Normal
7225-IILWY,Male,36,No,Yes,Yes,Turlock,California,68,49-72,Two Year,,Mailed Check,25.75,1686.15,3510.59,4,26,5434,0,No,,,Normal
3170-GWYKC,Female,30,No,No,No,Vernalis,California,60,49-72,Month-to-Month,Fiber Optic,Bank Withdrawal,104.95,6236.75,7609.55,4,62,5926,0,No,,,Normal
9830-ECLEN,Male,21,No,Yes,Yes,Winton,California,58,49-72,One Year,Cable,Mailed Check,50.0,2919.85,2919.85,4,45,4704,0,No,,,Normal
7446-SFAOA,Female,54,No,Yes,No,Santa Rosa,California,37,25-48,One Year,,Bank Withdrawal,19.85,717.5,1291.37,4,20,5707,0,No,,,Normal
9522-ZSINC,Male,34,No,No,No,Santa Rosa,California,13,13-24,One Year,,Bank Withdrawal,19.95,253.8,349.09000000000003,3,24,2252,0,No,,,Normal
8234-GSZYK,Male,39,No,No,No,Albion,California,43,25-48,Two Year,,Bank Withdrawal,26.45,1110.05,2352.75,4,51,3881,0,No,,,Normal
6505-OZNPG,Female,21,No,No,No,Annapolis,California,6,0-12,Two Year,Cable,Mailed Check,63.4,348.8,358.8,4,48,3909,0,No,,,Normal
6164-HAQTX,Male,46,No,No,No,Boonville,California,71,49-72,Two Year,DSL,Bank Withdrawal,53.95,3888.65,3888.65,3,76,4094,0,No,,,Normal
7765-LWVVH,Female,39,No,Yes,Yes,Caspar,California,72,49-72,Two Year,Fiber Optic,Bank Withdrawal,95.1,6843.15,8192.43,3,25,5584,0,No,,,Normal
0953-LGOVU,Male,19,No,Yes,Yes,Clearlake,California,12,0-12,Month-to-Month,DSL,Mailed Check,35.5,432.25,432.25,4,75,2562,0,No,,,Normal
4692-NNQRU,Female,49,No,Yes,No,Cloverdale,California,21,13-24,One Year,Fiber Optic,Bank Withdrawal,79.2,1742.45,2047.16,3,24,4900,0,No,,,Normal
7742-MYPGI,Female,39,No,Yes,Yes,Cobb,California,6,0-12,Month-to-Month,DSL,Credit Card,48.8,297.35,594.0500000000001,4,45,4538,0,No,,,Normal
9619-GSATL,Female,38,No,No,No,Dos Rios,California,43,25-48,One Year,DSL,Bank Withdrawal,55.45,2444.25,2643.05,4,48,3350,0,No,,,Normal
5622-UEJFI,Female,53,No,Yes,Yes,Duncans Mills,California,35,25-48,Two Year,,Credit Card,25.4,949.8,2096.05,3,38,5070,0,No,,,Normal
6203-HBZPA,Male,57,No,No,No,Forestville,California,52,49-72,Two Year,DSL,Credit Card,63.9,3334.95,3334.95,4,36,5380,0,No,,,Normal
0484-FFVBJ,Male,43,No,No,No,Fort Bragg,California,32,25-48,One Year,DSL,Bank Withdrawal,64.85,2010.95,2507.59,5,29,4895,0,No,,,Normal
0301-FIDRB,Female,61,No,Yes,Yes,Fulton,California,72,49-72,Two Year,DSL,Bank Withdrawal,63.8,4684.3,4684.3,4,32,6107,0,No,,,Normal
4139-JPIAM,Male,31,No,No,No,Geyserville,California,51,49-72,Month-to-Month,DSL,Credit Card,44.45,2181.55,2181.55,4,62,6087,0,No,,,Normal
2181-TIDSV,Male,47,No,Yes,Yes,Glen Ellen,California,68,49-72,Two Year,,Bank Withdrawal,19.95,1303.25,2646.25,3,70,6492,0,No,,,Normal
1936-CZAKF,Male,22,No,Yes,No,Graton,California,49,49-72,Two Year,Cable,Credit Card,49.65,2409.9,2409.9,4,29,4283,0,No,,,Normal
9453-PATOS,Female,24,No,Yes,No,Gualala,California,72,49-72,Two Year,Cable,Credit Card,85.1,6155.4,7634.28,4,39,4147,0,No,,,Normal
4402-FTBXC,Male,55,No,No,No,Hopland,California,54,49-72,Month-to-Month,Fiber Optic,Credit Card,89.8,4667.0,6134.18,3,67,4980,0,No,,,Normal
2931-XIQBR,Female,41,No,Yes,Yes,Kelseyville,California,50,49-72,One Year,Fiber Optic,Credit Card,103.05,5153.5,7527.5,4,72,5905,0,No,,,High Risk
0106-UGRDO,Female,55,No,Yes,No,Kenwood,California,69,49-72,Two Year,Fiber Optic,Bank Withdrawal,116.0,8182.85,10840.73,3,37,4216,0,No,,,Normal
1930-QPBVZ,Male,31,No,Yes,Yes,Laytonville,California,68,49-72,Two Year,Fiber Optic,Bank Withdrawal,95.1,6683.4,7315.12,3,38,5748,0,No,,,Normal
2606-PKWJB,Male,62,No,No,Yes,Little River,California,40,25-48,One Year,Cable,Credit Card,40.25,1564.05,1564.05,4,30,4288,0,No,,,Normal
5322-ZSMZY,Male,26,No,Yes,Yes,Lower Lake,California,31,25-48,Two Year,,Credit Card,25.75,755.6,973.53,4,32,5472,0,No,,,Normal
5220-AGAAX,Male,60,No,Yes,Yes,Mendocino,California,68,49-72,Two Year,,Bank Withdrawal,24.0,1664.3,1848.58,4,57,5440,0,No,,,Normal
0208-BPQEJ,Female,48,No,Yes,Yes,Middletown,California,12,0-12,Month-to-Month,,Bank Withdrawal,19.4,198.1,297.1,3,29,3713,0,No,,,Normal
9435-JMLSX,Male,39,No,Yes,No,Monte Rio,California,71,49-72,Two Year,Cable,Bank Withdrawal,86.1,6045.9,6437.11,4,52,6286,0,No,,,Normal
3352-ALMCK,Male,42,No,No,No,Navarro,California,40,25-48,Month-to-Month,Fiber Optic,Credit Card,102.65,4108.15,5419.349999999999,4,52,3655,0,No,,,Normal
5312-IRCFR,Female,21,No,Yes,Yes,Nice,California,64,49-72,One Year,Fiber Optic,Bank Withdrawal,92.85,5980.75,8378.83,4,58,5206,0,No,,,Normal
5294-IMHHT,Male,44,No,Yes,No,Occidental,California,53,49-72,One Year,Fiber Optic,Bank Withdrawal,97.75,5043.2,6789.02,3,41,4488,0,No,,,Normal
6176-YJWAS,Male,43,No,Yes,No,Potter Valley,California,72,49-72,Two Year,Fiber Optic,Credit Card,97.95,7114.25,9871.85,4,22,4256,0,No,,,Normal
5310-NOOVA,Male,51,No,No,No,Redwood Valley,California,46,25-48,Two Year,,Bank Withdrawal,19.95,907.05,1524.37,5,55,4006,0,No,,,Normal
4526-EXKKN,Male,27,No,No,No,Rio Nido,California,40,25-48,Two Year,,Credit Card,24.6,973.95,2072.75,5,65,2601,0,No,,,Normal
5311-IHLEI,Male,45,No,No,No,Sebastopol,California,12,0-12,Month-to-Month,DSL,Bank Withdrawal,50.95,605.75,605.75,3,73,2716,0,No,,,Normal
3987-KQDDU,Male,58,No,No,No,Sonoma,California,9,0-12,Month-to-Month,Fiber Optic,Bank Withdrawal,75.6,661.55,851.54,3,30,4990,0,No,,,Normal
3404-JNXAX,Female,40,No,Yes,Yes,Ukiah,California,51,49-72,Month-to-Month,Fiber Optic,Bank Withdrawal,80.75,4116.9,5624.459999999999,4,36,6032,0,No,,,Normal
5131-PONJI,Male,62,No,Yes,Yes,Upper Lake,California,49,49-72,Month-to-Month,Fiber Optic,Credit Card,90.4,4494.65,5069.91,3,72,5804,0,No,,,High Risk
3489-VSFRD,Female,32,No,No,No,Willits,California,56,49-72,One Year,DSL,Credit Card,60.25,3282.75,5010.91,4,40,4835,0,No,,,Normal
3345-JHUEO,Male,29,No,No,No,Windsor,California,4,0-12,Month-to-Month,,Bank Withdrawal,20.2,55.7,241.82,3,45,4267,0,No,,,Normal
5815-HGGHV,Male,45,No,Yes,No,Witter Springs,California,20,13-24,One Year,DSL,Credit Card,64.15,1274.45,2050.05,4,61,5969,0,No,,,Normal
5260-UMPWX,Female,41,No,Yes,Yes,Yorkville,California,26,25-48,Month-to-Month,,Credit Card,20.25,493.95,1129.39,5,43,5158,0,No,,,Normal
5649-RXQTV,Male,34,No,No,No,Alderpoint,California,51,49-72,Month-to-Month,Fiber Optic,Bank Withdrawal,99.0,5038.15,7196.98,5,78,5787,0,No,,,High Risk
2674-MIAHT,Female,26,No,No,No,Blocksburg,California,4,0-12,Month-to-Month,Fiber Optic,Credit Card,80.3,324.2,479.16,3,70,3132,0,No,,,Normal
7587-AOVVU,Male,39,No,Yes,Yes,Arcata,California,27,25-48,Month-to-Month,Fiber Optic,Bank Withdrawal,100.75,2793.55,3173.44,3,31,3160,0,No,,,Normal
6898-MDLZW,Male,53,No,No,No,Blue Lake,California,12,0-12,Month-to-Month,DSL,Credit Card,53.75,648.65,670.25,5,28,5385,0,No,,,Normal
4707-YNOQA,Female,57,No,Yes,Yes,Burnt Ranch,California,34,25-48,One Year,,Credit Card,25.6,917.15,1790.61,4,43,5854,0,No,,,Normal
9357-UJRUN,Male,50,No,Yes,No,Carlotta,California,24,13-24,One Year,Cable,Bank Withdrawal,58.35,1346.9,2163.1400000000003,3,45,5428,0,No,,,Normal
7663-CUXZB,Male,34,No,Yes,No,Fields Landing,California,59,49-72,Two Year,Fiber Optic,Bank Withdrawal,113.75,6561.25,7445.07,3,23,6251,0,No,,,Normal
1163-VIPRI,Female,22,No,Yes,Yes,Garberville,California,65,49-72,Two Year,Fiber Optic,Bank Withdrawal,109.3,7337.55,8198.8,4,51,6087,0,No,,,Normal
9348-ROUAI,Female,50,No,Yes,Yes,Honeydew,California,59,49-72,Two Year,Cable,Credit Card,90.3,5194.05,7970.0,3,53,4617,0,No,,,Normal
9443-JUBUO,Male,24,No,Yes,Yes,Hoopa,California,72,49-72,Two Year,DSL,Credit Card,65.25,4478.85,4558.85,4,67,6412,0,No,,,Normal
4830-FAXFM,Male,62,No,No,Yes,Korbel,California,19,13-24,Month-to-Month,,Credit Card,24.1,439.2,714.3199999999999,4,35,2378,0,No,,,Normal
2960-NKRSO,Male,60,No,No,No,Mad River,California,24,13-24,Month-to-Month,Fiber Optic,Bank Withdrawal,85.95,2107.15,2335.87,3,52,5421,0,No,,,Normal
5598-IKHQQ,Female,39,No,No,No,Myers Flat,California,72,49-72,Two Year,,Credit Card,25.45,1866.45,2352.45,4,42,4118,0,No,,,Normal
0397-ZXWQF,Male,24,No,No,No,Orick,California,67,49-72,Two Year,,Bank Withdrawal,20.5,1430.95,4600.72,5,45,4416,0,No,,,Normal
5266-PFRQK,Male,47,No,Yes,Yes,Orleans,California,52,49-72,One Year,,Credit Card,20.85,1071.6,3124.56,4,56,4886,0,No,,,Normal
4674-HGNUA,Male,57,No,Yes,Yes,Petrolia,California,71,49-72,Two Year,Cable,Credit Card,89.9,6457.15,8681.58,3,57,4444,0,No,,,Normal
6765-MBQNU,Female,56,No,Yes,No,Phillipsville,California,26,25-48,One Year,,Credit Card,26.0,684.05,1554.27,5,20,2244,0,No,,,Normal
9786-IJYDL,Female,49,No,No,No,Redway,California,35,25-48,Two Year,Fiber Optic,Credit Card,113.2,3914.05,4981.55,4,76,5723,0,No,,,High Risk
1303-SRDOK,Female,52,No,Yes,Yes,Rio Dell,California,55,49-72,Two Year,Fiber Optic,Credit Card,69.05,3842.6,5375.45,3,67,4318,0,No,,,Normal
3769-MHZNV,Female,61,No,Yes,Yes,Salyer,California,33,25-48,Two Year,,Credit Card,20.1,670.35,1471.26,3,25,3700,0,No,,,Normal
6295-OSINB,Male,20,No,Yes,No,Samoa,California,72,49-72,Two Year,Fiber Optic,Bank Withdrawal,109.65,7880.25,8386.33,4,25,6181,0,No,,,Normal
4177-JPDFU,Male,35,No,No,No,Redcrest,California,12,0-12,Month-to-Month,Cable,Credit Card,34.0,442.45,442.45,3,39,3215,0,No,,,Normal
8046-DNVTL,Male,56,No,Yes,No,Weott,California,62,49-72,Two Year,Cable,Credit Card,38.6,2345.55,2345.55,4,45,4558,0,No,,,Normal
6620-JDYNW,Female,64,No,No,No,Leggett,California,18,13-24,Month-to-Month,DSL,Credit Card,60.6,1156.35,1353.81,3,74,4459,0,No,,,Normal
1038-RQOST,Male,43,No,Yes,Yes,Zenia,California,19,13-24,Month-to-Month,,Credit Card,20.6,414.95,504.25,3,32,2276,0,No,,,Normal
4568-TTZRT,Male,36,No,No,No,Auburn,California,9,0-12,Month-to-Month,,Credit Card,20.4,181.8,305.28000000000003,5,21,5380,0,No,,,Normal
9513-DXHDA,Male,58,No,No,No,Auburn,California,27,25-48,One Year,DSL,Bank Withdrawal,81.7,2212.55,3542.3,4,39,2445,0,No,,,Normal
8084-OIVBS,Female,31,No,No,No,Clarksburg,California,11,0-12,One Year,,Credit Card,20.0,211.95,723.34,4,53,3731,0,No,,,Normal
3352-RICWQ,Female,45,No,Yes,Yes,Davis,California,9,0-12,Two Year,,Credit Card,19.75,210.65,355.82,4,24,2427,0,No,,,Normal
2160-GPFXD,Male,25,No,Yes,Yes,Davis,California,54,49-72,Two Year,DSL,Credit Card,65.65,3566.7,4894.56,3,49,5725,0,No,,,Normal
2065-MMKGR,Female,47,No,No,No,Diamond Springs,California,29,25-48,One Year,DSL,Credit Card,71.0,2080.1,3280.12,5,32,4226,0,No,,,Normal
1498-NHTLT,Male,21,No,Yes,Yes,Citrus Heights,California,59,49-72,Two Year,Cable,Bank Withdrawal,86.75,5186.0,7835.83,3,21,5020,0,No,,,Normal
1402-PTHGN,Female,22,No,Yes,Yes,Elk Grove,California,18,13-24,One Year,DSL,Credit Card,61.5,1087.45,1813.93,4,67,3479,0,No,,,Normal
5199-FPUSP,Male,64,No,No,Yes,Esparto,California,33,25-48,One Year,Cable,Credit Card,34.05,1113.95,1113.95,3,73,3044,0,No,,,Normal
6377-KSLXC,Male,31,No,No,No,Fair Oaks,California,5,0-12,Month-to-Month,,Credit Card,19.95,107.05,227.85,5,20,4281,0,No,,,Normal
0238-WHBIQ,Male,25,No,Yes,Yes,Folsom,California,72,49-72,Two Year,Cable,Credit Card,89.7,6339.3,8769.3,3,50,4193,0,No,,,Normal
8735-NBLWT,Male,34,No,No,Yes,Foresthill,California,9,0-12,Month-to-Month,,Credit Card,20.4,184.1,596.5699999999999,4,67,4195,0,No,,,Normal
6651-RLGGM,Male,54,No,Yes,Yes,Galt,California,67,49-72,Two Year,,Credit Card,26.3,1688.9,2663.08,5,52,6066,0,No,,,Normal
1614-JBEBI,Female,59,No,No,No,Georgetown,California,8,0-12,Month-to-Month,,Mailed Check,20.7,137.6,349.36,5,49,3330,0,No,,,Normal
5696-EXCYS,Male,50,No,No,No,Hood,California,17,13-24,Two Year,,Credit Card,19.45,369.05,1037.8300000000002,4,29,5347,0,No,,,Normal
5795-KTGUD,Female,61,No,Yes,No,Ione,California,68,49-72,Two Year,Fiber Optic,Bank Withdrawal,110.8,7553.6,10729.2,3,67,4545,0,No,,,Normal
4702-HDRKD,Male,30,No,No,No,Knights Landing,California,67,49-72,One Year,Cable,Bank Withdrawal,49.35,3321.35,3321.35,3,33,5905,0,No,,,Normal
8512-WIWYV,Male,20,No,No,No,Kirkwood,California,32,25-48,One Year,,Credit Card,20.35,707.5,1884.46,5,40,2433,0,No,,,Normal
9114-AAFQH,Female,27,No,Yes,No,North Highlands,California,48,25-48,One Year,DSL,Bank Withdrawal,65.65,3094.65,5488.89,3,67,5427,0,No,,,Normal
8715-KKTFG,Female,63,No,Yes,No,Roseville,California,61,49-72,One Year,Fiber Optic,Bank Withdrawal,103.3,6518.35,7618.18,5,27,5401,0,No,,,Normal
5117-ZSMHQ,Female,22,No,Yes,Yes,Pioneer,California,71,49-72,Two Year,DSL,Bank Withdrawal,89.9,6342.7,9160.17,5,54,5835,0,No,,,Normal
5151-HQRDG,Male,57,No,Yes,No,Placerville,California,37,25-48,Month-to-Month,DSL,Mailed Check,55.05,2030.75,3044.92,5,26,3839,0,No,,,Normal
0960-HUWBM,Male,40,No,Yes,Yes,Pleasant Grove,California,65,49-72,Two Year,Fiber Optic,Bank Withdrawal,104.1,6700.05,9268.85,4,25,4024,0,No,,,Normal
6465-GSRCL,Female,19,No,No,Yes,Plymouth,California,67,49-72,One Year,Fiber Optic,Bank Withdrawal,106.6,7244.7,8500.279999999999,4,65,5895,0,No,,,Normal
0263-FJTQO,Male,53,No,Yes,Yes,Rescue,California,50,49-72,Two Year,Cable,Credit Card,70.5,3486.65,5711.15,4,60,4022,0,No,,,Normal
7319-ZNRTR,Male,43,No,Yes,Yes,Rio Linda,California,25,25-48,One Year,,Bank Withdrawal,19.6,411.15,805.15,4,51,2888,0,No,,,Normal
7503-EPSZW,Female,45,No,Yes,Yes,River Pines,California,64,49-72,Two Year,,Mailed Check,24.05,1559.15,2706.67,3,55,4582,0,No,,,Normal
7089-XXAYG,Male,37,No,Yes,No,Rocklin,California,25,25-48,One Year,Cable,Credit Card,38.1,970.4,1070.4,5,72,2315,0,No,,,Normal
1666-JXLKU,Female,64,No,No,No,Shingle Springs,California,37,25-48,Month-to-Month,Fiber Optic,Bank Withdrawal,100.05,3810.55,4456.57,5,52,2904,0,No,,,Normal
7855-DIWPO,Female,60,No,No,No,Sloughhouse,California,21,13-24,Month-to-Month,Fiber Optic,Bank Withdrawal,68.65,1493.2,2135.59,5,21,2006,0,No,,,Normal
5652-MSDEY,Female,37,No,No,No,Sutter Creek,California,10,0-12,Month-to-Month,Fiber Optic,Mailed Check,75.75,777.3,1175.8,5,52,4525,0,No,,,Normal
1810-BOHSY,Male,63,No,Yes,No,Vacaville,California,51,49-72,One Year,Fiber Optic,Credit Card,96.4,4911.05,6696.05,3,26,4745,0,No,,,Normal
1784-BXEFA,Female,63,No,No,No,Vacaville,California,10,0-12,Month-to-Month,,Mailed Check,20.55,187.35,234.95,3,43,3595,0,No,,,Normal
7351-MHQVU,Female,43,No,No,No,Volcano,California,6,0-12,Month-to-Month,Cable,Credit Card,50.95,307.6,307.6,3,79,3474,0,No,,,Normal
9224-VTYID,Male,30,No,Yes,Yes,Walnut Grove,California,47,25-48,Two Year,DSL,Mailed Check,90.5,4318.35,4870.13,3,30,3413,0,No,,,Normal
9500-IWPXQ,Female,52,No,Yes,Yes,West Sacramento,California,61,49-72,One Year,DSL,Bank Withdrawal,79.4,4820.55,7289.83,3,74,4666,0,No,,,Normal
5762-TJXGK,Female,40,No,No,No,Wheatland,California,52,49-72,Two Year,DSL,Bank Withdrawal,58.75,3038.55,3038.55,4,21,5122,0,No,,,Normal
4504-YOULA,Female,42,No,Yes,Yes,Wilton,California,35,25-48,Month-to-Month,DSL,Credit Card,59.45,2136.9,3505.75,3,49,3682,0,No,,,Normal
5569-IDSEY,Male,52,No,Yes,No,Winters,California,71,49-72,One Year,Fiber Optic,Bank Withdrawal,105.7,7472.15,9538.96,4,20,4420,0,No,,,Normal
7284-ZZLOH,Male,37,No,Yes,No,Alta,California,45,25-48,Two Year,DSL,Credit Card,53.3,2296.25,4333.4,3,79,2929,0,No,,,Normal
3401-URHDA,Male,59,No,No,No,Emigrant Gap,California,51,49-72,One Year,Cable,Credit Card,59.9,3043.6,3545.95,3,42,5233,0,No,,,Normal
1599-EAHXY,Male,37,No,Yes,Yes,Gold Run,California,60,49-72,One Year,,Credit Card,23.95,1506.4,3213.4,5,71,5449,0,No,,,High Risk
8631-XVRZL,Male,40,No,No,No,Kyburz,California,9,0-12,One Year,,Mailed Check,20.15,163.7,601.19,4,70,4004,0,No,,,Normal
3853-LYGAM,Male,58,No,No,No,Meadow Vista,California,17,13-24,Month-to-Month,Fiber Optic,Bank Withdrawal,95.65,1640.0,1999.38,4,49,3139,0,No,,,Normal
5751-USDBL,Male,37,No,Yes,Yes,Soda Springs,California,46,25-48,Two Year,Cable,Mailed Check,81.0,3846.35,5960.05,4,57,4280,0,No,,,Normal
5680-LQOGP,Female,21,No,No,No,Twin Bridges,California,68,49-72,Two Year,Cable,Credit Card,82.45,5646.6,6747.08,3,70,5308,0,No,,,Normal
8189-DUKMV,Female,52,No,Yes,No,Rancho Cordova,California,4,0-12,One Year,,Bank Withdrawal,20.5,79.05,257.97,5,80,3233,0,No,,,Normal
9931-DCEZH,Male,55,No,No,Yes,Roseville,California,28,25-48,One Year,DSL,Credit Card,54.4,1516.6,2480.64,3,74,4711,0,No,,,Normal
1898-JSNDC,Female,23,No,No,No,Elk Grove,California,39,25-48,One Year,DSL,Credit Card,58.6,2224.5,4103.13,4,46,5662,0,No,,,Normal
0315-LVCRK,Male,54,No,No,No,El Dorado Hills,California,11,0-12,Month-to-Month,Fiber Optic,Bank Withdrawal,84.8,888.75,1225.02,4,60,4924,0,No,,,Normal
3911-RSNHI,Female,46,No,Yes,No,Rocklin,California,71,49-72,Two Year,DSL,Credit Card,61.4,4310.35,4310.35,4,37,5119,0,No,,,Normal
5505-OVWQW,Female,35,No,No,No,Sacramento,California,17,13-24,One Year,,Mailed Check,20.15,353.65,428.11,5,48,4650,0,No,,,Normal
7271-AJDTL,Female,64,No,Yes,No,Sacramento,California,55,49-72,Month-to-Month,Fiber Optic,Credit Card,94.45,5073.1,6976.650000000001,5,55,5577,0,No,,,Normal
1867-TJHTS,Female,47,No,No,No,Sacramento,California,58,49-72,Month-to-Month,Fiber Optic,Bank Withdrawal,79.8,4526.85,5844.030000000001,4,78,5709,0,No,,,High Risk
4429-WYGFR,Male,36,No,No,No,Sacramento,California,26,25-48,Month-to-Month,DSL,Bank Withdrawal,49.15,1237.3,2384.16,4,54,2752,0,No,,,Normal
2817-LVCPP,Female,36,No,No,No,Sacramento,California,50,49-72,Two Year,,Credit Card,19.4,1023.95,1654.95,5,41,6233,0,No,,,Normal
5038-ETMLM,Female,35,No,Yes,No,Sacramento,California,72,49-72,Two Year,Fiber Optic,Bank Withdrawal,113.65,8182.75,10270.75,3,38,5411,0,No,,,Normal
5056-FIMPT,Female,47,No,No,Yes,Sacramento,California,43,25-48,One Year,Fiber Optic,Credit Card,106.0,4532.3,5100.47,4,76,3528,0,No,,,Normal
4521-WFJAI,Male,52,No,No,No,Sacramento,California,56,49-72,Two Year,,Bank Withdrawal,25.95,1444.05,4121.97,3,40,4246,0,No,,,Normal
8809-XKHMD,Male,62,No,Yes,No,Sacramento,California,72,49-72,Two Year,Fiber Optic,Bank Withdrawal,100.55,7325.1,10481.580000000002,5,54,6082,0,No,,,Normal
0396-YCHWO,Male,58,No,Yes,No,Sacramento,California,36,25-48,Month-to-Month,Fiber Optic,Bank Withdrawal,95.4,3474.2,4935.08,3,44,5111,0,No,,,Normal
0867-LDTTC,Male,51,No,No,No,Sacramento,California,5,0-12,Month-to-Month,Cable,Bank Withdrawal,75.15,392.65,621.0999999999999,4,68,5900,0,No,,,Normal
2122-SZZZD,Male,60,No,No,No,Sacramento,California,44,25-48,One Year,,Credit Card,19.5,835.5,1633.66,4,35,4220,0,No,,,Normal
3148-AOIQT,Female,23,No,Yes,No,Sacramento,California,69,49-72,Two Year,,Credit Card,24.95,1718.35,4831.629999999999,3,45,4106,0,No,,,Normal
6692-YQHXC,Male,43,No,No,No,Sacramento,California,16,13-24,Month-to-Month,Fiber Optic,Credit Card,69.95,1205.5,1644.38,5,54,5596,0,No,,,Normal
3889-VWBID,Male,52,No,Yes,Yes,Antelope,California,68,49-72,Two Year,DSL,Bank Withdrawal,82.85,5776.45,7652.57,4,42,5184,0,No,,,Normal
5222-JCXZT,Male,31,No,No,No,Sacramento,California,4,0-12,Month-to-Month,,Mailed Check,19.0,78.9,159.54000000000002,4,55,3022,0,No,,,Normal
9754-CLVZW,Female,40,No,Yes,Yes,Marysville,California,26,25-48,Month-to-Month,Cable,Credit Card,38.85,1025.15,1055.15,4,43,3970,0,No,,,Normal
2739-CCZMB,Male,39,No,No,Yes,Alleghany,California,5,0-12,Month-to-Month,,Credit Card,20.35,122.0,162.05,4,60,3161,0,No,,,Normal
7080-TNUWP,Male,48,No,Yes,No,Arbuckle,California,70,49-72,One Year,Fiber Optic,Bank Withdrawal,95.0,6602.9,8782.0,4,65,6259,0,No,,,Normal
0496-AHOOK,Male,61,No,Yes,No,Bangor,California,24,13-24,One Year,Cable,Bank Withdrawal,74.4,1712.9,2501.54,3,68,4310,0,No,,,Normal
3181-VTHOE,Male,19,No,Yes,No,Browns Valley,California,70,49-72,One Year,DSL,Bank Withdrawal,51.05,3635.15,3755.15,4,69,4042,0,No,,,Normal
7168-HDQHG,Female,56,No,Yes,Yes,Brownsville,California,36,25-48,Month-to-Month,,Bank Withdrawal,19.2,702.9,1443.42,5,79,3043,0,No,,,Normal
4567-AKPIA,Female,28,No,Yes,Yes,Canyon Dam,California,41,25-48,One Year,Fiber Optic,Bank Withdrawal,109.1,4454.25,5291.06,5,77,4854,0,No,,,Normal
7901-HXJVA,Male,20,No,No,No,Chico,California,14,13-24,Month-to-Month,Fiber Optic,Bank Withdrawal,76.45,1117.55,1375.99,4,52,2292,0,No,,,Normal
5924-IFQTT,Male,33,No,Yes,Yes,Crescent Mills,California,13,13-24,Month-to-Month,DSL,Bank Withdrawal,72.8,930.05,1109.06,4,46,2862,0,No,,,Normal
7968-QUXNS,Male,24,No,No,No,Dobbins,California,6,0-12,Month-to-Month,,Mailed Check,18.95,110.15,275.39,4,68,5920,0,No,,,Normal
8903-WMRNW,Female,55,No,Yes,No,Durham,California,15,13-24,Month-to-Month,Fiber Optic,Bank Withdrawal,101.75,1669.4,2031.2,3,50,2919,0,No,,,Normal
2452-SNHFZ,Female,19,No,No,No,Elk Creek,California,47,25-48,Month-to-Month,Fiber Optic,Credit Card,75.45,3545.1,5802.51,4,66,4995,0,No,,,Normal
3629-WEAAM,Female,19,No,No,No,Forbestown,California,8,0-12,Month-to-Month,DSL,Mailed Check,64.1,504.05,874.3699999999999,5,25,2804,0,No,,,Normal
6029-CSMJE,Male,63,No,No,No,Forest Ranch,California,17,13-24,Month-to-Month,Cable,Mailed Check,25.65,440.2,440.2,3,24,3090,0,No,,,Normal
7993-NQLJE,Male,39,No,Yes,Yes,Glenn,California,15,13-24,Month-to-Month,Fiber Optic,Mailed Check,75.1,1151.55,1642.5,4,60,4634,0,No,,,Normal
9909-DFRJA,Female,60,No,No,No,Goodyears Bar,California,26,25-48,One Year,Fiber Optic,Bank Withdrawal,95.85,2475.35,3518.99,3,42,3834,0,No,,,Normal
9099-FTUHS,Female,40,No,No,No,Grass Valley,California,23,13-24,Month-to-Month,Cable,Bank Withdrawal,54.4,1249.25,2367.74,3,22,2989,0,No,,,Normal
4962-CHQPW,Male,54,No,No,Yes,Greenville,California,29,25-48,One Year,,Mailed Check,19.85,535.05,593.05,4,26,2941,0,No,,,Normal
9467-ROOLM,Female,50,No,No,No,Gridley,California,25,25-48,Month-to-Month,,Mailed Check,19.05,461.3,1218.3,5,65,2692,0,No,,,Normal
2253-KPMNB,Female,29,No,Yes,Yes,Live Oak,California,69,49-72,Two Year,DSL,Bank Withdrawal,46.25,3121.4,3121.4,4,33,4180,0,No,,,Normal
1345-ZUKID,Male,24,No,No,No,Magalia,California,14,13-24,One Year,,Mailed Check,19.35,324.8,689.0799999999999,3,39,2400,0,No,,,Normal
6429-SHBCB,Male,54,No,No,No,Maxwell,California,19,13-24,Month-to-Month,DSL,Mailed Check,69.6,1394.55,1655.99,4,77,3349,0,No,,,Normal
2603-HVKCG,Male,20,No,No,No,Meridian,California,31,25-48,Month-to-Month,Fiber Optic,Bank Withdrawal,101.4,3143.65,3744.43,4,72,2025,0,No,,,Normal
1834-WULEG,Male,61,No,Yes,Yes,Nevada City,California,24,13-24,One Year,,Mailed Check,20.25,439.75,1419.19,4,58,3000,0,No,,,Normal
9097-ZUBYC,Male,39,No,Yes,No,North San Juan,California,14,13-24,Month-to-Month,DSL,Bank Withdrawal,48.8,664.4,963.16,5,77,2168,0,No,,,Normal
5148-ORICT,Female,23,No,Yes,No,Olivehurst,California,64,49-72,Two Year,Cable,Mailed Check,74.35,4759.55,5913.47,3,80,4781,0,No,,,Normal
4893-GYUJU,Female,29,No,No,No,Oregon House,California,50,49-72,One Year,,Mailed Check,19.35,1033.0,1897.5,3,39,5247,0,No,,,Normal
4578-PHJYZ,Male,45,No,Yes,Yes,Orland,California,52,49-72,One Year,Cable,Bank Withdrawal,68.75,3482.85,3752.51,3,51,4172,0,No,,,Normal
7272-QDCKA,Male,31,No,No,No,Oroville,California,28,25-48,One Year,Fiber Optic,Bank Withdrawal,100.2,2688.45,2991.89,3,79,5137,0,No,,,High Risk
8908-SLFCJ,Female,40,No,No,No,Oroville,California,21,13-24,Two Year,,Credit Card,20.85,435.25,902.03,3,35,5422,0,No,,,Normal
9766-HGEDE,Female,33,No,Yes,No,Paradise,California,17,13-24,One Year,,Mailed Check,19.35,307.0,324.31,5,77,2185,0,No,,,Normal
6968-MHOMU,Male,53,No,Yes,No,Princeton,California,58,49-72,One Year,Cable,Credit Card,45.0,2689.35,2689.35,3,55,5006,0,No,,,Normal
5044-XDPYX,Female,59,No,Yes,No,Chico,California,51,49-72,Two Year,,Mailed Check,25.5,1281.25,2325.2200000000003,5,43,5447,0,No,,,Normal
1814-WFGVS,Male,53,No,Yes,Yes,Richvale,California,72,49-72,Two Year,DSL,Mailed Check,48.9,3527.0,3492.56,3,47,5415,0,No,,,Normal
3721-WKIIL,Female,62,No,No,No,Smartville,California,27,25-48,Two Year,,Mailed Check,19.6,561.15,964.15,5,21,2896,0,No,,,Normal
1265-ZFOSD,Female,33,No,Yes,No,Stonyford,California,64,49-72,Two Year,Cable,Mailed Check,81.3,5129.3,6170.0,4,74,5254,0,No,,,High Risk
6568-POCUI,Female,51,No,Yes,No,Strawberry Valley,California,45,25-48,Two Year,Fiber Optic,Credit Card,95.2,4285.8,6452.75,5,27,3363,0,No,,,Normal
5197-LQXXH,Female,56,No,Yes,No,Taylorsville,California,71,49-72,Two Year,DSL,Credit Card,83.3,5894.5,6809.17,4,24,4264,0,No,,,Normal
3457-PQBYH,Female,35,No,Yes,Yes,Washington,California,58,49-72,Two Year,,Credit Card,20.3,1160.75,2133.36,3,66,4424,0,No,,,Normal
7682-AZNDK,Male,25,No,Yes,Yes,Williams,California,34,25-48,Month-to-Month,Fiber Optic,Bank Withdrawal,89.85,3091.75,3701.06,5,45,3096,0,No,,,Normal
5384-ZTTWP,Female,49,No,Yes,Yes,Yuba City,California,15,13-24,Month-to-Month,,Mailed Check,19.8,272.95,515.8499999999999,4,34,4167,0,No,,,Normal
3745-HRPHI,Male,49,No,Yes,Yes,Yuba City,California,66,49-72,Two Year,DSL,Bank Withdrawal,54.65,3632.0,3585.25,5,42,4051,0,No,,,Normal
1231-YNDEK,Male,49,No,No,No,Redding,California,58,49-72,Two Year,,Bank Withdrawal,19.15,1035.5,2706.78,5,25,6339,0,No,,,Normal
0570-BFQHT,Female,38,No,No,No,Anderson,California,9,0-12,Month-to-Month,Fiber Optic,Bank Withdrawal,80.55,653.9,944.75,3,26,3581,0,No,,,Normal
8564-LDKFL,Male,37,No,Yes,No,Big Bar,California,40,25-48,One Year,Fiber Optic,Bank Withdrawal,106.0,4178.65,5310.029999999999,5,77,5118,0,No,,,High Risk
3696-DFHHB,Female,50,No,No,No,Big Bend,California,68,49-72,Two Year,,Bank Withdrawal,25.5,1821.8,2472.71,5,37,5182,0,No,,,Normal
4717-GHADL,Female,39,No,No,No,Callahan,California,50,49-72,Two Year,DSL,Mailed Check,79.6,4024.2,6446.7,4,39,5592,0,No,,,Normal
5879-HMFFH,Female,49,No,Yes,No,Cassel,California,72,49-72,Two Year,DSL,Bank Withdrawal,88.05,6520.8,9247.85,4,42,6247,0,No,,,Normal
6772-WFQRD,Male,58,No,No,Yes,Castella,California,40,25-48,One Year,,Bank Withdrawal,20.4,854.9,1878.75,5,59,3200,0,No,,,Normal
3810-DVDQQ,Female,28,No,Yes,Yes,Shasta Lake,California,72,49-72,Two Year,Fiber Optic,Bank Withdrawal,117.6,8308.9,11688.9,3,54,6173,0,No,,,Normal
6972-SNKKW,Female,60,No,No,No,Chester,California,6,0-12,Month-to-Month,,Mailed Check,20.0,109.2,393.96,3,53,3142,0,No,,,Normal
3694-GLTJM,Female,62,No,No,No,Corning,California,5,0-12,Month-to-Month,,Credit Card,19.65,92.05,301.7,3,42,2878,0,No,,,Normal
8550-XSXUQ,Male,41,No,Yes,No,Cottonwood,California,48,25-48,One Year,Cable,Credit Card,70.55,3420.5,5283.860000000001,4,39,3997,0,No,,,Normal
9055-MOJJJ,Female,39,No,Yes,Yes,Douglas City,California,64,49-72,One Year,Cable,Mailed Check,65.8,4068.0,5769.01,3,57,4754,0,No,,,Normal
4359-INNWN,Female,63,No,No,No,Dunsmuir,California,17,13-24,One Year,,Credit Card,20.05,337.9,359.5,4,70,4828,0,No,,,Normal
0585-EGDDA,Male,41,No,Yes,No,Etna,California,40,25-48,Month-to-Month,Fiber Optic,Bank Withdrawal,80.0,3168.75,4695.81,3,31,2478,0,No,,,Normal
4032-RMHCI,Female,37,No,Yes,Yes,Fall River Mills,California,41,25-48,One Year,Cable,Credit Card,35.4,1412.4,1412.4,4,43,4375,0,No,,,Normal
3481-JHUZH,Male,36,No,Yes,No,Forks Of Salmon,California,41,25-48,Month-to-Month,Fiber Optic,Bank Withdrawal,80.25,3439.0,5051.81,5,49,5757,0,No,,,Normal
6869-FGJJC,Male,50,No,No,No,Gazelle,California,68,49-72,One Year,Fiber Optic,Credit Card,79.6,5461.45,6728.23,4,20,5210,0,No,,,Normal
3896-ZVNET,Female,42,No,Yes,Yes,Gerber,California,24,13-24,Two Year,,Mailed Check,24.7,571.75,1069.51,3,56,5302,0,No,,,Normal
8205-VSLRB,Male,22,No,Yes,No,Greenview,California,70,49-72,Two Year,Cable,Credit Card,77.3,5498.2,5807.33,3,23,6252,0,No,,,Normal
4931-TRZWN,Female,54,No,No,No,Hornbrook,California,13,13-24,Month-to-Month,DSL,Bank Withdrawal,71.95,923.85,1051.96,3,67,3605,0,No,,,Normal
0750-EKNGL,Male,44,No,No,No,Hyampom,California,7,0-12,Month-to-Month,,Mailed Check,20.75,141.1,471.43,5,46,4476,0,No,,,Normal
7669-LCRSD,Male,49,No,Yes,Yes,Igo,California,12,0-12,Month-to-Month,Cable,Mailed Check,56.3,628.65,835.89,3,56,2047,0,No,,,Normal
3567-PQTSO,Male,40,No,Yes,Yes,Junction City,California,53,49-72,One Year,Fiber Optic,Bank Withdrawal,105.25,5576.3,5776.64,3,56,6365,0,No,,,Normal
8043-PNYSD,Male,48,No,Yes,Yes,Lakehead,California,63,49-72,Two Year,,Mailed Check,19.55,1245.6,1917.81,5,36,6002,0,No,,,Normal
9938-EKRGF,Female,58,No,No,No,Lewiston,California,15,13-24,Month-to-Month,Cable,Mailed Check,84.45,1287.85,1422.4,3,46,4653,0,No,,,Normal
2703-AMTUL,Male,40,No,Yes,Yes,Lookout,California,36,25-48,One Year,Cable,Credit Card,53.65,1939.35,2227.35,4,37,4113,0,No,,,Normal
8173-RXAYP,Female,51,No,Yes,Yes,Mcarthur,California,24,13-24,Two Year,,Credit Card,19.7,452.55,1182.39,4,42,4642,0,No,,,Normal
4825-XJGDM,Female,59,No,No,No,Mccloud,California,61,49-72,One Year,DSL,Credit Card,43.7,2696.55,2696.55,4,50,4051,0,No,,,Normal
5402-HTOTQ,Male,43,No,No,No,Macdoel,California,16,13-24,Month-to-Month,DSL,Bank Withdrawal,55.3,875.35,967.99,5,25,3771,0,No,,,Normal
6734-JDTTV,Male,55,No,Yes,Yes,Manton,California,65,49-72,Two Year,,Credit Card,19.85,1267.05,3442.5999999999995,3,52,6009,0,No,,,Normal
7850-THJMU,Female,40,No,Yes,Yes,Mill Creek,California,26,25-48,Two Year,,Credit Card,19.65,494.9,825.36,4,37,4184,0,No,,,Normal
3890-RTCMS,Male,29,No,No,No,Millville,California,16,13-24,Month-to-Month,DSL,Credit Card,49.45,799.0,1574.2,4,49,3446,0,No,,,Normal
3717-FDJFU,Male,19,No,No,Yes,Montgomery Creek,California,5,0-12,Two Year,,Credit Card,20.45,106.9,252.65,3,75,3353,0,No,,,Normal
3665-JATSN,Female,19,No,No,No,Mount Shasta,California,19,13-24,Month-to-Month,DSL,Bank Withdrawal,39.7,710.05,820.05,5,65,4034,0,No,,,Normal
7966-YOTQW,Male,29,No,No,No,Nubieber,California,10,0-12,Month-to-Month,DSL,Credit Card,54.5,568.2,908.0,4,59,4163,0,No,,,Normal
8853-TZDGH,Female,42,No,No,No,Palo Cedro,California,72,49-72,Two Year,Fiber Optic,Bank Withdrawal,111.6,8012.75,9754.43,5,59,5425,0,No,,,Normal
4324-BZCKL,Female,30,No,Yes,Yes,Paynes Creek,California,10,0-12,Month-to-Month,DSL,Credit Card,55.55,551.3,608.6999999999999,5,41,2530,0,No,,,Normal
6924-TDGMT,Male,34,No,Yes,No,Platina,California,11,0-12,One Year,,Credit Card,20.55,184.95,472.16,5,23,3971,0,No,,,Normal
1536-YHDOE,Male,58,No,Yes,Yes,Round Mountain,California,17,13-24,One Year,Cable,Credit Card,62.1,1096.65,1645.2400000000002,3,33,3937,0,No,,,Normal
8123-QBNAZ,Female,39,No,Yes,Yes,Scott Bar,California,36,25-48,Month-to-Month,Fiber Optic,Credit Card,104.5,3684.95,5258.15,3,49,4102,0,No,,,Normal
7711-YIJWC,Male,21,No,Yes,Yes,Shingletown,California,61,49-72,One Year,Cable,Bank Withdrawal,84.9,5264.5,6040.42,3,72,4413,0,No,,,Normal
5482-VXSXJ,Male,50,No,No,No,Tehama,California,22,13-24,Month-to-Month,Fiber Optic,Credit Card,93.2,2157.3,3180.3,4,26,4093,0,No,,,Normal
9620-ENEJV,Female,52,No,No,No,Vina,California,6,0-12,Month-to-Month,Fiber Optic,Credit Card,70.55,433.95,617.19,3,52,4059,0,No,,,Normal
2378-YIZKA,Female,61,No,Yes,Yes,Weed,California,68,49-72,Two Year,DSL,Credit Card,85.0,5607.75,6164.79,3,65,6221,0,No,,,Normal
0689-DSXGL,Female,61,No,Yes,Yes,Yreka,California,52,49-72,Month-to-Month,Fiber Optic,Bank Withdrawal,85.8,4433.3,5310.54,3,22,5494,0,No,,,Normal
6818-DJXAA,Female,43,No,No,Yes,Alturas,California,10,0-12,Month-to-Month,Fiber Optic,Bank Withdrawal,91.1,964.35,1393.65,3,50,3857,0,No,,,Normal
0464-WJTKO,Female,39,No,Yes,Yes,Cedarville,California,72,49-72,Two Year,,Bank Withdrawal,20.1,1460.85,2481.09,5,30,4598,0,No,,,Normal
8902-ZEOVF,Male,28,No,Yes,Yes,Chilcoot,California,47,25-48,One Year,,Credit Card,20.05,951.55,1257.52,5,64,5183,0,No,,,Normal
6778-EICRF,Male,57,No,Yes,Yes,Clio,California,24,13-24,One Year,Cable,Credit Card,74.8,1821.2,2029.28,4,52,5535,0,No,,,Normal
2662-NNTDK,Male,50,No,No,No,Coleville,California,65,49-72,One Year,,Credit Card,24.8,1600.95,4582.5,4,76,5826,0,No,,,High Risk
4132-KALRO,Female,31,No,No,No,Davis Creek,California,4,0-12,Month-to-Month,Fiber Optic,Credit Card,100.85,399.25,441.01,4,21,5354,0,No,,,Normal
2874-YXVVA,Female,38,No,No,No,Herlong,California,34,25-48,Month-to-Month,Fiber Optic,Bank Withdrawal,105.1,3634.8,3730.68,5,68,3941,0,No,,,Normal
1245-HARPS,Female,46,No,Yes,No,Janesville,California,14,13-24,Two Year,,Credit Card,20.4,292.4,496.94,3,73,4556,0,No,,,Normal
4323-ELYYB,Male,54,No,Yes,Yes,Likely,California,13,13-24,One Year,,Credit Card,20.0,218.55,273.93,3,27,5651,0,No,,,Normal
4293-ETKAP,Female,42,No,Yes,Yes,Litchfield,California,65,49-72,Two Year,Cable,Bank Withdrawal,79.4,5071.9,5190.849999999999,4,65,4023,0,No,,,Normal
6064-PUPMC,Male,59,No,Yes,Yes,Loyalton,California,23,13-24,One Year,DSL,Credit Card,57.2,1423.35,2294.13,3,69,4021,0,No,,,Normal
6504-VBLFL,Male,38,No,Yes,No,Madeline,California,55,49-72,Two Year,DSL,Bank Withdrawal,58.6,3068.6,3433.25,3,49,6231,0,No,,,Normal
6322-PJJDJ,Male,58,No,Yes,No,Markleeville,California,49,49-72,Two Year,Fiber Optic,Bank Withdrawal,94.8,4690.65,6539.349999999999,4,29,4252,0,No,,,Normal
0330-BGYZE,Male,48,No,Yes,No,Milford,California,60,49-72,One Year,Fiber Optic,Bank Withdrawal,102.5,6157.6,7310.8,5,54,4968,0,No,,,Normal
1085-LDWAM,Female,24,No,Yes,Yes,Portola,California,69,49-72,One Year,,Credit Card,20.35,1442.65,3062.08,3,26,5188,0,No,,,Normal
7586-ZATGZ,Male,59,No,No,No,Ravendale,California,40,25-48,Month-to-Month,Fiber Optic,Bank Withdrawal,84.9,3369.05,4082.25,4,37,2904,0,No,,,Normal
7197-VOJMM,Male,59,No,Yes,No,Calpine,California,67,49-72,Two Year,DSL,Credit Card,69.2,4671.65,7851.469999999999,3,43,4323,0,No,,,Normal
1843-TLSGD,Female,56,No,Yes,Yes,Standish,California,13,13-24,Two Year,,Credit Card,20.85,272.35,631.4100000000001,4,58,3163,0,No,,,Normal
9626-VFRGG,Female,33,No,No,Yes,Susanville,California,41,25-48,Month-to-Month,Fiber Optic,Bank Withdrawal,88.5,3645.05,4412.57,3,27,5984,0,No,,,Normal
7075-BNDVQ,Female,46,No,No,No,Termo,California,4,0-12,Month-to-Month,DSL,Credit Card,35.0,135.75,185.75,4,70,3523,0,No,,,Normal
9143-CANJF,Female,29,No,Yes,Yes,Topaz,California,24,13-24,Month-to-Month,DSL,Bank Withdrawal,55.15,1319.85,1976.73,3,80,2200,0,No,,,Normal
7284-BUYEC,Female,46,No,No,No,Tulelake,California,5,0-12,Month-to-Month,Cable,Credit Card,50.95,229.4,229.4,5,69,3573,0,No,,,Normal
2041-JIJCI,Female,37,No,No,No,Wendel,California,5,0-12,Month-to-Month,Cable,Bank Withdrawal,64.0,370.25,594.15,5,75,4421,0,No,,,Normal
4900-MSOMT,Female,39,No,Yes,Yes,Carnelian Bay,California,72,49-72,Two Year,DSL,Bank Withdrawal,80.2,5714.2,9250.84,4,24,6087,0,No,,,Normal
2229-VWQJH,Female,34,No,No,No,Homewood,California,24,13-24,Month-to-Month,DSL,Credit Card,49.3,1233.25,1348.93,5,66,5394,0,No,,,Normal
9194-GFVOI,Female,25,No,Yes,No,Tahoma,California,42,25-48,Two Year,DSL,Credit Card,84.35,3571.6,3984.88,4,59,3363,0,No,,,Normal
1336-EZFZY,Female,33,No,No,No,Kings Beach,California,4,0-12,Month-to-Month,,Credit Card,20.05,83.3,186.5,4,30,4596,0,No,,,Normal
4282-MSACW,Male,39,No,No,No,Tahoe City,California,68,49-72,One Year,Fiber Optic,Credit Card,117.2,8035.95,10257.51,3,55,4629,0,No,,,Normal
1403-LKLIK,Female,23,No,Yes,Yes,Olympic Valley,California,33,25-48,One Year,,Credit Card,20.1,579.4,1516.6,3,62,3342,0,No,,,Normal
0253-ZTEOB,Female,44,No,Yes,Yes,Los Angeles,California,48,25-48,Two Year,DSL,Bank Withdrawal,79.65,3870.3,4299.42,4,50,3246,0,No,,,Normal
2706-QZIHY,Female,35,No,Yes,No,Los Angeles,California,15,13-24,Two Year,,Credit Card,25.2,387.9,1088.1,4,25,4411,0,No,,,Normal
6061-PQHMK,Female,50,No,No,No,Los Angeles,California,25,25-48,One Year,,Credit Card,19.9,527.5,561.5,5,56,3048,0,No,,,Normal
6137-MFAJN,Female,62,No,No,No,Los Angeles,California,48,25-48,Month-to-Month,Cable,Bank Withdrawal,44.8,2104.55,2104.55,3,26,2469,0,No,,,Normal
2402-TAIRZ,Female,48,No,No,No,Los Angeles,California,37,25-48,One Year,Fiber Optic,Bank Withdrawal,80.05,3019.1,3374.67,5,55,3364,0,No,,,Normal
9139-TWBAS,Female,34,No,Yes,No,Los Angeles,California,26,25-48,One Year,Cable,Bank Withdrawal,47.85,1190.5,1270.5,4,79,4362,0,No,,,Normal
6685-GBWJZ,Male,59,No,Yes,No,Los Angeles,California,63,49-72,One Year,Cable,Credit Card,70.8,4448.8,7409.17,3,44,5114,0,No,,,Normal
3913-RDSJZ,Female,40,No,Yes,No,Los Angeles,California,64,49-72,Two Year,,Credit Card,25.55,1714.95,4875.91,4,22,4312,0,No,,,Normal
4203-QGNZA,Female,27,No,No,Yes,Los Angeles,California,28,25-48,Month-to-Month,,Credit Card,20.25,535.35,1265.87,5,54,4476,0,No,,,Normal
9494-BDNNC,Male,36,No,Yes,No,Los Angeles,California,66,49-72,One Year,Fiber Optic,Bank Withdrawal,95.3,6273.4,7978.179999999999,4,49,5706,0,No,,,Normal
5366-OBVMR,Female,42,No,Yes,No,Los Angeles,California,18,13-24,Month-to-Month,DSL,Credit Card,50.3,908.75,1556.03,3,67,3740,0,No,,,Normal
7644-OMVMY,Male,56,No,Yes,Yes,Los Angeles,California,10,0-12,Two Year,,Credit Card,19.85,198.5,353.6,3,53,2019,0,No,,,Normal
4573-JKNAE,Male,44,No,No,Yes,Los Angeles,California,12,0-12,Two Year,,Bank Withdrawal,19.35,212.3,419.06,5,74,2558,0,No,,,Normal
9817-APLHW,Male,37,No,No,No,Los Angeles,California,12,0-12,Month-to-Month,,Bank Withdrawal,25.0,316.2,343.68,4,53,4408,0,No,,,Normal
8380-MQINP,Female,62,No,Yes,Yes,Los Angeles,California,55,49-72,Two Year,,Credit Card,20.3,1079.05,1253.95,5,36,5153,0,No,,,Normal
0840-DFEZH,Female,63,No,No,No,Los Angeles,California,7,0-12,Month-to-Month,Fiber Optic,Bank Withdrawal,75.35,564.65,740.8399999999999,3,37,4989,0,No,,,Normal
8690-ZVLCL,Female,49,No,Yes,Yes,Los Angeles,California,68,49-72,Two Year,DSL,Credit Card,88.0,6161.9,9160.58,3,44,5436,0,No,,,Normal
0384-LPITE,Male,38,No,No,No,Los Angeles,California,40,25-48,One Year,Cable,Credit Card,62.05,2511.55,2511.55,3,34,2290,0,No,,,Normal
4616-EWBNJ,Female,23,No,No,No,Los Angeles,California,16,13-24,One Year,,Bank Withdrawal,20.1,318.6,1074.6,3,22,4545,0,No,,,Normal
1335-HQMKX,Female,49,No,Yes,No,Los Angeles,California,72,49-72,One Year,Fiber Optic,Bank Withdrawal,101.35,7323.15,10642.35,4,25,4497,0,No,,,Normal
6923-AQONU,Male,32,No,Yes,Yes,Los Angeles,California,23,13-24,Two Year,,Credit Card,20.9,454.0,888.9300000000001,3,46,4076,0,No,,,Normal
4536-PLEQY,Male,44,No,Yes,No,Los Angeles,California,12,0-12,Month-to-Month,Fiber Optic,Credit Card,85.05,999.8,1535.0,3,80,2540,0,No,,,Normal
7029-IJEJK,Female,52,No,No,No,Los Angeles,California,54,49-72,One Year,DSL,Bank Withdrawal,44.1,2369.7,2369.7,3,32,6205,0,No,,,Normal
8871-JLMHM,Female,27,No,Yes,No,Los Angeles,California,68,49-72,Two Year,Fiber Optic,Credit Card,90.2,6297.65,6529.53,4,55,4095,0,No,,,Normal
5447-VYTKW,Male,53,No,No,No,Los Angeles,California,27,25-48,Month-to-Month,Cable,Credit Card,53.45,1461.45,1868.88,3,75,2191,0,No,,,Normal
3623-FQBOX,Male,34,No,No,No,Los Angeles,California,21,13-24,Month-to-Month,,Credit Card,19.95,416.4,1340.61,5,36,3632,0,No,,,Normal
3474-BAFSJ,Male,27,No,Yes,No,West Hollywood,California,57,49-72,Two Year,DSL,Bank Withdrawal,57.5,3265.95,3415.95,4,75,4133,0,No,,,Normal
3865-ZFZIB,Male,25,No,No,No,Los Angeles,California,19,13-24,Two Year,,Credit Card,19.65,358.15,1017.07,5,21,5596,0,No,,,Normal
1855-AGAWH,Male,27,No,Yes,No,Bell,California,31,25-48,One Year,Fiber Optic,Bank Withdrawal,93.8,2939.8,4077.19,4,46,2510,0,No,,,Normal
7109-CQYUZ,Male,34,No,No,No,Beverly Hills,California,52,49-72,Two Year,DSL,Credit Card,89.25,4652.4,5006.0,3,31,4624,0,No,,,Normal
1370-GGAWX,Female,55,No,No,No,Beverly Hills,California,46,25-48,One Year,Fiber Optic,Bank Withdrawal,94.15,4408.45,5934.73,5,70,3924,0,No,,,Normal
5307-UVGNB,Female,40,No,Yes,Yes,Compton,California,53,49-72,Month-to-Month,Cable,Bank Withdrawal,48.7,2495.2,2495.2,4,54,4116,0,No,,,Normal
3642-BYHDO,Female,34,No,Yes,Yes,Downey,California,71,49-72,Two Year,,Bank Withdrawal,19.9,1389.35,2256.97,4,31,5789,0,No,,,Normal
2696-RZVZW,Male,19,No,Yes,No,Downey,California,68,49-72,Two Year,,Credit Card,25.05,1629.2,3342.12,5,24,4187,0,No,,,Normal
5766-FTRTS,Male,35,No,Yes,No,El Segundo,California,72,49-72,Two Year,DSL,Credit Card,84.45,6033.1,8557.42,3,50,6297,0,No,,,Normal
8879-ZKJOF,Female,57,No,No,No,Gardena,California,41,25-48,One Year,DSL,Bank Withdrawal,79.85,3320.75,4887.360000000001,4,48,5556,0,No,,,Normal
6285-FTQBF,Male,53,No,Yes,Yes,Hawthorne,California,72,49-72,Two Year,,Credit Card,25.55,1867.7,4518.74,4,40,6425,0,No,,,Normal
1474-JUWSM,Female,24,No,Yes,No,Lynwood,California,58,49-72,One Year,Cable,Bank Withdrawal,68.4,3972.25,5537.67,3,62,5269,0,No,,,Normal
3530-CRZSB,Female,55,No,No,No,Malibu,California,7,0-12,Month-to-Month,,Credit Card,20.65,155.9,264.68,5,38,2100,0,No,,,Normal
8498-XXGWA,Female,63,No,Yes,No,Malibu,California,65,49-72,Month-to-Month,DSL,Credit Card,55.15,3673.15,4972.5,3,34,6205,0,No,,,Normal
0621-TSSMU,Male,29,No,Yes,No,Maywood,California,56,49-72,One Year,,Credit Card,19.95,1126.75,3863.47,5,65,4838,0,No,,,Normal
7234-KMNRQ,Male,21,No,No,No,Pacific Palisades,California,4,0-12,Month-to-Month,,Credit Card,19.0,73.45,106.97,5,28,4345,0,No,,,Normal
7636-PEPNS,Female,44,No,Yes,Yes,Palos Verdes Peninsula,California,58,49-72,One Year,Cable,Credit Card,44.1,2413.05,3876.75,4,44,5040,0,No,,,Normal
4683-WYDOU,Male,54,No,Yes,No,Rancho Palos Verdes,California,62,49-72,Two Year,Fiber Optic,Bank Withdrawal,107.6,6912.7,9059.14,4,40,4697,0,No,,,Normal
9052-DHNKM,Male,23,No,No,No,Redondo Beach,California,26,25-48,One Year,DSL,Bank Withdrawal,61.55,1581.95,2570.99,3,30,5156,0,No,,,Normal
6794-HKIAJ,Male,44,No,No,No,Redondo Beach,California,62,49-72,Month-to-Month,Fiber Optic,Bank Withdrawal,90.7,5586.45,6758.25,3,67,5496,0,No,,,Normal
5578-NKCXI,Female,20,No,Yes,Yes,South Gate,California,58,49-72,One Year,Fiber Optic,Credit Card,99.25,5846.65,8111.549999999999,3,22,4098,0,No,,,Normal
1642-HMARX,Female,45,No,Yes,No,Topanga,California,68,49-72,Two Year,DSL,Bank Withdrawal,91.7,6424.7,7488.9,3,77,4113,0,No,,,Normal
3096-WPXBT,Female,60,No,Yes,Yes,Venice,California,61,49-72,One Year,Fiber Optic,Credit Card,100.7,6018.65,7222.51,3,57,4804,0,No,,,Normal
8434-PNQZX,Female,56,No,No,No,Marina Del Rey,California,42,25-48,Two Year,DSL,Credit Card,78.45,3373.4,4224.74,4,30,3192,0,No,,,Normal
5950-AAAGJ,Male,19,No,No,No,Playa Del Rey,California,18,13-24,Month-to-Month,Fiber Optic,Bank Withdrawal,84.3,1537.9,1578.5800000000002,3,72,4612,0,No,,,Normal
4299-OPXEJ,Female,57,No,No,No,Inglewood,California,56,49-72,Two Year,,Bank Withdrawal,19.55,1080.55,1858.39,5,56,5764,0,No,,,Normal
9618-LFJRU,Female,31,No,No,No,Inglewood,California,4,0-12,Month-to-Month,,Credit Card,20.45,82.85,95.05,5,40,4344,0,No,,,Normal
6693-DJWTY,Female,46,No,No,Yes,Inglewood,California,35,25-48,One Year,DSL,Credit Card,55.6,2016.45,2456.05,3,80,5964,0,No,,,High Risk
0744-GKNGE,Female,31,No,Yes,Yes,Inglewood,California,64,49-72,Month-to-Month,Fiber Optic,Bank Withdrawal,86.8,5327.25,7102.61,3,70,4915,0,No,,,Normal
6447-EGDIV,Female,23,No,No,No,Santa Monica,California,31,25-48,One Year,,Mailed Check,20.95,683.25,1668.74,4,69,5772,0,No,,,Normal
5294-DMSFH,Female,32,No,Yes,Yes,Torrance,California,29,25-48,Month-to-Month,Fiber Optic,Credit Card,87.8,2621.75,3596.73,4,25,4780,0,No,,,Normal
4837-PZTIC,Female,54,No,No,No,Torrance,California,47,25-48,Two Year,Cable,Credit Card,41.9,1875.25,1875.25,3,45,2540,0,No,,,Normal
0603-OLQDC,Male,41,No,No,Yes,Whittier,California,12,0-12,Month-to-Month,Cable,Mailed Check,69.85,837.5,1162.34,3,36,5796,0,No,,,Normal
3272-VUHPV,Female,24,No,Yes,Yes,Whittier,California,8,0-12,Month-to-Month,Cable,Bank Withdrawal,56.3,401.5,686.38,5,21,3135,0,No,,,Normal
4176-FXYBO,Male,35,No,Yes,No,Whittier,California,54,49-72,Month-to-Month,Fiber Optic,Bank Withdrawal,109.55,6118.95,8813.55,4,42,6130,0,No,,,Normal
1063-DHQJF,Male,56,No,Yes,Yes,Whittier,California,69,49-72,Two Year,Fiber Optic,Mailed Check,92.15,6480.9,7882.98,3,30,5817,0,No,,,Normal
8663-UPDGF,Female,54,No,No,No,Whittier,California,26,25-48,Month-to-Month,DSL,Bank Withdrawal,69.5,1800.05,2460.45,4,55,3866,0,No,,,Normal
6719-FGEDO,Female,27,No,Yes,No,Whittier,California,72,49-72,Two Year,Fiber Optic,Bank Withdrawal,97.0,7104.2,9897.08,4,67,6302,0,No,,,Normal
1837-YQUCE,Female,54,No,No,No,Buena Park,California,70,49-72,Two Year,DSL,Bank Withdrawal,58.35,4214.25,4214.25,3,55,4093,0,No,,,Normal
0369-ZGOVK,Female,56,No,Yes,Yes,Cypress,California,28,25-48,One Year,Fiber Optic,Bank Withdrawal,70.4,1992.2,2354.52,3,54,5195,0,No,,,Normal
9919-KNPOO,Female,60,No,Yes,No,La Mirada,California,21,13-24,Month-to-Month,Fiber Optic,Bank Withdrawal,94.3,1948.35,2559.21,3,55,2058,0,No,,,Normal
7872-BAAZR,Female,49,No,Yes,Yes,Norwalk,California,53,49-72,One Year,,Bank Withdrawal,19.55,1007.9,2614.33,5,29,4670,0,No,,,Normal
9391-LMANN,Male,38,No,No,Yes,Pico Rivera,California,53,49-72,One Year,Fiber Optic,Bank Withdrawal,95.95,5036.9,6825.12,3,61,4523,0,No,,,Normal
8174-TBVCF,Female,30,No,Yes,No,Stanton,California,70,49-72,Two Year,DSL,Credit Card,94.8,6859.05,8711.95,3,71,5072,0,No,,,High Risk
1698-XFZCI,Male,30,No,No,No,Artesia,California,61,49-72,One Year,Fiber Optic,Bank Withdrawal,107.75,6521.9,9108.3,3,29,5364,0,No,,,Normal
1877-HKBQX,Female,21,No,No,No,Cerritos,California,11,0-12,One Year,DSL,Mailed Check,54.6,617.85,630.61,4,49,2573,0,No,,,Normal
0428-AXXLJ,Male,29,No,No,No,Bellflower,California,25,25-48,One Year,,Bank Withdrawal,19.5,516.3,605.8,4,36,4761,0,No,,,Normal
2746-DIJLO,Female,40,No,No,No,Harbor City,California,41,25-48,One Year,DSL,Credit Card,56.3,2364.0,3859.27,5,46,2994,0,No,,,Normal
3508-VLHCZ,Female,43,No,Yes,Yes,Lakewood,California,71,49-72,Two Year,Cable,Credit Card,90.55,6239.05,9200.46,4,66,6009,0,No,,,Normal
4086-ATNFV,Female,34,No,Yes,Yes,Hawaiian Gardens,California,34,25-48,One Year,Cable,Mailed Check,60.8,2042.05,3727.77,4,48,4522,0,No,,,Normal
0468-YRPXN,Male,62,No,No,No,Lomita,California,29,25-48,Month-to-Month,Fiber Optic,Credit Card,98.8,2807.1,4204.9,5,42,4580,0,No,,,Normal
3739-YBWAB,Male,37,No,Yes,No,Paramount,California,36,25-48,One Year,Cable,Mailed Check,35.35,1317.95,1317.95,4,60,3314,0,No,,,Normal
7047-FWEYA,Female,41,No,Yes,No,San Pedro,California,46,25-48,One Year,Fiber Optic,Bank Withdrawal,103.15,4594.65,6252.77,3,32,3517,0,No,,,Normal
2000-MPKCA,Female,51,No,No,No,San Pedro,California,58,49-72,One Year,Fiber Optic,Bank Withdrawal,107.75,6332.75,9041.35,3,57,5121,0,No,,,Normal
9762-YAQAA,Male,54,No,No,No,Seal Beach,California,39,25-48,One Year,Fiber Optic,Credit Card,81.4,3213.75,4654.02,4,22,4104,0,No,,,Normal
5473-KHBPS,Female,53,No,Yes,Yes,Surfside,California,52,49-72,One Year,Fiber Optic,Credit Card,95.7,4976.15,5400.469999999999,3,31,4415,0,No,,,Normal
0326-VDYXE,Female,21,No,Yes,No,Long Beach,California,70,49-72,One Year,Fiber Optic,Bank Withdrawal,97.65,6982.5,8228.7,4,35,4252,0,No,,,Normal
0436-TWFFZ,Female,21,No,No,No,Long Beach,California,67,49-72,Two Year,DSL,Mailed Check,85.25,5714.2,6296.459999999999,4,61,6322,0,No,,,Normal
6609-MXJHJ,Female,39,No,Yes,Yes,Long Beach,California,30,25-48,Two Year,,Credit Card,25.1,789.55,2190.44,3,35,5851,0,No,,,Normal
2669-OIDSD,Female,58,No,Yes,No,Long Beach,California,48,25-48,Month-to-Month,Fiber Optic,Credit Card,100.05,4834.0,4845.51,5,34,3468,0,No,,,Normal
8400-WZICQ,Female,49,No,Yes,Yes,Long Beach,California,55,49-72,Month-to-Month,DSL,Bank Withdrawal,55.7,3131.8,5100.1900000000005,3,61,4149,0,No,,,Normal
9576-SYUHJ,Male,29,No,No,No,Long Beach,California,37,25-48,Month-to-Month,Fiber Optic,Bank Withdrawal,91.15,3369.25,3871.28,3,37,3194,0,No,,,Normal
0410-IPFTY,Female,64,No,Yes,No,Long Beach,California,31,25-48,Month-to-Month,Fiber Optic,Bank Withdrawal,83.85,2674.15,3035.71,3,56,4283,0,No,,,Normal
2831-EBWRN,Male,46,No,No,No,Altadena,California,4,0-12,Month-to-Month,Cable,Bank Withdrawal,45.9,199.75,335.47,3,39,3200,0,No,,,Normal
9430-NKQLY,Male,49,No,Yes,Yes,Arcadia,California,72,49-72,Two Year,,Credit Card,25.1,1790.8,3754.95,3,52,4185,0,No,,,Normal
6483-OATDN,Male,47,No,Yes,Yes,Monrovia,California,8,0-12,Month-to-Month,DSL,Credit Card,51.3,411.6,479.46,4,66,2545,0,No,,,Normal
1293-HHSHJ,Female,61,No,No,No,Montrose,California,35,25-48,One Year,,Credit Card,21.1,741.0,1558.7199999999998,4,79,5707,0,No,,,High Risk
7801-KICAO,Female,43,No,No,No,Pasadena,California,18,13-24,Month-to-Month,Fiber Optic,Bank Withdrawal,74.15,1345.75,1550.23,4,73,5033,0,No,,,High Risk
7673-LPRNY,Female,43,No,No,No,Pasadena,California,23,13-24,One Year,DSL,Bank Withdrawal,78.55,1843.05,2947.66,3,47,3127,0,No,,,Normal
6060-QBMGV,Male,30,No,Yes,No,Pasadena,California,70,49-72,Two Year,,Credit Card,19.85,1433.8,1634.03,5,39,4442,0,No,,,Normal
7339-POGZN,Female,24,No,No,No,Pasadena,California,4,0-12,Month-to-Month,DSL,Bank Withdrawal,50.7,214.55,239.63,4,60,4288,0,No,,,Normal
2828-SLQPF,Male,53,No,No,No,San Marino,California,19,13-24,Month-to-Month,DSL,Bank Withdrawal,45.0,865.85,1404.18,3,62,4519,0,No,,,Normal
4465-VDKIQ,Female,61,No,No,No,Glendale,California,18,13-24,Month-to-Month,Fiber Optic,Bank Withdrawal,77.8,1358.6,1687.58,5,42,4228,0,No,,,Normal
2558-BUOZZ,Male,51,No,No,No,Glendale,California,47,25-48,One Year,Fiber Optic,Bank Withdrawal,94.8,4535.85,6424.26,4,66,5022,0,No,,,Normal
9257-AZMTZ,Female,22,No,Yes,Yes,Glendale,California,52,49-72,Two Year,,Bank Withdrawal,20.1,1078.75,1188.58,4,71,4529,0,No,,,Normal
0003-MKNFE,Male,46,No,No,No,Glendale,California,9,0-12,Month-to-Month,Cable,Credit Card,59.9,542.4,610.28,5,66,5414,0,No,,,Normal
0975-UYDTX,Female,46,No,Yes,No,Glendale,California,26,25-48,One Year,DSL,Credit Card,90.1,2312.55,2931.1400000000003,3,39,2068,0,No,,,Normal
4682-BLBUC,Male,19,No,Yes,No,La Crescenta,California,44,25-48,One Year,DSL,Bank Withdrawal,70.95,3250.45,4528.37,5,66,3678,0,No,,,Normal
5201-FRKKS,Male,53,No,No,No,Winnetka,California,25,25-48,Month-to-Month,Fiber Optic,Bank Withdrawal,74.3,1952.25,2344.21,4,64,4815,0,No,,,Normal
5443-SCMKX,Female,49,No,Yes,No,Newbury Park,California,58,49-72,One Year,Fiber Optic,Bank Withdrawal,94.3,5610.15,6994.639999999999,3,77,6166,0,No,,,High Risk
8295-KMENE,Female,33,No,Yes,Yes,Newhall,California,59,49-72,Two Year,DSL,Credit Card,76.45,4519.5,5272.21,4,27,5978,0,No,,,Normal
6738-ISCBM,Male,55,No,No,No,Northridge,California,44,25-48,One Year,Cable,Bank Withdrawal,54.0,2440.25,2434.78,3,36,4256,0,No,,,Normal
9821-BESNZ,Male,43,No,No,No,Northridge,California,66,49-72,One Year,Fiber Optic,Bank Withdrawal,104.25,6860.6,8995.92,4,42,4915,0,No,,,Normal
3678-MNGZX,Male,45,No,Yes,Yes,Porter Ranch,California,68,49-72,Two Year,,Bank Withdrawal,19.95,1377.7,3789.24,3,53,4165,0,No,,,Normal
1335-NTIUC,Male,61,No,No,No,Pacoima,California,9,0-12,Month-to-Month,DSL,Bank Withdrawal,24.95,190.25,190.25,5,24,5473,0,No,,,Normal
2916-BQZLN,Male,29,No,No,No,Reseda,California,19,13-24,Month-to-Month,Fiber Optic,Bank Withdrawal,84.75,1651.95,1819.55,4,24,5157,0,No,,,Normal
4558-CGYCZ,Male,20,No,No,No,San Fernando,California,4,0-12,Month-to-Month,,Credit Card,19.75,78.3,246.06,3,25,4987,0,No,,,Normal
2368-GAKKQ,Female,28,No,No,No,Sylmar,California,70,49-72,Two Year,Fiber Optic,Bank Withdrawal,113.65,7939.25,9151.65,4,75,6424,0,No,,,High Risk
3199-XGZCY,Female,51,No,No,No,Granada Hills,California,8,0-12,Month-to-Month,Fiber Optic,Bank Withdrawal,75.25,576.7,727.26,4,74,2332,0,No,,,Normal
3785-KTYSH,Male,24,No,No,No,Mission Hills,California,53,49-72,Two Year,,Credit Card,24.6,1279.0,3051.8,5,44,4610,0,No,,,Normal
4063-EIKNQ,Male,33,No,Yes,Yes,Canyon Country,California,11,0-12,Month-to-Month,,Bank Withdrawal,20.95,267.35,422.21,3,31,4075,0,No,,,Normal
6993-YCOBK,Male,48,No,Yes,Yes,Sun Valley,California,60,49-72,Two Year,Fiber Optic,Bank Withdrawal,110.6,6586.85,9052.07,3,22,5756,0,No,,,Normal
5206-HPJKM,Male,64,No,No,No,Valencia,California,17,13-24,Month-to-Month,DSL,Credit Card,55.5,934.15,1506.71,4,38,3190,0,No,,,Normal
6036-TTFYU,Female,48,No,Yes,No,Thousand Oaks,California,16,13-24,Month-to-Month,,Credit Card,19.6,314.45,1037.38,3,79,4298,0,No,,,Normal
2550-AEVRU,Female,33,No,Yes,Yes,Woodland Hills,California,57,49-72,One Year,DSL,Bank Withdrawal,53.45,3053.0,4022.57,3,21,5660,0,No,,,Normal
0969-RGKCU,Male,31,No,Yes,Yes,Woodland Hills,California,37,25-48,One Year,,Credit Card,19.8,677.05,2264.0,4,24,5137,0,No,,,Normal
0378-CJKPV,Female,56,No,Yes,No,Oak Park,California,72,49-72,Two Year,Fiber Optic,Credit Card,112.1,7965.95,8275.39,4,62,4272,0,No,,,Normal
1703-MGIAB,Female,53,No,No,No,Van Nuys,California,17,13-24,Month-to-Month,DSL,Credit Card,69.0,1108.0,1167.66,5,22,4439,0,No,,,Normal
4311-QTTAI,Female,63,No,No,No,Van Nuys,California,16,13-24,One Year,,Credit Card,19.35,295.55,950.75,5,22,2017,0,No,,,Normal
4318-RAJVY,Female,57,No,No,No,Encino,California,10,0-12,One Year,,Credit Card,19.8,198.25,226.65,3,34,5270,0,No,,,Normal
3612-YUNGG,Male,53,No,Yes,Yes,Burbank,California,64,49-72,Two Year,Fiber Optic,Credit Card,109.2,6741.15,7602.57,4,34,5543,0,No,,,Normal
5062-CJJKH,Male,63,No,Yes,Yes,Burbank,California,25,25-48,One Year,DSL,Credit Card,53.65,1355.45,2259.7,5,25,5854,0,No,,,Normal
9028-LIHRP,Male,22,No,Yes,Yes,Burbank,California,71,49-72,Two Year,Fiber Optic,Credit Card,100.2,7209.0,9600.99,3,55,5502,0,No,,,Normal
1053-MXTTK,Female,63,No,Yes,Yes,North Hollywood,California,72,49-72,Two Year,Fiber Optic,Bank Withdrawal,108.65,7726.35,8767.470000000001,4,48,5730,0,No,,,Normal
1530-ZTDOZ,Female,57,No,Yes,No,Studio City,California,49,49-72,Month-to-Month,Cable,Bank Withdrawal,40.65,2070.75,2070.75,4,29,5565,0,No,,,Normal
1301-LOPVR,Male,62,No,Yes,Yes,North Hollywood,California,29,25-48,One Year,DSL,Credit Card,55.35,1636.95,1636.95,3,70,5138,0,No,,,Normal
0853-TWRVK,Male,59,No,Yes,No,North Hollywood,California,72,49-72,Two Year,Fiber Optic,Bank Withdrawal,105.6,7581.5,8024.3,3,48,5981,0,No,,,Normal
6212-ATMLK,Female,42,No,No,No,Rancho Cucamonga,California,50,49-72,Month-to-Month,Fiber Optic,Bank Withdrawal,95.7,4729.75,7326.75,4,44,4164,0,No,,,Normal
8200-LGKSR,Male,47,No,Yes,No,Azusa,California,71,49-72,Two Year,DSL,Bank Withdrawal,83.2,6126.1,8617.490000000002,3,73,5350,0,No,,,High Risk
0670-ANMUU,Male,47,No,No,No,Chino Hills,California,71,49-72,One Year,Fiber Optic,Credit Card,97.65,6687.85,7864.320000000001,3,37,5319,0,No,,,Normal
6897-RWMUB,Male,23,No,Yes,Yes,Chino,California,61,49-72,Two Year,DSL,Bank Withdrawal,68.05,4158.25,6739.16,4,78,4436,0,No,,,Normal
6999-CHVCF,Male,40,No,No,No,Covina,California,68,49-72,Two Year,Fiber Optic,Bank Withdrawal,102.1,7149.35,10509.91,3,62,5228,0,No,,,Normal
6134-KWTBV,Male,43,No,No,No,Covina,California,62,49-72,Two Year,,Bank Withdrawal,23.4,1429.65,4463.31,4,67,5822,0,No,,,Normal
1077-HUUJM,Female,48,No,No,Yes,Rancho Cucamonga,California,7,0-12,Month-to-Month,Fiber Optic,Bank Withdrawal,71.05,472.65,682.15,5,49,4668,0,No,,,Normal
0895-LNKRC,Male,53,No,Yes,Yes,El Monte,California,6,0-12,One Year,,Credit Card,19.45,113.5,122.92,4,43,3461,0,No,,,Normal
8417-GSODA,Male,37,No,Yes,Yes,Rancho Cucamonga,California,28,25-48,One Year,Fiber Optic,Bank Withdrawal,92.2,2568.15,2937.4700000000003,4,26,5116,0,No,,,Normal
5171-EPLKN,Male,27,No,No,No,Rancho Cucamonga,California,27,25-48,Two Year,,Credit Card,19.85,470.0,1756.55,4,58,2176,0,No,,,Normal
4452-QIIEB,Male,41,No,No,No,Glendora,California,7,0-12,Month-to-Month,DSL,Credit Card,43.9,278.4,488.68,5,75,3565,0,No,,,Normal
7820-ZYGNY,Male,33,No,No,No,La Puente,California,63,49-72,One Year,Fiber Optic,Credit Card,90.45,5825.5,6505.73,3,23,4616,0,No,,,Normal
9677-AVKED,Female,55,No,No,Yes,La Verne,California,53,49-72,One Year,Cable,Bank Withdrawal,84.6,4449.75,5220.37,5,60,4733,0,No,,,Normal
2227-JRSJX,Female,22,No,No,No,Monterey Park,California,21,13-24,Month-to-Month,Fiber Optic,Bank Withdrawal,99.15,1956.4,2084.92,3,36,5324,0,No,,,Normal
9847-HNVGP,Male,23,No,No,No,Monterey Park,California,17,13-24,One Year,,Credit Card,19.95,310.6,751.07,5,76,2221,0,No,,,Normal
6696-YDAYZ,Male,30,No,Yes,Yes,Mt Baldy,California,16,13-24,Two Year,,Credit Card,20.5,290.55,726.39,3,52,2856,0,No,,,Normal
8980-WQFWL,Female,61,No,No,No,Ontario,California,35,25-48,Month-to-Month,DSL,Bank Withdrawal,62.1,2096.1,2171.35,4,65,5315,0,No,,,Normal
6506-EYCNH,Female,27,No,Yes,Yes,Montclair,California,28,25-48,Month-to-Month,,Bank Withdrawal,19.55,543.8,987.6,4,41,3948,0,No,,,Normal
9501-UKKNL,Male,43,No,No,No,Diamond Bar,California,59,49-72,Month-to-Month,DSL,Bank Withdrawal,51.7,3005.8,3005.8,3,30,6107,0,No,,,Normal
2560-QTSBS,Female,26,No,Yes,Yes,Pomona,California,72,49-72,One Year,,Bank Withdrawal,23.3,1623.15,2929.23,5,30,4152,0,No,,,Normal
4795-WRNVT,Female,32,No,No,No,Pomona,California,40,25-48,Month-to-Month,DSL,Credit Card,65.1,2586.0,3048.4,3,54,3885,0,No,,,Normal
6080-TCMYC,Male,55,No,Yes,Yes,Rosemead,California,40,25-48,Month-to-Month,Fiber Optic,Bank Withdrawal,81.2,3292.3,3433.1000000000004,3,61,5370,0,No,,,Normal
7860-UXCRM,Male,22,No,Yes,Yes,San Gabriel,California,63,49-72,Two Year,DSL,Credit Card,74.5,4674.55,7331.26,4,52,6382,0,No,,,Normal
2292-XQWSV,Male,19,No,Yes,Yes,Temple City,California,40,25-48,One Year,DSL,Credit Card,60.3,2448.5,2448.5,4,28,3724,0,No,,,Normal
9552-TGUZV,Male,57,No,Yes,No,Upland,California,8,0-12,Month-to-Month,Fiber Optic,Credit Card,75.0,658.1,823.46,3,80,5413,0,No,,,High Risk
9643-YBLUR,Male,27,No,Yes,No,West Covina,California,9,0-12,Month-to-Month,Cable,Credit Card,69.05,653.95,888.22,4,60,2907,0,No,,,Normal
8734-FNWVH,Male,21,No,Yes,Yes,West Covina,California,31,25-48,Month-to-Month,DSL,Bank Withdrawal,59.7,1825.5,2776.27,5,20,2425,0,No,,,Normal
9447-YPTBX,Female,30,No,Yes,No,Alhambra,California,50,49-72,One Year,,Bank Withdrawal,19.85,943.1,2348.1,5,39,4358,0,No,,,Normal
9026-LHEVG,Female,45,No,No,No,Boulevard,California,9,0-12,Month-to-Month,DSL,Bank Withdrawal,40.75,359.4,379.4,4,24,2973,0,No,,,Normal
7011-CVEUC,Male,51,No,Yes,No,Chula Vista,California,25,25-48,Month-to-Month,Fiber Optic,Credit Card,95.7,2338.35,2433.6,5,34,4535,0,No,,,Normal
7925-PNRGI,Female,51,No,Yes,Yes,Chula Vista,California,45,25-48,Month-to-Month,DSL,Credit Card,81.3,3541.1,4000.55,3,77,3111,0,No,,,Normal
1552-CZCLL,Female,31,No,Yes,Yes,Descanso,California,55,49-72,Month-to-Month,,Credit Card,20.0,1087.25,2808.75,4,53,4277,0,No,,,Normal
3038-PQIUY,Female,39,No,No,No,Dulzura,California,38,25-48,Month-to-Month,DSL,Bank Withdrawal,66.15,2522.4,3287.7200000000003,4,78,4933,0,No,,,Normal
9313-CDOGY,Male,40,No,Yes,Yes,Imperial Beach,California,38,25-48,Month-to-Month,,Bank Withdrawal,19.6,717.3,1635.38,3,34,3854,0,No,,,Normal
8148-BPLZQ,Male,34,No,No,No,Jacumba,California,34,25-48,Month-to-Month,Cable,Bank Withdrawal,49.8,1734.2,1970.46,4,47,2711,0,No,,,Normal
2623-DRYAM,Female,19,No,Yes,No,Jamul,California,70,49-72,One Year,Fiber Optic,Bank Withdrawal,101.75,7069.3,8460.9,3,47,5596,0,No,,,Normal
9987-LUTYD,Female,20,No,No,No,La Mesa,California,13,13-24,One Year,DSL,Credit Card,55.15,742.9,1349.74,4,59,3161,0,No,,,Normal
4488-KQFDT,Female,21,No,No,No,Lemon Grove,California,61,49-72,One Year,Fiber Optic,Bank Withdrawal,103.95,6423.0,7364.84,4,59,4148,0,No,,,Normal
5693-PIPCS,Male,29,No,No,No,National City,California,41,25-48,Two Year,Fiber Optic,Credit Card,99.65,4220.35,5107.59,5,66,2640,0,No,,,Normal
0491-KAPQG,Male,28,No,No,No,Pine Valley,California,21,13-24,Month-to-Month,Fiber Optic,Bank Withdrawal,73.7,1558.7,2158.04,5,39,2071,0,No,,,Normal
8039-EQPIM,Male,22,No,Yes,No,Spring Valley,California,69,49-72,Two Year,DSL,Bank Withdrawal,60.25,4055.5,4175.5,3,44,5717,0,No,,,Normal
3209-ZPKFI,Male,28,No,Yes,Yes,Borrego Springs,California,47,25-48,Month-to-Month,DSL,Bank Withdrawal,54.25,2538.2,4382.95,5,71,2320,0,No,,,Normal
6479-VDGRK,Female,46,No,Yes,Yes,Cardiff By The Sea,California,72,49-72,Two Year,Cable,Bank Withdrawal,85.3,6129.2,8730.56,3,28,4456,0,No,,,Normal
3569-JFODW,Female,20,No,Yes,Yes,Del Mar,California,72,49-72,Two Year,DSL,Credit Card,90.95,6652.45,9939.97,3,66,5096,0,No,,,Normal
1591-XWLGB,Female,44,No,Yes,No,El Cajon,California,71,49-72,Two Year,,Credit Card,19.85,1379.6,2686.71,4,56,4121,0,No,,,Normal
0396-UKGAI,Male,25,No,No,Yes,Encinitas,California,23,13-24,Month-to-Month,DSL,Bank Withdrawal,55.3,1284.2,1320.54,4,65,4028,0,No,,,Normal
3243-ZHOHY,Female,35,No,No,No,Escondido,California,16,13-24,One Year,,Credit Card,20.1,296.15,626.55,3,72,5052,0,No,,,High Risk
5186-EJEGL,Male,24,No,No,No,Escondido,California,9,0-12,Month-to-Month,DSL,Credit Card,69.5,653.25,963.12,3,72,3628,0,No,,,Normal
7527-QNRUS,Male,33,No,Yes,Yes,Escondido,California,17,13-24,Two Year,,Credit Card,25.15,412.6,1181.68,3,33,3931,0,No,,,Normal
2203-GHNWN,Female,24,No,Yes,No,Julian,California,24,13-24,Month-to-Month,Fiber Optic,Credit Card,79.65,1928.7,3007.02,4,72,3816,0,No,,,Normal
5296-PSYVW,Female,41,No,Yes,No,Oceanside,California,72,49-72,Two Year,,Bank Withdrawal,24.55,1750.7,2397.26,4,52,4169,0,No,,,Normal
6319-QSUSR,Female,57,No,No,Yes,Oceanside,California,11,0-12,Month-to-Month,,Credit Card,19.7,216.2,709.88,4,67,3838,0,No,,,Normal
0487-CRLZF,Female,58,No,No,No,Poway,California,49,49-72,Two Year,DSL,Bank Withdrawal,74.45,3721.9,4089.89,5,60,4517,0,No,,,Normal
9451-WLYRI,Female,50,No,Yes,No,Ranchita,California,53,49-72,One Year,,Credit Card,19.05,990.45,3441.17,5,74,6160,0,No,,,High Risk
8219-VYBVI,Male,52,No,No,Yes,Rancho Santa Fe,California,39,25-48,Two Year,,Credit Card,25.0,1004.35,2952.4,4,55,4295,0,No,,,Normal
1991-VOPLL,Female,45,No,No,No,San Marcos,California,9,0-12,Month-to-Month,,Credit Card,19.05,157.65,439.17,4,61,3248,0,No,,,Normal
9738-QLWTP,Male,47,No,No,No,Santa Ysabel,California,39,25-48,One Year,Fiber Optic,Bank Withdrawal,81.9,3219.75,4589.82,4,46,3446,0,No,,,Normal
9419-IPPBE,Female,21,No,Yes,Yes,Solana Beach,California,51,49-72,One Year,Fiber Optic,Bank Withdrawal,90.15,4554.85,5569.75,3,22,5692,0,No,,,Normal
0174-QRVVY,Male,21,No,Yes,Yes,San Marcos,California,71,49-72,Two Year,,Credit Card,25.35,1847.55,2500.75,5,68,5747,0,No,,,Normal
8106-GWQOK,Male,47,No,Yes,No,Warner Springs,California,38,25-48,Two Year,Cable,Bank Withdrawal,60.0,2193.2,2193.2,3,42,2187,0,No,,,Normal
8751-EDEKA,Female,56,No,Yes,No,Rancho Santa Fe,California,28,25-48,Month-to-Month,Fiber Optic,Credit Card,89.9,2433.5,3360.02,4,55,3676,0,No,,,Normal
6878-GGDWG,Female,57,No,Yes,No,San Diego,California,32,25-48,Month-to-Month,,Bank Withdrawal,19.4,641.15,1036.35,4,31,3846,0,No,,,Normal
8450-LUGUK,Female,40,No,Yes,Yes,San Diego,California,37,25-48,Two Year,,Bank Withdrawal,24.1,861.85,2515.01,4,36,3753,0,No,,,Normal
3604-WLABM,Female,41,No,No,No,San Diego,California,10,0-12,Month-to-Month,DSL,Bank Withdrawal,54.25,583.0,712.6,4,43,2253,0,No,,,Normal
0795-GMVQO,Male,36,No,Yes,No,San Diego,California,67,49-72,One Year,Fiber Optic,Credit Card,109.9,7332.4,8882.11,4,26,5416,0,No,,,Normal
2259-OUUSZ,Male,28,No,No,No,San Diego,California,7,0-12,One Year,DSL,Credit Card,35.5,249.55,249.55,3,48,5124,0,No,,,Normal
1142-IHLOO,Female,36,No,No,No,San Diego,California,51,49-72,One Year,Fiber Optic,Credit Card,87.55,4475.9,5208.77,4,57,6021,0,No,,,Normal
4633-MKHYU,Female,23,No,No,No,San Diego,California,9,0-12,Month-to-Month,Fiber Optic,Credit Card,88.4,788.6,1107.65,5,32,2952,0,No,,,Normal
6257-RJOHI,Male,58,No,No,No,San Diego,California,4,0-12,Month-to-Month,DSL,Credit Card,50.8,202.3,209.82,5,47,4521,0,No,,,Normal
1545-JFUML,Male,50,No,Yes,No,San Diego,California,71,49-72,Two Year,Fiber Optic,Bank Withdrawal,99.0,6994.6,10162.86,3,31,5295,0,No,,,Normal
1353-GHZOS,Male,22,No,Yes,No,San Diego,California,22,13-24,One Year,DSL,Bank Withdrawal,59.75,1374.35,1507.01,3,31,3947,0,No,,,Normal
2587-EKXTS,Male,48,No,No,No,San Diego,California,44,25-48,Month-to-Month,Fiber Optic,Bank Withdrawal,111.5,4915.15,6870.95,4,26,2827,0,No,,,Normal
5442-BXVND,Female,49,No,Yes,Yes,San Diego,California,33,25-48,Month-to-Month,,Bank Withdrawal,24.25,838.5,1167.51,5,73,5531,0,No,,,High Risk
2364-UFROM,Male,47,No,No,No,San Diego,California,30,25-48,One Year,Cable,Bank Withdrawal,70.4,2044.75,3017.05,3,68,3380,0,No,,,Normal
6473-ULUHT,Male,22,No,Yes,Yes,San Diego,California,16,13-24,Month-to-Month,DSL,Bank Withdrawal,84.9,1398.25,1544.81,3,43,2269,0,No,,,Normal
7688-AWMDX,Male,21,No,Yes,No,San Diego,California,71,49-72,Two Year,DSL,Bank Withdrawal,54.5,3778.2,7208.92,3,57,4957,0,No,,,Normal
2842-BCQGE,Male,39,No,No,No,San Diego,California,43,25-48,Month-to-Month,Fiber Optic,Credit Card,75.35,3161.4,4006.78,5,33,4898,0,No,,,Normal
7244-QWYHG,Male,20,No,Yes,No,San Diego,California,50,49-72,One Year,DSL,Bank Withdrawal,44.45,2188.45,2188.45,4,54,5363,0,No,,,Normal
5312-UXESG,Female,43,No,No,No,Indio,California,41,25-48,Month-to-Month,Fiber Optic,Bank Withdrawal,98.05,3990.6,5187.389999999999,4,58,5614,0,No,,,Normal
2150-WLKUW,Female,27,No,Yes,No,Banning,California,40,25-48,One Year,DSL,Bank Withdrawal,63.9,2635.0,4319.0,3,41,2654,0,No,,,Normal
7032-LMBHI,Female,42,No,No,No,Blythe,California,37,25-48,One Year,Cable,Bank Withdrawal,64.65,2347.85,3723.51,3,45,5255,0,No,,,Normal
6088-BXMRG,Female,59,No,Yes,Yes,Cabazon,California,32,25-48,Month-to-Month,Fiber Optic,Bank Withdrawal,98.85,3089.6,3858.88,4,25,3149,0,No,,,Normal
4821-SJHJV,Female,25,No,Yes,Yes,Calipatria,California,32,25-48,Month-to-Month,Fiber Optic,Bank Withdrawal,89.6,2901.8,4453.4800000000005,4,54,4444,0,No,,,Normal
7346-MEDWM,Female,48,No,No,No,Cathedral City,California,59,49-72,Month-to-Month,Fiber Optic,Bank Withdrawal,83.25,4949.1,6791.67,3,32,4094,0,No,,,Normal
1137-DGOWI,Female,53,No,Yes,No,Coachella,California,30,25-48,One Year,DSL,Bank Withdrawal,70.25,2198.9,2718.8,4,66,5417,0,No,,,Normal
3812-LRZIR,Female,51,No,Yes,Yes,Desert Hot Springs,California,27,25-48,Two Year,,Bank Withdrawal,24.5,761.95,1720.9900000000002,3,67,2645,0,No,,,Normal
9483-GCPWE,Male,60,No,No,Yes,Earp,California,9,0-12,One Year,,Credit Card,20.1,190.25,436.31,4,20,3444,0,No,,,Normal
4227-OJHAL,Female,47,No,Yes,Yes,El Centro,California,68,49-72,One Year,DSL,Credit Card,73.0,5163.0,6533.2,4,67,4156,0,No,,,Normal
9220-CXRSC,Female,56,No,Yes,Yes,Heber,California,69,49-72,Two Year,DSL,Credit Card,61.4,4059.85,6755.68,3,80,5266,0,No,,,High Risk
4993-JCRGJ,Male,62,No,No,No,Holtville,California,26,25-48,Month-to-Month,Fiber Optic,Credit Card,84.3,2281.6,3261.54,5,66,5471,0,No,,,Normal
9537-JALFH,Male,49,No,Yes,Yes,Imperial,California,69,49-72,Two Year,,Bank Withdrawal,19.9,1356.7,3301.8100000000004,3,54,6058,0,No,,,Normal
6698-OXETB,Male,60,No,No,No,Joshua Tree,California,11,0-12,Two Year,,Credit Card,20.4,231.45,779.25,4,51,5397,0,No,,,Normal
3724-BSCVH,Male,37,No,Yes,Yes,Mecca,California,10,0-12,One Year,,Credit Card,20.45,242.4,618.3000000000001,4,54,4613,0,No,,,Normal
4877-TSOFF,Female,41,No,Yes,Yes,Morongo Valley,California,55,49-72,One Year,DSL,Bank Withdrawal,75.75,4264.25,5153.05,3,51,4489,0,No,,,Normal
9209-NWPGU,Male,42,No,No,No,Niland,California,44,25-48,One Year,Cable,Bank Withdrawal,65.4,2774.55,4313.67,3,76,5827,0,No,,,High Risk
7306-YDSOI,Male,32,No,Yes,Yes,Ocotillo,California,69,49-72,Two Year,DSL,Bank Withdrawal,59.75,4069.9,7478.5,3,39,4665,0,No,,,Normal
0655-YDGFJ,Male,34,No,No,No,Palm Springs,California,29,25-48,Month-to-Month,DSL,Bank Withdrawal,48.95,1323.7,1615.44,3,66,4825,0,No,,,Normal
8468-EHYJA,Female,32,No,Yes,No,Palo Verde,California,57,49-72,Month-to-Month,Fiber Optic,Bank Withdrawal,99.65,5497.05,6191.88,4,42,5106,0,No,,,Normal
6823-SIDFQ,Male,58,No,No,No,Parker Dam,California,28,25-48,One Year,,Credit Card,18.25,534.7,1665.62,4,67,5327,0,No,,,Normal
1097-FSPVW,Female,42,No,No,No,Pioneertown,California,42,25-48,Month-to-Month,DSL,Credit Card,54.55,2455.05,3805.77,3,72,5387,0,No,,,High Risk
8328-SKJNO,Male,61,No,No,Yes,Seeley,California,23,13-24,One Year,DSL,Bank Withdrawal,40.65,947.4,947.4,3,43,5230,0,No,,,Normal
7010-ZMVBF,Female,39,No,Yes,Yes,Thermal,California,18,13-24,Month-to-Month,,Credit Card,20.45,357.0,619.8,4,71,2047,0,No,,,Normal
5201-CBWYG,Male,60,No,Yes,Yes,Salton City,California,62,49-72,One Year,,Bank Withdrawal,24.8,1476.25,2498.01,5,53,5105,0,No,,,Normal
6352-GIGGQ,Male,19,No,No,No,Escondido,California,67,49-72,One Year,DSL,Bank Withdrawal,88.8,5903.15,8403.59,3,68,4081,0,No,,,Normal
3635-QQRQD,Male,19,No,No,No,Westmorland,California,62,49-72,Two Year,,Credit Card,20.05,1201.65,3289.81,4,74,4568,0,No,,,Normal
3082-YVEKW,Female,62,No,Yes,Yes,Yucca Valley,California,23,13-24,Two Year,DSL,Bank Withdrawal,77.15,1759.4,2518.86,3,33,2572,0,No,,,Normal
0191-EQUUH,Female,32,No,No,Yes,Landers,California,25,25-48,Two Year,Cable,Bank Withdrawal,35.05,844.45,844.45,4,69,2754,0,No,,,Normal
2926-JEJJC,Female,26,No,No,No,Angelus Oaks,California,8,0-12,One Year,,Bank Withdrawal,20.2,140.95,183.11,4,38,5066,0,No,,,Normal
4950-BDEUX,Male,47,No,No,No,Apple Valley,California,35,25-48,Month-to-Month,DSL,Bank Withdrawal,49.2,1701.65,1701.65,4,40,2782,0,No,,,Normal
5789-LDFXO,Male,60,No,No,No,Baker,California,24,13-24,One Year,,Bank Withdrawal,24.6,592.65,1728.5700000000002,3,79,5448,0,No,,,High Risk
2984-TBYKU,Male,38,No,Yes,Yes,Barstow,California,72,49-72,Two Year,Fiber Optic,Credit Card,104.9,7732.65,10052.49,4,25,6378,0,No,,,Normal
9822-WMWVG,Female,20,No,No,No,Grand Terrace,California,41,25-48,Month-to-Month,Fiber Optic,Bank Withdrawal,106.5,4282.4,5787.099999999999,4,75,4434,0,No,,,Normal
9040-KZVWO,Male,59,No,No,No,Big Bear Lake,California,26,25-48,One Year,Fiber Optic,Bank Withdrawal,75.5,2018.1,3048.48,4,43,5184,0,No,,,Normal
1548-ARAGG,Female,28,No,Yes,Yes,Cedar Glen,California,4,0-12,Month-to-Month,DSL,Credit Card,58.5,224.85,365.65,3,23,5605,0,No,,,Normal
6339-RZCBJ,Male,45,No,No,No,Colton,California,48,25-48,Two Year,DSL,Credit Card,78.9,3771.5,3943.82,4,47,4063,0,No,,,Normal
2522-AHJXR,Male,36,No,Yes,No,Death Valley,California,60,49-72,Month-to-Month,Fiber Optic,Bank Withdrawal,109.45,6572.85,6848.25,4,77,4350,0,No,,,Normal
0412-UCCNP,Male,20,No,No,No,Essex,California,55,49-72,Two Year,DSL,Bank Withdrawal,59.2,3175.85,3851.25,3,33,5162,0,No,,,Normal
4615-PIVVU,Female,33,No,No,No,Ludlow,California,42,25-48,Two Year,Cable,Credit Card,66.5,2762.75,4222.67,5,62,4668,0,No,,,Normal
9385-NXKDA,Female,53,No,Yes,No,Hesperia,California,72,49-72,Two Year,DSL,Credit Card,82.65,5919.35,7163.51,3,42,4324,0,No,,,Normal
0430-IHCDJ,Male,40,No,No,No,Highland,California,15,13-24,Month-to-Month,DSL,Bank Withdrawal,49.0,749.25,925.5,3,25,2597,0,No,,,Normal
6674-KVJHG,Female,50,No,No,No,Lake Arrowhead,California,11,0-12,One Year,,Bank Withdrawal,25.2,245.15,265.72,4,55,4998,0,No,,,Normal
1814-DKOLC,Female,63,No,No,No,Loma Linda,California,5,0-12,Month-to-Month,,Credit Card,25.45,134.75,161.8,3,24,4855,0,No,,,Normal
9351-HXDMR,Male,37,No,Yes,No,Lytle Creek,California,72,49-72,Two Year,Fiber Optic,Credit Card,110.9,8240.85,11564.37,3,67,4938,0,No,,,Normal
3537-HPKQT,Female,20,No,Yes,No,Mentone,California,55,49-72,Month-to-Month,Fiber Optic,Credit Card,77.75,4266.4,5556.15,3,46,4621,0,No,,,Normal
2129-ALKBS,Female,49,No,Yes,Yes,Needles,California,40,25-48,Month-to-Month,,Bank Withdrawal,26.2,1077.5,3046.3,3,37,2211,0,No,,,Normal
5821-MMEIL,Female,43,No,Yes,No,Nipton,California,57,49-72,Two Year,,Bank Withdrawal,19.9,1115.6,3672.62,5,48,4408,0,No,,,Normal
6968-URWQU,Male,50,No,Yes,No,Redlands,California,43,25-48,One Year,DSL,Credit Card,56.35,2391.15,2577.77,4,70,4928,0,No,,,Normal
4742-TXUEX,Female,24,No,Yes,Yes,Rialto,California,47,25-48,Two Year,,Bank Withdrawal,19.3,890.5,1010.82,4,43,5829,0,No,,,Normal
1335-MXCSE,Male,24,No,Yes,Yes,Shoshone,California,55,49-72,Two Year,DSL,Credit Card,55.25,3119.9,5683.450000000001,3,42,5821,0,No,,,Normal
8873-TMKGR,Male,40,No,No,No,Sugarloaf,California,29,25-48,One Year,,Credit Card,19.1,529.5,1965.58,4,38,5880,0,No,,,Normal
8800-JOOCF,Female,56,No,No,Yes,Fallbrook,California,12,0-12,Month-to-Month,Fiber Optic,Bank Withdrawal,84.05,966.55,1180.75,4,77,4621,0,No,,,Normal
1469-LBJQJ,Female,39,No,Yes,No,Victorville,California,66,49-72,Month-to-Month,Fiber Optic,Bank Withdrawal,105.2,6936.85,9724.03,4,20,4016,0,No,,,Normal
0064-YIJGF,Male,60,No,Yes,Yes,Yermo,California,27,25-48,Month-to-Month,Fiber Optic,Bank Withdrawal,75.75,1929.0,2611.02,3,46,4994,0,No,,,Normal
2386-OWURY,Female,20,No,No,No,Yucaipa,California,58,49-72,Month-to-Month,Fiber Optic,Bank Withdrawal,95.3,5817.7,7879.599999999999,4,68,6460,0,No,,,Normal
0310-VQXAM,Male,56,No,No,No,San Bernardino,California,9,0-12,Month-to-Month,,Credit Card,19.85,178.8,545.46,3,63,2788,0,No,,,Normal
3453-RTHJQ,Male,59,No,No,No,San Bernardino,California,6,0-12,Month-to-Month,Fiber Optic,Bank Withdrawal,69.1,435.0,546.9,4,55,5741,0,No,,,Normal
6278-FEPBZ,Female,57,No,No,No,San Bernardino,California,9,0-12,Month-to-Month,,Credit Card,20.25,186.15,209.55,4,68,5546,0,No,,,Normal
4280-DLSHD,Male,36,No,Yes,No,San Bernardino,California,8,0-12,Month-to-Month,Cable,Credit Card,54.75,445.85,597.85,3,47,4099,0,No,,,Normal
1508-DFXCU,Male,32,No,No,No,Riverside,California,12,0-12,Month-to-Month,Fiber Optic,Bank Withdrawal,81.45,912.0,1044.48,3,70,2916,0,No,,,Normal
7868-BGSZA,Male,30,No,Yes,No,Riverside,California,43,25-48,One Year,DSL,Bank Withdrawal,80.2,3581.6,5042.31,3,35,5888,0,No,,,Normal
2800-QQUSO,Male,48,No,No,No,Riverside,California,42,25-48,Month-to-Month,Fiber Optic,Bank Withdrawal,100.3,4222.95,5301.93,5,33,3286,0,No,,,Normal
7973-DZRKH,Female,20,No,No,Yes,Riverside,California,66,49-72,Two Year,Fiber Optic,Credit Card,90.95,5930.05,7717.99,3,74,6204,0,No,,,High Risk
9773-PEQBZ,Male,43,No,No,No,Lake Elsinore,California,10,0-12,Month-to-Month,Fiber Optic,Bank Withdrawal,79.85,797.25,953.25,5,65,5739,0,No,,,Normal
9602-WCXPI,Male,24,No,No,No,Hemet,California,50,49-72,One Year,,Credit Card,20.15,989.05,2075.05,5,29,5249,0,No,,,Normal
8573-JGCZW,Male,27,No,No,No,Idyllwild,California,17,13-24,One Year,,Bank Withdrawal,19.65,351.55,1163.98,5,35,4774,0,No,,,Normal
6837-HAEVO,Male,47,No,Yes,Yes,Moreno Valley,California,69,49-72,Two Year,Fiber Optic,Bank Withdrawal,105.0,7297.75,8849.56,4,47,5436,0,No,,,Normal
6701-YVNQG,Male,63,No,Yes,No,Moreno Valley,California,72,49-72,Two Year,DSL,Credit Card,88.7,6301.7,9733.22,3,41,5764,0,No,,,Normal
9504-YAZWB,Female,28,No,No,No,Mountain Center,California,53,49-72,Two Year,,Credit Card,20.25,1048.45,2556.83,4,79,4218,0,No,,,Normal
8819-ZBYNA,Female,51,No,Yes,No,Murrieta,California,58,49-72,Two Year,Fiber Optic,Credit Card,109.1,6393.65,8548.349999999999,3,57,4935,0,No,,,Normal
6174-NRBTZ,Male,44,No,No,No,Murrieta,California,46,25-48,One Year,Cable,Bank Withdrawal,30.75,1489.3,1489.3,3,42,5646,0,No,,,Normal
6137-NICCO,Female,39,No,Yes,Yes,Perris,California,6,0-12,Month-to-Month,Fiber Optic,Credit Card,94.05,518.75,766.49,3,59,3083,0,No,,,Normal
9065-ZCPQX,Male,24,No,Yes,No,San Jacinto,California,72,49-72,Two Year,DSL,Bank Withdrawal,78.85,5763.15,8615.07,3,33,5091,0,No,,,Normal
6402-EJMWF,Male,33,No,No,No,San Jacinto,California,4,0-12,Month-to-Month,DSL,Credit Card,55.3,238.5,322.62,4,31,3684,0,No,,,Normal
3620-EHIMZ,Female,44,No,Yes,Yes,Menifee,California,52,49-72,Two Year,,Credit Card,19.35,1031.7,1544.94,5,66,5699,0,No,,,Normal
3213-VVOLG,Male,22,No,Yes,Yes,Sun City,California,10,0-12,Two Year,,Credit Card,25.35,253.5,617.2,4,49,2299,0,No,,,Normal
8747-UDCOI,Female,29,No,Yes,No,Sun City,California,65,49-72,Two Year,,Bank Withdrawal,19.35,1319.95,4482.849999999999,3,71,5076,0,No,,,High Risk
4626-OZDTJ,Female,35,No,Yes,No,Wildomar,California,51,49-72,One Year,DSL,Credit Card,78.65,3950.85,5248.8,5,80,5408,0,No,,,High Risk
9169-BSVIN,Male,21,No,No,No,Winchester,California,12,0-12,Month-to-Month,DSL,Bank Withdrawal,74.75,827.05,1049.29,5,40,3521,0,No,,,Normal
8194-PEEBY,Female,38,No,Yes,Yes,Irvine,California,24,13-24,One Year,,Credit Card,19.9,533.5,640.78,4,68,4158,0,No,,,Normal
6872-HXFNF,Female,27,No,Yes,No,Irvine,California,64,49-72,One Year,DSL,Bank Withdrawal,58.35,3756.45,6334.37,3,55,5331,0,No,,,Normal
7714-YXSMB,Female,60,No,No,No,Irvine,California,26,25-48,Month-to-Month,Fiber Optic,Bank Withdrawal,100.5,2599.95,3267.11,3,50,2921,0,No,,,Normal
8387-UGUSU,Female,57,No,Yes,Yes,Irvine,California,15,13-24,Month-to-Month,,Credit Card,20.05,284.3,852.8,4,59,3591,0,No,,,Normal
1194-HVAIF,Female,21,No,Yes,No,Capistrano Beach,California,27,25-48,Month-to-Month,Fiber Optic,Credit Card,95.0,2462.55,2959.8900000000003,4,75,4235,0,No,,,Normal
1767-TGTKO,Female,30,No,Yes,Yes,Dana Point,California,8,0-12,Month-to-Month,DSL,Bank Withdrawal,45.45,411.75,452.47,4,41,4651,0,No,,,Normal
8439-LTUGF,Male,51,No,No,No,Lake Forest,California,10,0-12,Month-to-Month,,Credit Card,20.0,198.6,389.6,4,53,4802,0,No,,,Normal
6418-HNFED,Male,33,No,Yes,No,Huntington Beach,California,51,49-72,Two Year,DSL,Credit Card,83.25,4089.45,6146.79,3,62,5340,0,No,,,Normal
0206-OYVOC,Female,52,No,Yes,Yes,Huntington Beach,California,46,25-48,Two Year,,Credit Card,19.25,864.2,1983.38,5,77,5596,0,No,,,High Risk
7128-GGCNO,Male,38,No,No,No,Laguna Hills,California,46,25-48,Month-to-Month,Fiber Optic,Bank Withdrawal,72.8,3249.4,5140.0,4,66,2642,0,No,,,Normal
0237-YFUTL,Female,62,No,Yes,No,Midway City,California,50,49-72,Month-to-Month,Fiber Optic,Bank Withdrawal,109.65,5405.8,7134.3,3,21,4676,0,No,,,Normal
7691-KGKGP,Male,31,No,Yes,Yes,Aliso Viejo,California,53,49-72,Month-to-Month,DSL,Credit Card,65.0,3363.8,3475.63,3,30,5534,0,No,,,Normal
6710-HSJRD,Male,48,No,Yes,No,Newport Coast,California,61,49-72,Month-to-Month,Fiber Optic,Bank Withdrawal,114.1,7132.15,7883.67,4,64,5239,0,No,,,Normal
3675-EQOZA,Male,40,No,No,No,Newport Beach,California,5,0-12,Month-to-Month,,Bank Withdrawal,20.65,93.55,306.15000000000003,4,60,5597,0,No,,,Normal
0840-DCNZE,Male,33,No,No,No,Newport Beach,California,47,25-48,One Year,DSL,Bank Withdrawal,86.95,4138.9,5867.56,4,57,5631,0,No,,,Normal
1732-FEKLD,Female,30,No,No,No,Newport Beach,California,54,49-72,One Year,Fiber Optic,Bank Withdrawal,94.75,5121.75,7224.85,4,50,5665,0,No,,,Normal
9862-KJTYK,Male,19,No,No,Yes,Newport Beach,California,19,13-24,Month-to-Month,DSL,Credit Card,25.35,566.1,566.1,4,68,3072,0,No,,,Normal
0479-HMSWA,Female,63,No,No,Yes,San Clemente,California,26,25-48,Two Year,Fiber Optic,Bank Withdrawal,105.45,2715.3,2779.78,5,62,5980,0,No,,,Normal
5854-KSRBJ,Male,31,No,Yes,Yes,San Clemente,California,70,49-72,Two Year,,Credit Card,25.4,1782.05,2435.15,4,33,4954,0,No,,,Normal
0365-BZUWY,Male,58,No,Yes,No,San Juan Capistrano,California,17,13-24,Month-to-Month,Fiber Optic,Bank Withdrawal,102.55,1742.5,1914.37,5,75,3803,0,No,,,Normal
3129-AAQOU,Female,50,No,Yes,Yes,Trabuco Canyon,California,19,13-24,Two Year,,Credit Card,25.6,485.9,1216.07,3,44,5038,0,No,,,Normal
4922-CVPDX,Female,23,No,Yes,No,Westminster,California,26,25-48,Two Year,DSL,Credit Card,73.5,1905.7,2845.79,5,67,3596,0,No,,,Normal
1357-BIJKI,Male,46,No,Yes,No,Mission Viejo,California,50,49-72,One Year,Fiber Optic,Bank Withdrawal,98.25,4858.7,6769.65,4,62,5154,0,No,,,Normal
1099-BTKWT,Female,58,No,Yes,No,Mission Viejo,California,68,49-72,One Year,DSL,Bank Withdrawal,54.4,3723.65,3698.03,4,69,4897,0,No,,,Normal
2018-PZKMU,Male,32,No,Yes,Yes,Santa Ana,California,9,0-12,Month-to-Month,Fiber Optic,Bank Withdrawal,103.1,970.45,1351.16,4,61,4171,0,No,,,Normal
7340-KEFQE,Female,23,No,Yes,Yes,Santa Ana,California,51,49-72,Two Year,Cable,Bank Withdrawal,34.2,1782.0,1772.61,4,38,6404,0,No,,,Normal
4570-QHXHL,Female,48,No,No,No,Santa Ana,California,9,0-12,Month-to-Month,DSL,Bank Withdrawal,43.75,405.7,766.37,3,70,5644,0,No,,,Normal
7392-YYPYJ,Male,26,No,No,No,Santa Ana,California,22,13-24,Month-to-Month,Fiber Optic,Bank Withdrawal,100.65,2415.95,3036.1799999999994,5,34,4094,0,No,,,Normal
2223-GDSHL,Male,41,No,Yes,Yes,Fountain Valley,California,71,49-72,Two Year,Fiber Optic,Bank Withdrawal,116.05,8297.5,10237.91,3,62,6481,0,No,,,Normal
9470-RTWDV,Male,51,No,Yes,Yes,Tustin,California,26,25-48,One Year,DSL,Credit Card,82.0,2083.1,2995.13,4,43,3973,0,No,,,Normal
2176-OSJUV,Male,29,No,Yes,No,Anaheim,California,71,49-72,Two Year,DSL,Bank Withdrawal,65.15,4681.75,7561.780000000001,3,69,4384,0,No,,,Normal
9348-YVOMK,Male,28,No,No,No,Anaheim,California,4,0-12,Month-to-Month,DSL,Credit Card,44.8,176.2,351.28,4,39,5565,0,No,,,Normal
8104-OSKWT,Female,61,No,No,No,Anaheim,California,12,0-12,Month-to-Month,Fiber Optic,Bank Withdrawal,79.8,1001.2,1152.71,3,43,5906,0,No,,,Normal
4521-YEEHE,Female,23,No,Yes,No,Anaheim,California,18,13-24,Month-to-Month,Fiber Optic,Bank Withdrawal,88.85,1594.75,1907.07,5,59,3127,0,No,,,Normal
2592-HODOV,Male,44,No,No,No,Brea,California,13,13-24,One Year,,Credit Card,19.3,259.65,809.76,4,66,2823,0,No,,,Normal
7995-ZHHNZ,Male,56,No,Yes,No,Fullerton,California,42,25-48,One Year,DSL,Credit Card,56.1,2386.85,3225.32,4,69,5904,0,No,,,Normal
3824-RHKVR,Female,27,No,No,No,Fullerton,California,17,13-24,Month-to-Month,,Credit Card,19.7,340.35,718.77,4,28,4222,0,No,,,Normal
5989-AXPUC,Female,27,No,Yes,No,Garden Grove,California,68,49-72,Two Year,Fiber Optic,Credit Card,118.6,7990.05,8039.200000000001,4,38,4175,0,No,,,Normal
4979-HPRFL,Male,54,No,Yes,Yes,Garden Grove,California,56,49-72,Two Year,,Bank Withdrawal,24.15,1402.25,3482.36,4,21,5137,0,No,,,Normal
8590-OHDIW,Female,52,No,Yes,Yes,Garden Grove,California,38,25-48,One Year,,Credit Card,20.3,749.35,2422.86,5,51,4686,0,No,,,Normal
8015-IHCGW,Female,53,No,Yes,Yes,Garden Grove,California,72,49-72,Two Year,Fiber Optic,Bank Withdrawal,115.5,8425.15,11033.899999999998,4,65,4017,0,No,,,Normal
2332-TODQS,Female,44,No,No,No,Garden Grove,California,48,25-48,One Year,,Credit Card,25.05,1171.5,2833.2,4,33,3642,0,No,,,Normal
8008-OTEZX,Female,30,No,Yes,Yes,Villa Park,California,35,25-48,One Year,,Credit Card,19.65,708.8,1348.9499999999998,3,26,3739,0,No,,,Normal
2773-OVBPK,Male,60,No,Yes,No,Orange,California,67,49-72,Two Year,Fiber Optic,Bank Withdrawal,111.3,7567.2,8985.11,3,59,4469,0,No,,,Normal
5206-XZZQI,Male,56,No,No,No,Orange,California,53,49-72,Month-to-Month,Fiber Optic,Credit Card,80.6,4348.1,7006.780000000001,4,73,6113,0,No,,,High Risk
4803-LBYPN,Male,44,No,Yes,Yes,Orange,California,34,25-48,Month-to-Month,,Credit Card,20.8,635.9,2104.19,3,64,4985,0,No,,,Normal
2139-FQHLM,Male,49,No,No,No,Corona,California,19,13-24,Month-to-Month,Fiber Optic,Credit Card,89.95,1682.4,1834.21,5,35,3402,0,No,,,Normal
1093-YSWCA,Male,45,No,No,No,Corona,California,11,0-12,Two Year,,Credit Card,19.55,223.15,385.15,3,50,5433,0,No,,,Normal
3882-IYOIJ,Female,41,No,Yes,Yes,Yorba Linda,California,60,49-72,Two Year,Fiber Optic,Credit Card,115.25,6758.45,9346.4,5,36,5328,0,No,,,Normal
8749-TZYEC,Male,38,No,Yes,No,Yorba Linda,California,72,49-72,Two Year,,Credit Card,24.8,1874.3,2845.88,3,71,6251,0,No,,,High Risk
1755-FZQEC,Male,26,No,No,No,Ventura,California,39,25-48,One Year,,Credit Card,19.9,791.15,2643.76,4,69,4041,0,No,,,Normal
3115-JPJDD,Female,43,No,Yes,No,Ventura,California,59,49-72,One Year,Fiber Optic,Credit Card,81.25,4639.45,6385.85,3,58,4709,0,No,,,Normal
6339-TBELP,Male,53,No,No,No,Fillmore,California,71,49-72,Two Year,Fiber Optic,Credit Card,86.4,6172.0,6651.25,5,30,4069,0,No,,,Normal
7964-YESJC,Female,21,No,Yes,No,Moorpark,California,24,13-24,Month-to-Month,DSL,Credit Card,66.3,1559.45,1750.0600000000002,3,45,2235,0,No,,,Normal
9938-ZREHM,Female,41,No,Yes,No,Oxnard,California,37,25-48,One Year,DSL,Credit Card,72.1,2658.4,4212.6900000000005,3,50,2703,0,No,,,Normal
7950-XWOVN,Male,60,No,No,No,Oxnard,California,11,0-12,Month-to-Month,DSL,Credit Card,34.7,383.55,511.02,5,73,4310,0,No,,,Normal
4647-MUZON,Female,56,No,Yes,No,Port Hueneme,California,18,13-24,Month-to-Month,Fiber Optic,Credit Card,95.95,1745.5,2271.58,3,20,5009,0,No,,,Normal
9702-AIUJO,Male,22,No,Yes,Yes,Santa Paula,California,50,49-72,One Year,DSL,Bank Withdrawal,44.8,2230.85,4025.13,5,44,6115,0,No,,,Normal
8849-PRIQJ,Female,53,No,Yes,Yes,Simi Valley,California,67,49-72,One Year,Fiber Optic,Bank Withdrawal,109.4,7281.6,7464.360000000001,3,49,4103,0,No,,,Normal
8851-RAGOV,Female,25,No,Yes,No,Simi Valley,California,25,25-48,Month-to-Month,DSL,Credit Card,71.05,1837.7,1868.12,4,63,5620,0,No,,,Normal
5396-IZEPB,Male,37,No,No,No,Summerland,California,9,0-12,Month-to-Month,,Credit Card,19.7,180.7,404.71,4,66,4194,0,No,,,Normal
1729-VLAZJ,Female,52,No,No,Yes,Santa Barbara,California,10,0-12,One Year,DSL,Credit Card,40.25,411.45,423.49,3,38,2876,0,No,,,Normal
8285-ABVLB,Female,34,No,Yes,No,Santa Barbara,California,70,49-72,Two Year,,Credit Card,19.85,1328.35,4158.76,4,79,4311,0,No,,,Normal
0701-TJSEF,Male,45,No,No,No,Santa Barbara,California,9,0-12,Month-to-Month,Cable,Bank Withdrawal,68.25,576.95,867.74,3,40,4366,0,No,,,Normal
5712-VBOXD,Female,53,No,No,No,Santa Barbara,California,4,0-12,Month-to-Month,,Credit Card,20.15,68.45,73.65,3,74,5221,0,No,,,High Risk
1559-DTODC,Male,37,No,No,No,Santa Barbara,California,19,13-24,Month-to-Month,DSL,Bank Withdrawal,25.15,468.35,468.35,4,54,3784,0,No,,,Normal
4797-MIWUM,Male,22,No,Yes,Yes,Goleta,California,7,0-12,Month-to-Month,,Bank Withdrawal,20.25,174.7,523.51,5,42,3149,0,No,,,Normal
4537-CIBHB,Female,59,No,Yes,Yes,Arvin,California,9,0-12,One Year,,Credit Card,20.25,172.35,285.3,5,48,4272,0,No,,,Normal
4324-AHJKS,Female,42,No,No,No,Buttonwillow,California,5,0-12,Month-to-Month,DSL,Credit Card,55.8,300.4,424.55,4,23,5104,0,No,,,Normal
4355-CVPVS,Female,49,No,Yes,Yes,California Hot Springs,California,56,49-72,One Year,Fiber Optic,Bank Withdrawal,88.9,4968.0,5694.32,5,72,4170,0,No,,,Normal
4495-LHSSK,Female,25,No,No,Yes,Camp Nelson,California,18,13-24,Month-to-Month,DSL,Credit Card,57.65,992.7,1307.88,3,79,3425,0,No,,,Normal
5915-ANOEI,Male,40,No,Yes,No,Corcoran,California,70,49-72,Two Year,DSL,Credit Card,79.15,5536.5,8291.0,4,49,4408,0,No,,,Normal
9861-PDSZP,Female,19,No,No,No,Delano,California,72,49-72,Two Year,Fiber Optic,Credit Card,108.05,7806.6,8530.2,3,28,5430,0,No,,,Normal
6704-UTUKK,Male,43,No,Yes,No,Exeter,California,29,25-48,Month-to-Month,DSL,Bank Withdrawal,45.9,1332.4,1352.4,4,37,5074,0,No,,,Normal
2019-HDCZY,Male,35,No,Yes,No,Farmersville,California,63,49-72,Two Year,Fiber Optic,Bank Withdrawal,102.6,6296.75,6468.11,5,29,4004,0,No,,,Normal
8788-DOXSU,Male,46,No,No,No,Frazier Park,California,59,49-72,One Year,DSL,Bank Withdrawal,61.35,3645.5,4217.8,3,27,6250,0,No,,,Normal
7421-ZLUPA,Female,57,No,No,No,Hanford,California,8,0-12,Month-to-Month,DSL,Credit Card,29.25,226.95,226.95,3,29,2038,0,No,,,Normal
3274-NSDWE,Female,37,No,No,No,Ivanhoe,California,68,49-72,Two Year,,Credit Card,19.6,1441.65,3684.97,4,68,6161,0,No,,,Normal
2632-IVXVF,Female,40,No,Yes,Yes,Kernville,California,68,49-72,Two Year,Fiber Optic,Credit Card,111.75,7511.3,8470.78,4,77,4967,0,No,,,Normal
8915-NNTRC,Male,29,No,Yes,Yes,Lake Isabella,California,72,49-72,Two Year,Fiber Optic,Credit Card,107.7,7919.8,10939.48,4,55,4351,0,No,,,Normal
5914-GXMDA,Female,42,No,Yes,No,Lamont,California,32,25-48,One Year,,Credit Card,19.3,593.2,2041.52,5,66,5817,0,No,,,Normal
7463-IFMQU,Female,44,No,Yes,No,Laton,California,72,49-72,Two Year,,Bank Withdrawal,20.05,1423.65,4824.93,3,76,4747,0,No,,,Normal
2541-YGPKE,Male,29,No,Yes,Yes,Lemon Cove,California,42,25-48,One Year,DSL,Credit Card,63.7,2763.35,4651.25,4,55,3764,0,No,,,Normal
5382-TEMLV,Male,45,No,No,No,Lindsay,California,45,25-48,Month-to-Month,DSL,Bank Withdrawal,50.9,2298.55,3171.1000000000004,3,71,5274,0,No,,,High Risk
3441-CGZJH,Female,46,No,Yes,Yes,Lost Hills,California,43,25-48,One Year,DSL,Credit Card,60.4,2640.55,2740.55,3,61,2725,0,No,,,Normal
9592-ERDKV,Male,43,No,Yes,No,Mc Farland,California,37,25-48,One Year,DSL,Credit Card,79.25,2911.8,3254.42,3,74,2322,0,No,,,Normal
4778-IZARL,Male,46,No,Yes,No,New Cuyama,California,63,49-72,Two Year,Fiber Optic,Credit Card,110.1,6705.7,6906.04,3,26,6216,0,No,,,Normal
7008-LZVOZ,Male,59,No,Yes,Yes,Pixley,California,66,49-72,Two Year,,Credit Card,25.3,1672.35,4216.65,5,46,5617,0,No,,,Normal
9365-CSLBQ,Male,36,No,No,Yes,Richgrove,California,71,49-72,Two Year,,Credit Card,24.35,1654.6,2001.79,4,60,4155,0,No,,,Normal
5884-FBCTL,Female,43,No,Yes,Yes,Shafter,California,72,49-72,Two Year,,Bank Withdrawal,25.1,1857.85,4422.49,4,67,5611,0,No,,,Normal
6242-FEGFD,Male,43,No,Yes,No,Stratford,California,66,49-72,Two Year,Fiber Optic,Credit Card,96.6,6424.25,8836.55,3,69,4454,0,No,,,Normal
6194-HBGQN,Male,22,No,No,No,Taft,California,51,49-72,One Year,Cable,Credit Card,81.15,4126.2,5898.45,4,56,4549,0,No,,,Normal
7634-WSWDB,Female,22,No,No,Yes,Terra Bella,California,8,0-12,Month-to-Month,DSL,Bank Withdrawal,38.5,330.8,330.8,3,22,4194,0,No,,,Normal
6986-IXNDM,Male,47,No,No,No,Three Rivers,California,14,13-24,Month-to-Month,Fiber Optic,Bank Withdrawal,92.9,1337.45,1726.65,3,38,4296,0,No,,,Normal
2987-BJXIK,Female,44,No,No,No,Tulare,California,70,49-72,Two Year,DSL,Credit Card,84.7,5991.05,7176.15,4,45,4180,0,No,,,Normal
9769-TSBZE,Female,54,No,No,Yes,Tupman,California,70,49-72,Two Year,DSL,Bank Withdrawal,66.0,4891.5,6154.0,3,72,5265,0,No,,,High Risk
1395-WSWXR,Male,40,No,No,No,Weldon,California,24,13-24,Two Year,,Credit Card,20.75,487.05,1627.29,3,43,4117,0,No,,,Normal
6023-GSSXW,Female,27,No,Yes,No,Wofford Heights,California,69,49-72,Two Year,DSL,Credit Card,61.45,4131.2,4319.57,5,51,4162,0,No,,,Normal
6752-APNJL,Male,30,No,Yes,Yes,Woodlake,California,42,25-48,Month-to-Month,DSL,Credit Card,54.5,2301.15,3096.21,4,57,3449,0,No,,,Normal
7446-KQISO,Male,62,No,Yes,Yes,Visalia,California,45,25-48,Two Year,Fiber Optic,Bank Withdrawal,109.75,4900.65,5237.25,3,38,4221,0,No,,,Normal
9823-EALYC,Male,55,No,Yes,Yes,Bakersfield,California,72,49-72,Two Year,DSL,Bank Withdrawal,80.85,5727.45,6397.05,3,51,6067,0,No,,,Normal
0582-AVCLN,Female,43,No,No,No,Bakersfield,California,38,25-48,Two Year,,Credit Card,20.3,743.05,2384.2699999999995,5,59,5919,0,No,,,Normal
5803-NQJZO,Male,46,No,Yes,No,Bakersfield,California,72,49-72,Two Year,Cable,Bank Withdrawal,67.8,4804.65,5922.09,3,74,5242,0,No,,,High Risk
2607-DHDAK,Male,54,No,Yes,Yes,Bakersfield,California,72,49-72,Two Year,,Credit Card,19.8,1414.65,4211.130000000001,4,29,5027,0,No,,,Normal
1073-XXCZD,Male,54,No,Yes,No,Bakersfield,California,55,49-72,Two Year,,Bank Withdrawal,25.7,1443.65,2115.2000000000003,4,79,6228,0,No,,,High Risk
0743-HRVFF,Female,42,No,Yes,Yes,Bakersfield,California,51,49-72,One Year,DSL,Bank Withdrawal,56.15,2898.95,2898.95,5,48,4132,0,No,,,Normal
4006-HKYHO,Male,24,No,No,No,Bakersfield,California,63,49-72,Two Year,DSL,Bank Withdrawal,86.7,5309.5,7173.04,3,74,5841,0,No,,,High Risk
8143-ETQTI,Female,24,No,Yes,Yes,Bakersfield,California,23,13-24,Two Year,,Credit Card,19.65,451.55,494.79,4,78,4896,0,No,,,Normal
8570-KLJYJ,Female,40,No,No,No,Arroyo Grande,California,36,25-48,One Year,DSL,Credit Card,54.45,1893.5,2827.7,3,56,4462,0,No,,,Normal
9473-CBZOP,Female,35,No,No,No,Avila Beach,California,28,25-48,One Year,Cable,Credit Card,59.0,1654.45,2579.85,4,67,4891,0,No,,,Normal
2969-WGHQO,Female,39,No,Yes,Yes,Bradley,California,7,0-12,One Year,DSL,Bank Withdrawal,69.45,477.05,609.4200000000001,3,54,3334,0,No,,,Normal
5863-OOKCL,Female,60,No,No,No,Cayucos,California,10,0-12,Month-to-Month,,Credit Card,18.85,163.2,573.5999999999999,3,62,5949,0,No,,,Normal
1686-STUHN,Male,55,No,No,No,Creston,California,42,25-48,One Year,,Bank Withdrawal,19.8,849.9,2476.98,3,39,3575,0,No,,,Normal
1329-VHWNP,Female,42,No,No,No,Grover Beach,California,7,0-12,Month-to-Month,DSL,Bank Withdrawal,25.05,189.95,189.95,4,63,4404,0,No,,,Normal
0266-GMEAO,Male,43,No,Yes,Yes,Lompoc,California,72,49-72,Two Year,Fiber Optic,Credit Card,114.3,8058.55,9206.23,3,70,5879,0,No,,,Normal
5574-NXZIU,Male,36,No,No,No,Los Alamos,California,63,49-72,Two Year,Fiber Optic,Credit Card,109.2,7049.75,7877.57,4,33,4273,0,No,,,Normal
0019-GFNTW,Female,39,No,No,No,Los Olivos,California,56,49-72,Two Year,DSL,Bank Withdrawal,45.05,2560.1,2560.1,3,37,5795,0,No,,,Normal
4256-ZWTZI,Female,22,No,No,Yes,Morro Bay,California,5,0-12,Month-to-Month,DSL,Credit Card,51.0,286.8,486.9500000000001,4,52,2789,0,No,,,Normal
8309-PPCED,Female,33,No,Yes,No,Nipomo,California,72,49-72,Two Year,Fiber Optic,Bank Withdrawal,110.45,7982.5,11311.06,4,55,6030,0,No,,,Normal
5196-WPYOW,Male,43,No,Yes,Yes,Paso Robles,California,67,49-72,One Year,Cable,Credit Card,60.05,3994.05,4431.56,4,21,6148,0,No,,,Normal
4608-LCIMN,Male,45,No,Yes,Yes,Pismo Beach,California,8,0-12,Month-to-Month,DSL,Bank Withdrawal,44.65,369.15,615.31,3,63,5724,0,No,,,Normal
1485-YDHMM,Male,49,No,Yes,Yes,San Ardo,California,52,49-72,Month-to-Month,Fiber Optic,Bank Withdrawal,93.25,4631.7,5219.3,3,56,4740,0,No,,,Normal
4054-CUMIA,Female,29,No,Yes,Yes,San Miguel,California,18,13-24,Month-to-Month,,Credit Card,20.25,401.95,1039.87,4,40,2429,0,No,,,Normal
0603-TPMIB,Female,40,No,Yes,Yes,San Simeon,California,59,49-72,Two Year,,Credit Card,25.45,1534.05,4033.88,4,30,4746,0,No,,,Normal
2525-GVKQU,Female,60,No,No,No,Santa Margarita,California,60,49-72,Two Year,,Credit Card,20.6,1093.0,3917.2,3,35,4192,0,No,,,Normal
8161-QYMTT,Male,55,No,No,No,Santa Maria,California,7,0-12,Month-to-Month,Fiber Optic,Bank Withdrawal,94.1,701.3,752.89,5,22,5259,0,No,,,Normal
9581-GVBXT,Male,59,No,Yes,Yes,Santa Maria,California,59,49-72,One Year,DSL,Credit Card,34.8,1980.3,1980.3,4,23,6300,0,No,,,Normal
5862-BRIXZ,Male,33,No,No,No,Santa Maria,California,46,25-48,Two Year,DSL,Bank Withdrawal,60.75,2893.4,2893.4,4,36,2694,0,No,,,Normal
5404-GGUKR,Male,39,No,No,No,Santa Ynez,California,5,0-12,Month-to-Month,DSL,Bank Withdrawal,51.35,262.3,348.1,5,28,2893,0,No,,,Normal
2126-GSEGL,Female,53,No,Yes,No,Solvang,California,70,49-72,Two Year,DSL,Bank Withdrawal,84.8,5917.55,6687.15,4,32,4032,0,No,,,Normal
0440-QEXBZ,Female,64,No,No,No,Mojave,California,44,25-48,Month-to-Month,DSL,Credit Card,50.15,2139.1,2949.58,3,42,5790,0,No,,,Normal
2434-EEVDB,Female,45,No,Yes,No,California City,California,64,49-72,Two Year,Fiber Optic,Credit Card,94.6,5948.7,6029.98,4,26,5038,0,No,,,Normal
6762-QVYJO,Female,25,No,Yes,Yes,Acton,California,58,49-72,Two Year,DSL,Credit Card,59.75,3624.35,3624.35,3,21,4678,0,No,,,Normal
8152-VETUR,Female,26,No,Yes,No,Bishop,California,72,49-72,Two Year,Fiber Optic,Credit Card,97.7,6869.7,8928.18,5,75,5406,0,No,,,High Risk
4676-WLUHT,Male,51,No,No,No,Darwin,California,54,49-72,Two Year,DSL,Bank Withdrawal,46.2,2431.95,2431.95,3,26,6143,0,No,,,Normal
7980-MHFLQ,Female,42,No,Yes,Yes,Independence,California,72,49-72,Two Year,,Credit Card,24.9,1859.2,3170.32,3,67,5192,0,No,,,Normal
0757-WCUUZ,Male,29,No,Yes,Yes,June Lake,California,54,49-72,Two Year,DSL,Credit Card,63.35,3409.1,5357.96,3,72,4232,0,No,,,Normal
1629-DQQVB,Female,19,No,No,No,Keeler,California,14,13-24,Month-to-Month,Cable,Bank Withdrawal,50.1,709.5,1216.58,3,25,2331,0,No,,,Normal
4872-VXRIL,Male,22,No,No,No,Lancaster,California,56,49-72,One Year,DSL,Bank Withdrawal,64.65,3665.55,6371.47,3,70,4656,0,No,,,Normal
9140-CZQZZ,Female,38,No,Yes,No,Lee Vining,California,68,49-72,Two Year,DSL,Bank Withdrawal,79.6,5515.8,8776.400000000001,4,39,5601,0,No,,,Normal
3423-HHXAO,Female,58,No,Yes,Yes,Littlerock,California,14,13-24,One Year,,Credit Card,19.5,272.0,846.6999999999999,3,72,2993,0,No,,,Normal
9938-TKDGL,Male,38,No,Yes,Yes,Llano,California,68,49-72,Two Year,Fiber Optic,Bank Withdrawal,99.55,6668.0,9303.0,3,20,4319,0,No,,,Normal
6537-QLGEX,Female,34,No,No,No,Mammoth Lakes,California,16,13-24,Month-to-Month,DSL,Bank Withdrawal,38.9,664.4,664.4,3,39,3300,0,No,,,Normal
3160-TYXLT,Male,37,No,No,No,Palmdale,California,53,49-72,Month-to-Month,DSL,Bank Withdrawal,46.3,2546.85,2546.85,3,63,6245,0,No,,,Normal
1325-USMEC,Male,58,No,Yes,No,Pearblossom,California,70,49-72,Two Year,Fiber Optic,Credit Card,99.35,6944.5,10304.5,3,53,4120,0,No,,,Normal
5606-AMZBO,Female,23,No,Yes,No,Rosamond,California,10,0-12,Month-to-Month,Fiber Optic,Credit Card,78.15,765.15,1145.45,3,26,3403,0,No,,,Normal
6199-IPCAO,Female,62,No,Yes,Yes,Tehachapi,California,29,25-48,Two Year,,Credit Card,26.1,692.55,847.6999999999999,3,70,2828,0,No,,,Normal
5640-CAXOA,Female,23,No,No,No,Auberry,California,30,25-48,One Year,Cable,Credit Card,40.35,1187.05,1187.05,4,25,5455,0,No,,,Normal
2235-EZAIK,Female,21,No,Yes,No,Badger,California,72,49-72,Two Year,DSL,Credit Card,79.2,5401.9,7035.42,4,79,4288,0,No,,,Normal
3847-BAERP,Female,27,No,No,No,Bass Lake,California,10,0-12,Month-to-Month,,Credit Card,20.9,247.0,370.9,5,29,4905,0,No,,,Normal
8263-OKETD,Female,44,No,No,No,Caruthers,California,20,13-24,Month-to-Month,Cable,Credit Card,68.9,1370.35,1825.35,5,29,3265,0,No,,,Normal
2476-YGEFM,Female,24,No,No,No,Clovis,California,29,25-48,Month-to-Month,Fiber Optic,Credit Card,76.0,2215.25,2418.54,3,46,5324,0,No,,,Normal
0829-XXPLX,Female,48,No,No,No,Cutler,California,20,13-24,Month-to-Month,Fiber Optic,Bank Withdrawal,89.4,1871.15,2481.55,4,68,2098,0,No,,,Normal
9974-JFBHQ,Male,31,No,No,Yes,Del Rey,California,64,49-72,Month-to-Month,Fiber Optic,Credit Card,99.15,6171.2,7605.44,5,52,4590,0,No,,,Normal
6624-JDRDS,Female,22,No,No,No,Dos Palos,California,6,0-12,Month-to-Month,Cable,Bank Withdrawal,29.45,161.45,161.45,3,42,4391,0,No,,,Normal
0608-JDVEC,Male,55,No,Yes,No,Dunlap,California,50,49-72,Two Year,,Bank Withdrawal,19.8,1013.2,1106.7,4,61,5914,0,No,,,Normal
9780-FKVVF,Male,60,No,No,No,Firebaugh,California,6,0-12,Month-to-Month,DSL,Bank Withdrawal,59.15,336.7,457.36,3,72,3613,0,No,,,Normal
1919-RTPQD,Male,42,No,Yes,Yes,Fish Camp,California,7,0-12,Month-to-Month,DSL,Bank Withdrawal,44.75,333.65,534.55,5,67,4699,0,No,,,Normal
5214-NLTIT,Male,22,No,Yes,Yes,Five Points,California,72,49-72,Two Year,Fiber Optic,Credit Card,90.8,6511.8,8278.2,3,30,6188,0,No,,,Normal
3345-PBBFH,Male,24,No,Yes,No,Fowler,California,8,0-12,Month-to-Month,DSL,Bank Withdrawal,49.55,393.45,412.49,5,25,5922,0,No,,,Normal
5055-BRMNE,Female,35,No,Yes,Yes,Friant,California,67,49-72,Two Year,Fiber Optic,Credit Card,106.7,7009.5,9712.95,3,43,4780,0,No,,,Normal
2190-PHBHR,Female,22,No,Yes,No,Hume,California,72,49-72,Two Year,Fiber Optic,Credit Card,94.45,6921.7,8558.98,4,43,5274,0,No,,,Normal
2650-GYRYL,Male,25,No,Yes,Yes,Kerman,California,33,25-48,One Year,,Bank Withdrawal,19.45,600.25,793.63,5,66,3470,0,No,,,Normal
5208-FVQKB,Male,41,No,Yes,No,Lakeshore,California,70,49-72,Two Year,DSL,Credit Card,67.95,4664.15,6409.25,3,27,5514,0,No,,,Normal
7184-LRUUR,Female,22,No,No,No,Los Banos,California,22,13-24,One Year,DSL,Bank Withdrawal,65.25,1441.8,1480.08,5,52,5146,0,No,,,Normal
6627-CFOSN,Female,54,No,No,No,Madera,California,59,49-72,Month-to-Month,Fiber Optic,Bank Withdrawal,99.45,5623.7,7979.48,3,51,5247,0,No,,,Normal
3982-JGSFD,Male,37,No,No,No,Madera,California,36,25-48,One Year,,Credit Card,20.35,695.85,1153.77,5,33,3526,0,No,,,Normal
1574-DYCWE,Female,60,No,Yes,Yes,Escondido,California,51,49-72,Two Year,,Credit Card,19.95,1028.75,1770.29,4,69,4057,0,No,,,Normal
7247-XOZPB,Male,52,No,Yes,No,Miramonte,California,53,49-72,One Year,DSL,Bank Withdrawal,77.4,4155.95,6676.099999999999,4,73,5313,0,No,,,High Risk
2466-FCCPT,Female,50,No,Yes,Yes,North Fork,California,20,13-24,One Year,,Bank Withdrawal,19.7,395.6,541.8,5,30,4910,0,No,,,Normal
6211-WWLTF,Male,46,No,Yes,No,Oakhurst,California,63,49-72,Two Year,Fiber Optic,Credit Card,99.7,6330.4,8019.429999999999,3,39,5135,0,No,,,Normal
4826-TZEVA,Female,50,No,No,No,O Neals,California,40,25-48,Month-to-Month,Fiber Optic,Credit Card,74.8,2971.7,3714.5,3,52,3258,0,No,,,Normal
6016-NXBNJ,Male,53,No,No,No,Orange Cove,California,35,25-48,One Year,,Credit Card,19.15,638.0,908.9,3,60,4052,0,No,,,Normal
9138-EFSMO,Male,54,No,Yes,Yes,Orosi,California,26,25-48,One Year,Fiber Optic,Bank Withdrawal,78.95,2034.25,2662.67,3,40,4237,0,No,,,Normal
4632-XJMEX,Male,20,No,No,Yes,Fresno,California,53,49-72,One Year,Cable,Credit Card,62.85,3419.5,5953.43,4,24,6281,0,No,,,Normal
2716-GFZOR,Male,48,No,Yes,No,Raymond,California,43,25-48,Month-to-Month,Fiber Optic,Credit Card,86.1,3551.65,3879.74,3,42,2358,0,No,,,Normal
3724-UCSHY,Male,48,No,Yes,Yes,Reedley,California,6,0-12,Month-to-Month,,Credit Card,19.55,122.9,342.14,3,25,3072,0,No,,,Normal
8626-XHBIE,Male,48,No,No,Yes,Riverdale,California,56,49-72,Two Year,,Credit Card,24.8,1424.2,2682.52,3,79,4262,0,No,,,Normal
3192-LNKRK,Male,63,No,Yes,Yes,San Joaquin,California,34,25-48,Month-to-Month,Fiber Optic,Credit Card,84.05,2909.95,3102.05,3,67,3476,0,No,,,Normal
4439-YRNVD,Female,33,No,No,No,Selma,California,10,0-12,Month-to-Month,DSL,Bank Withdrawal,36.25,374.0,374.0,3,24,4571,0,No,,,Normal
2208-UGTGR,Male,62,No,No,No,Sultana,California,56,49-72,Month-to-Month,Fiber Optic,Bank Withdrawal,98.6,5581.05,6196.49,3,58,5601,0,No,,,Normal
3005-TYFRD,Female,54,No,Yes,No,Tollhouse,California,55,49-72,Month-to-Month,Fiber Optic,Credit Card,103.65,5676.65,7527.949999999999,5,46,4768,0,No,,,Normal
8670-MEFCP,Female,23,No,Yes,Yes,Tranquillity,California,36,25-48,Two Year,Cable,Credit Card,92.9,3379.25,4838.6900000000005,3,77,3570,0,No,,,Normal
3079-BCHLN,Male,26,No,Yes,No,Wishon,California,47,25-48,One Year,,Bank Withdrawal,19.9,942.95,2973.3500000000004,5,70,5394,0,No,,,Normal
7777-UNYHB,Female,43,No,Yes,Yes,Traver,California,12,0-12,Month-to-Month,,Credit Card,20.1,232.4,528.1999999999999,3,21,2360,0,No,,,Normal
2969-VAPYH,Female,28,No,No,No,Fresno,California,67,49-72,One Year,DSL,Credit Card,60.5,3870.0,6281.33,3,48,4363,0,No,,,Normal
7181-OQCUT,Male,60,No,No,No,Fresno,California,21,13-24,Month-to-Month,Fiber Optic,Credit Card,103.85,2215.0,2548.69,3,77,4520,0,No,,,Normal
8474-UMLNT,Female,36,No,No,No,Fresno,California,13,13-24,Month-to-Month,DSL,Bank Withdrawal,67.8,842.25,1212.1,3,30,4115,0,No,,,Normal
9142-XMYJH,Female,46,No,No,No,Fresno,California,29,25-48,Month-to-Month,,Credit Card,19.35,601.6,681.64,5,49,5227,0,No,,,Normal
2649-HWLYB,Male,45,No,Yes,No,Fresno,California,65,49-72,Two Year,DSL,Bank Withdrawal,76.15,4929.55,6332.25,4,46,6177,0,No,,,Normal
5214-CHIWJ,Male,44,No,No,No,Fresno,California,27,25-48,One Year,,Credit Card,20.3,595.05,1179.87,5,71,3159,0,No,,,Normal
1685-VAYJF,Male,44,No,No,No,Salinas,California,11,0-12,Month-to-Month,DSL,Credit Card,45.2,492.0,1088.49,5,39,5253,0,No,,,Normal
8874-EJNSR,Male,64,No,Yes,Yes,Salinas,California,39,25-48,Two Year,,Credit Card,25.2,987.95,1787.06,5,65,5453,0,No,,,Normal
5049-MUBWG,Male,24,No,No,No,Carmel By The Sea,California,26,25-48,One Year,DSL,Bank Withdrawal,75.0,1908.35,3198.21,3,79,4705,0,No,,,Normal
0769-MURVM,Female,44,No,Yes,Yes,Carmel Valley,California,72,49-72,Two Year,Cable,Bank Withdrawal,65.7,4575.35,4575.35,3,52,6187,0,No,,,Normal
9253-VIFJQ,Male,50,No,Yes,No,Chualar,California,65,49-72,One Year,DSL,Credit Card,67.05,4309.55,6876.4,3,52,5224,0,No,,,Normal
7030-FZTFM,Male,31,No,Yes,Yes,Gonzales,California,72,49-72,Two Year,Fiber Optic,Credit Card,110.9,7922.75,11315.79,4,27,6444,0,No,,,Normal
9741-YLNTD,Male,37,No,No,No,Greenfield,California,6,0-12,Month-to-Month,Fiber Optic,Bank Withdrawal,87.95,522.35,782.5699999999999,3,47,2684,0,No,,,Normal
5120-ZBLAI,Female,40,No,Yes,No,King City,California,50,49-72,One Year,DSL,Bank Withdrawal,75.7,3876.2,4349.7,5,75,6144,0,No,,,High Risk
1194-BHJYC,Male,22,No,Yes,No,Lockwood,California,61,49-72,Two Year,DSL,Credit Card,62.15,3778.85,3778.85,3,59,6427,0,No,,,Normal
0906-QVPMS,Male,29,No,Yes,No,Monterey,California,72,49-72,Two Year,Fiber Optic,Bank Withdrawal,115.15,8349.45,10920.57,4,26,5398,0,No,,,Normal
7858-GTZSP,Female,33,No,No,No,San Lucas,California,12,0-12,Month-to-Month,Fiber Optic,Bank Withdrawal,86.55,1066.9,1401.9,5,71,2061,0,No,,,Normal
6248-BSHKG,Male,42,No,Yes,Yes,Soledad,California,61,49-72,One Year,,Credit Card,20.4,1226.45,3147.34,3,77,5897,0,No,,,High Risk
4685-TFLLS,Male,39,No,Yes,Yes,Spreckels,California,18,13-24,One Year,,Bank Withdrawal,19.8,342.3,1155.54,5,74,4808,0,No,,,Normal
3470-BTGQO,Male,60,No,No,Yes,Belmont,California,21,13-24,Month-to-Month,DSL,Credit Card,45.65,985.05,1396.02,4,39,5731,0,No,,,Normal
1209-VFFOC,Male,47,No,Yes,Yes,Brisbane,California,68,49-72,Two Year,DSL,Credit Card,56.4,3948.45,3948.45,3,59,4556,0,No,,,Normal
4553-DVPZG,Female,30,No,Yes,No,Daly City,California,62,49-72,Month-to-Month,Fiber Optic,Bank Withdrawal,101.35,6164.7,7098.42,5,77,5049,0,No,,,High Risk
7572-KPVKK,Male,44,No,No,Yes,Los Altos,California,62,49-72,Two Year,Fiber Optic,Bank Withdrawal,104.05,6590.5,7686.04,4,33,5900,0,No,,,Normal
2642-MAWLJ,Female,26,No,Yes,Yes,Menlo Park,California,36,25-48,Two Year,,Bank Withdrawal,20.25,717.95,2248.31,5,57,5272,0,No,,,Normal
7103-ZGVNT,Female,59,No,Yes,Yes,Portola Valley,California,69,49-72,One Year,Cable,Credit Card,73.7,4885.85,5426.81,4,78,4268,0,No,,,Normal
2027-WKXMW,Female,49,No,Yes,No,Montara,California,63,49-72,Month-to-Month,Fiber Optic,Bank Withdrawal,108.75,6871.7,8155.01,5,20,4582,0,No,,,Normal
7137-NAXML,Male,63,No,No,No,Moss Beach,California,23,13-24,One Year,,Bank Withdrawal,20.15,405.6,1012.11,4,63,4402,0,No,,,Normal
2428-ZMCTB,Male,24,No,No,No,Mountain View,California,10,0-12,Month-to-Month,,Credit Card,19.75,208.25,411.15,3,62,3926,0,No,,,Normal
2961-VNFKL,Female,42,No,Yes,No,Mountain View,California,71,49-72,Two Year,,Credit Card,25.95,1801.9,3556.3100000000004,5,23,5072,0,No,,,Normal
6963-KQYQB,Female,24,No,Yes,Yes,Pacifica,California,70,49-72,Two Year,,Credit Card,24.05,1764.75,2063.65,5,32,4722,0,No,,,Normal
5934-RMPOV,Female,32,No,No,Yes,Pescadero,California,22,13-24,Month-to-Month,Fiber Optic,Bank Withdrawal,84.75,1816.75,2558.81,3,79,4240,0,No,,,Normal
1207-BLKSA,Female,42,No,Yes,Yes,Redwood City,California,52,49-72,Two Year,,Credit Card,23.05,1255.1,2254.02,3,34,4922,0,No,,,Normal
8316-BBQAY,Female,45,No,No,No,Redwood City,California,65,49-72,Two Year,Cable,Credit Card,59.95,3921.1,3921.1,3,74,6251,0,No,,,High Risk
1166-PQLGG,Female,58,No,Yes,Yes,Redwood City,California,72,49-72,Two Year,,Bank Withdrawal,19.55,1463.45,2711.21,3,68,4424,0,No,,,Normal
3146-JTQHR,Male,23,No,Yes,No,San Bruno,California,10,0-12,One Year,,Bank Withdrawal,19.6,189.45,582.95,5,57,3778,0,No,,,Normal
4291-YZODP,Female,56,No,No,Yes,San Carlos,California,7,0-12,One Year,,Credit Card,20.05,96.8,444.42,5,62,3810,0,No,,,Normal
6427-FEFIG,Female,63,No,Yes,Yes,South San Francisco,California,24,13-24,Two Year,DSL,Credit Card,78.6,1846.65,2360.9700000000003,4,30,2939,0,No,,,Normal
0017-IUDMW,Female,25,No,Yes,Yes,Sunnyvale,California,72,49-72,Two Year,Fiber Optic,Credit Card,116.8,8456.75,9609.47,3,52,6252,0,No,,,Normal
8706-HRADD,Male,29,No,No,No,Sunnyvale,California,21,13-24,Month-to-Month,DSL,Credit Card,43.55,1011.5,1011.5,4,63,5808,0,No,,,Normal
9955-QOPOY,Male,23,No,Yes,No,Sunnyvale,California,69,49-72,One Year,DSL,Credit Card,60.8,4263.4,4263.4,4,63,5683,0,No,,,Normal
4385-ZKVNW,Male,58,No,Yes,Yes,San Francisco,California,44,25-48,Month-to-Month,DSL,Bank Withdrawal,54.9,2549.1,4726.86,4,21,4412,0,No,,,Normal
9031-ZVQPT,Male,21,No,Yes,No,San Francisco,California,72,49-72,Two Year,Fiber Optic,Bank Withdrawal,108.2,7840.6,8862.28,4,57,4773,0,No,,,Normal
2990-IAJSV,Male,55,No,No,No,San Francisco,California,72,49-72,Two Year,Cable,Bank Withdrawal,92.0,6632.75,9902.27,3,68,4200,0,No,,,Normal
9027-YFHQJ,Male,26,No,No,No,San Francisco,California,7,0-12,Month-to-Month,,Bank Withdrawal,25.05,152.95,468.86,5,54,4868,0,No,,,Normal
5176-LDKUH,Female,64,No,No,No,San Francisco,California,48,25-48,One Year,Fiber Optic,Bank Withdrawal,75.15,3772.65,5753.13,4,75,3345,0,No,,,Normal
4644-OBGFZ,Male,43,No,Yes,Yes,San Francisco,California,55,49-72,One Year,,Credit Card,19.5,1026.35,3019.0,4,64,5067,0,No,,,Normal
6480-YAGIY,Male,57,No,No,No,San Francisco,California,45,25-48,One Year,Fiber Optic,Credit Card,112.2,5031.85,6324.25,3,74,3091,0,No,,,Normal
7602-DBTOU,Female,46,No,Yes,No,San Francisco,California,71,49-72,Two Year,,Credit Card,19.6,1416.5,4102.43,4,20,4890,0,No,,,Normal
5345-BMKWB,Male,29,No,Yes,No,San Francisco,California,8,0-12,Month-to-Month,,Credit Card,20.25,158.35,198.19,4,24,4964,0,No,,,Normal
5457-COLHT,Male,48,No,Yes,Yes,San Francisco,California,69,49-72,Two Year,Cable,Bank Withdrawal,80.65,5542.55,8327.39,3,41,4618,0,No,,,Normal
7998-WNZEM,Male,51,No,No,No,San Francisco,California,71,49-72,Two Year,DSL,Bank Withdrawal,80.6,5708.2,6579.37,4,47,5447,0,No,,,Normal
4664-NJCMS,Female,52,No,Yes,No,San Francisco,California,33,25-48,Two Year,DSL,Bank Withdrawal,59.55,2016.3,2016.3,3,68,5980,0,No,,,Normal
0307-BCOPK,Female,62,No,No,No,San Francisco,California,16,13-24,One Year,,Credit Card,19.05,326.65,990.81,5,60,4336,0,No,,,Normal
5016-LIPDW,Male,45,No,Yes,Yes,Stanford,California,57,49-72,One Year,,Credit Card,19.4,1061.6,3430.52,5,53,4194,0,No,,,Normal
6481-LXPWL,Male,61,No,Yes,Yes,Palo Alto,California,56,49-72,One Year,DSL,Credit Card,36.1,1971.5,2031.5,3,38,5092,0,No,,,Normal
9362-MWODR,Female,63,No,No,Yes,San Mateo,California,40,25-48,Month-to-Month,DSL,Credit Card,64.1,2460.35,3265.55,3,79,5056,0,No,,,High Risk
9975-GPKZU,Male,62,No,Yes,Yes,Alameda,California,46,25-48,Two Year,,Credit Card,19.75,856.5,1209.32,4,56,2610,0,No,,,Normal
9625-RZFUK,Male,47,No,Yes,Yes,Alameda,California,63,49-72,Two Year,,Credit Card,19.7,1275.85,1505.8,5,63,4235,0,No,,,Normal
5153-LXKDT,Male,51,No,Yes,Yes,Danville,California,68,49-72,Two Year,Fiber Optic,Bank Withdrawal,110.2,7467.5,8723.46,3,37,4108,0,No,,,Normal
5161-UBZXI,Male,38,No,Yes,Yes,Alamo,California,69,49-72,Two Year,Fiber Optic,Credit Card,106.35,7261.75,10221.85,4,58,6315,0,No,,,Normal
1020-JPQOW,Female,63,No,Yes,No,Angwin,California,56,49-72,Month-to-Month,Fiber Optic,Bank Withdrawal,90.55,5116.6,5313.400000000001,4,63,6161,0,No,,,Normal
7919-ZODZZ,Female,32,No,Yes,Yes,Antioch,California,10,0-12,One Year,DSL,Credit Card,65.9,660.05,1080.05,4,78,5289,0,No,,,High Risk
0565-JUPYD,Male,26,No,No,No,Benicia,California,63,49-72,One Year,Fiber Optic,Credit Card,104.5,6590.8,7942.15,4,43,4908,0,No,,,Normal
6867-ACCZI,Female,34,No,Yes,Yes,Bethel Island,California,24,13-24,Two Year,DSL,Credit Card,52.5,1208.15,1208.15,3,47,3303,0,No,,,Normal
5939-XAIXZ,Female,54,No,No,No,Birds Landing,California,19,13-24,Month-to-Month,DSL,Credit Card,56.1,1033.9,1734.62,3,27,3367,0,No,,,Normal
9054-FOWNV,Male,53,No,Yes,Yes,Brentwood,California,22,13-24,Month-to-Month,Fiber Optic,Bank Withdrawal,88.75,1885.15,2135.73,4,48,5585,0,No,,,Normal
8207-VVMYB,Female,44,No,Yes,No,Clayton,California,70,49-72,Two Year,,Bank Withdrawal,26.0,2006.95,2997.45,4,76,6170,0,No,,,High Risk
9732-EQMWY,Female,20,No,Yes,No,Concord,California,49,49-72,Month-to-Month,Fiber Optic,Bank Withdrawal,99.4,5025.0,5642.11,4,59,4725,0,No,,,Normal
5269-NRGDP,Male,54,No,Yes,Yes,Concord,California,42,25-48,One Year,DSL,Bank Withdrawal,73.15,3088.25,3709.85,3,58,2531,0,No,,,Normal
6195-MELTI,Male,57,No,No,No,Pleasant Hill,California,57,49-72,One Year,DSL,Credit Card,54.65,3134.7,3665.94,5,58,4223,0,No,,,Normal
2121-JAFOM,Female,23,No,Yes,No,Danville,California,72,49-72,Two Year,Fiber Optic,Credit Card,115.55,8312.4,8432.64,3,38,5076,0,No,,,Normal
1227-UDMZR,Female,53,No,Yes,No,Fremont,California,72,49-72,Two Year,Cable,Bank Withdrawal,91.15,6637.9,6850.299999999999,4,33,4311,0,No,,,Normal
5198-HQAEN,Male,50,No,Yes,Yes,Fremont,California,35,25-48,One Year,Fiber Optic,Bank Withdrawal,89.7,3165.6,3219.15,4,44,2775,0,No,,,Normal
2167-FQSTQ,Female,20,No,Yes,No,Hayward,California,72,49-72,Two Year,DSL,Bank Withdrawal,92.4,6786.1,9632.5,3,59,5527,0,No,,,Normal
2819-GWENI,Female,64,No,Yes,Yes,Hayward,California,28,25-48,One Year,,Credit Card,19.9,543.0,1156.48,4,41,2987,0,No,,,Normal
3572-UUHRS,Male,47,No,No,No,Castro Valley,California,45,25-48,One Year,,Bank Withdrawal,18.85,867.3,2693.8500000000004,4,78,2653,0,No,,,Normal
5955-EPOAZ,Female,40,No,No,No,Livermore,California,6,0-12,Month-to-Month,,Credit Card,20.95,109.5,368.64,3,77,5554,0,No,,,High Risk
6821-JPCDC,Female,29,No,Yes,No,Castro Valley,California,48,25-48,One Year,Fiber Optic,Bank Withdrawal,97.05,4692.95,6979.67,5,66,5893,0,No,,,Normal
8815-LMFLX,Male,61,No,Yes,Yes,Martinez,California,25,25-48,Month-to-Month,,Bank Withdrawal,25.4,546.85,1035.85,3,26,5250,0,No,,,Normal
9135-HSWOC,Male,28,No,Yes,Yes,Fremont,California,64,49-72,Two Year,,Bank Withdrawal,19.7,1274.05,2229.57,5,79,5431,0,No,,,High Risk
8582-KRHPJ,Male,51,No,No,No,Moraga,California,50,49-72,Month-to-Month,DSL,Credit Card,35.0,1782.4,1782.4,3,45,5629,0,No,,,Normal
5811-IWXYM,Female,20,No,Yes,Yes,Napa,California,52,49-72,One Year,Fiber Optic,Bank Withdrawal,101.25,5301.1,7630.18,5,25,5954,0,No,,,Normal
1506-YJTYT,Male,21,No,Yes,Yes,Oakley,California,45,25-48,Two Year,DSL,Credit Card,73.85,3371.0,4527.05,3,76,5264,0,No,,,High Risk
4123-DVHPH,Male,49,No,Yes,No,Orinda,California,9,0-12,Month-to-Month,Fiber Optic,Bank Withdrawal,88.05,801.3,1002.99,3,30,2715,0,No,,,Normal
2228-BZDEE,Female,45,No,No,No,Pleasanton,California,54,49-72,Two Year,,Credit Card,20.1,1079.45,2496.95,5,57,5755,0,No,,,Normal
2789-CZANW,Female,49,No,Yes,Yes,Dublin,California,64,49-72,Two Year,Fiber Optic,Bank Withdrawal,110.3,6997.3,8351.54,3,45,5574,0,No,,,Normal
7596-LDUXP,Female,61,No,No,No,Rodeo,California,12,0-12,One Year,Fiber Optic,Credit Card,85.15,979.05,1170.69,4,52,2452,0,No,,,Normal
2192-OZITF,Female,60,No,No,No,San Leandro,California,45,25-48,Two Year,DSL,Credit Card,73.55,3349.1,5342.15,3,56,2280,0,No,,,Normal
5651-CPDND,Male,45,No,No,No,San Leandro,California,10,0-12,Month-to-Month,DSL,Credit Card,46.0,492.1,627.2,4,38,3903,0,No,,,Normal
1131-ALZWV,Female,58,No,No,No,San Lorenzo,California,24,13-24,One Year,,Bank Withdrawal,24.6,605.25,1629.09,5,62,4147,0,No,,,Normal
7729-XBTWX,Male,62,No,Yes,Yes,San Ramon,California,66,49-72,Two Year,,Credit Card,19.75,1344.5,3425.48,4,58,4485,0,No,,,Normal
9134-WYRVP,Male,51,No,No,No,Suisun City,California,51,49-72,One Year,Fiber Optic,Credit Card,86.35,4267.15,5659.45,3,74,5311,0,No,,,High Risk
3284-SVCRO,Female,35,No,Yes,No,Sunol,California,45,25-48,Two Year,,Credit Card,25.5,1121.05,3025.45,3,47,3146,0,No,,,Normal
9732-OUYRN,Female,54,No,Yes,No,Union City,California,49,49-72,One Year,,Credit Card,19.0,918.7,1562.0700000000002,3,39,4066,0,No,,,Normal
0559-CKHUS,Female,44,No,Yes,No,Pleasanton,California,29,25-48,Two Year,,Credit Card,19.55,521.8,1970.64,3,77,5758,0,No,,,High Risk
2931-SVLTV,Male,59,No,Yes,Yes,Vallejo,California,40,25-48,Month-to-Month,Fiber Optic,Credit Card,110.1,4469.1,4929.1,3,39,2283,0,No,,,Normal
7504-UWHNB,Male,42,No,No,No,Vallejo,California,25,25-48,Month-to-Month,Fiber Optic,Bank Withdrawal,69.75,1729.35,2832.1,4,26,3080,0,No,,,Normal
2582-FFFZR,Female,34,No,No,No,Vallejo,California,22,13-24,Month-to-Month,DSL,Bank Withdrawal,50.6,1073.3,1073.3,4,62,2854,0,No,,,Normal
8908-NMQTX,Male,36,No,No,No,Walnut Creek,California,72,49-72,Two Year,Cable,Bank Withdrawal,65.6,4566.5,4566.5,3,75,4369,0,No,,,Normal
1431-AIDJQ,Male,44,No,Yes,Yes,Walnut Creek,California,33,25-48,Two Year,Cable,Credit Card,82.1,2603.1,2656.56,4,32,2281,0,No,,,Normal
6288-LBEAR,Female,22,No,No,No,Yountville,California,23,13-24,Month-to-Month,Fiber Optic,Credit Card,79.1,1783.75,2132.89,5,75,3619,0,No,,,Normal
8413-YNHNV,Male,42,No,No,No,Oakland,California,69,49-72,Two Year,DSL,Credit Card,90.65,6322.1,9594.77,3,55,6487,0,No,,,Normal
4369-NYSCF,Male,61,No,No,No,Oakland,California,56,49-72,One Year,DSL,Bank Withdrawal,75.75,4284.65,5406.17,3,56,6487,0,No,,,Normal
6333-YDVLT,Male,61,No,No,No,Oakland,California,65,49-72,One Year,Fiber Optic,Credit Card,110.0,7138.65,9290.8,4,78,6351,0,No,,,High Risk
5324-KTGCG,Male,55,No,Yes,No,Emeryville,California,71,49-72,One Year,,Bank Withdrawal,20.85,1539.75,4721.969999999999,4,67,4837,0,No,,,Normal
6873-UDNLD,Male,28,No,No,No,Oakland,California,40,25-48,Month-to-Month,DSL,Bank Withdrawal,67.45,2731.0,4293.0,3,55,4714,0,No,,,Normal
0958-YHXGP,Female,25,No,No,No,Oakland,California,7,0-12,Month-to-Month,Fiber Optic,Credit Card,69.9,497.3,714.23,4,80,4562,0,No,,,Normal
1101-SSWAG,Female,60,No,Yes,No,Berkeley,California,15,13-24,Month-to-Month,DSL,Bank Withdrawal,51.1,711.15,1178.1,5,33,4858,0,No,,,Normal
5743-KHMNA,Male,43,No,No,No,Berkeley,California,71,49-72,Two Year,,Bank Withdrawal,25.55,1898.1,4672.78,5,27,6305,0,No,,,Normal
4194-FJARJ,Female,22,No,Yes,Yes,Albany,California,54,49-72,Two Year,Cable,Bank Withdrawal,60.0,3273.95,3734.57,3,52,4798,0,No,,,Normal
5325-UWTWJ,Male,47,No,Yes,No,Berkeley,California,31,25-48,Month-to-Month,Fiber Optic,Credit Card,90.55,2929.75,3624.77,4,48,5722,0,No,,,Normal
3969-GYXEL,Female,46,No,No,No,Berkeley,California,11,0-12,Month-to-Month,Fiber Optic,Bank Withdrawal,76.4,838.7,1240.42,4,41,4033,0,No,,,Normal
6992-TKNYO,Male,34,No,Yes,No,Richmond,California,38,25-48,One Year,DSL,Credit Card,69.0,2669.45,3889.63,4,23,4487,0,No,,,Normal
4468-YDOVK,Male,57,No,No,Yes,Richmond,California,5,0-12,Month-to-Month,DSL,Bank Withdrawal,48.65,235.2,302.9,5,68,3307,0,No,,,Normal
2200-DSAAL,Female,52,No,No,No,Greenbrae,California,68,49-72,Two Year,DSL,Bank Withdrawal,80.65,5330.2,6800.6,3,70,5914,0,No,,,Normal
4302-ZYFEL,Male,23,No,Yes,Yes,Belvedere Tiburon,California,69,49-72,One Year,,Credit Card,20.55,1403.1,3227.46,4,32,5366,0,No,,,Normal
9351-LZYGF,Female,56,No,Yes,No,Bodega,California,42,25-48,Month-to-Month,DSL,Credit Card,66.4,2727.8,4254.5,3,38,3773,0,No,,,Normal
4366-CTOUZ,Female,36,No,No,No,Bodega Bay,California,50,49-72,Two Year,Fiber Optic,Credit Card,100.2,5038.45,5793.45,4,53,5419,0,No,,,Normal
1518-OMDIK,Male,23,No,Yes,No,Rohnert Park,California,33,25-48,Month-to-Month,DSL,Credit Card,44.55,1462.6,3062.77,4,28,2422,0,No,,,Normal
6671-NGWON,Female,43,No,No,No,Dillon Beach,California,7,0-12,Month-to-Month,,Credit Card,20.35,150.6,441.59,5,52,3098,0,No,,,Normal
0595-ITUDF,Male,21,No,Yes,Yes,Fairfax,California,64,49-72,Month-to-Month,Fiber Optic,Bank Withdrawal,91.8,5960.5,8173.62,3,37,5371,0,No,,,Normal
1955-IBMMB,Male,47,No,No,No,Forest Knolls,California,59,49-72,Two Year,,Bank Withdrawal,20.2,1192.3,3975.33,4,65,5216,0,No,,,Normal
0096-BXERS,Female,30,No,Yes,No,Inverness,California,6,0-12,Month-to-Month,Cable,Bank Withdrawal,50.35,314.55,570.51,3,74,3442,0,No,,,Normal
7998-ZLXWN,Female,21,No,Yes,No,Larkspur,California,15,13-24,Month-to-Month,,Credit Card,20.45,330.8,516.95,4,78,5184,0,No,,,High Risk
6253-WRFHY,Male,59,No,Yes,Yes,Marshall,California,13,13-24,One Year,DSL,Bank Withdrawal,64.75,877.35,1050.51,3,73,4741,0,No,,,Normal
9133-AYJZG,Female,40,No,No,No,Mill Valley,California,23,13-24,Month-to-Month,Fiber Optic,Credit Card,98.7,2249.1,2581.45,5,71,5781,0,No,,,High Risk
8680-CGLTP,Male,35,No,No,No,Nicasio,California,29,25-48,One Year,DSL,Bank Withdrawal,58.75,1696.2,1978.2,3,80,5198,0,No,,,High Risk
8430-TWCBX,Female,62,No,Yes,No,Novato,California,49,49-72,One Year,,Credit Card,20.7,1032.05,2461.87,3,50,4074,0,No,,,Normal
5018-GWURO,Female,25,No,Yes,No,Novato,California,56,49-72,Month-to-Month,Fiber Optic,Bank Withdrawal,85.6,4902.8,7300.16,4,20,6483,0,No,,,Normal
6741-QRLUP,Female,50,No,No,No,Olema,California,63,49-72,Two Year,DSL,Credit Card,80.3,4995.35,6969.77,3,74,5554,0,No,,,High Risk
4737-HOBAX,Male,51,No,Yes,No,Penngrove,California,63,49-72,Two Year,Cable,Credit Card,79.8,5034.05,5668.46,4,52,4073,0,No,,,Normal
8200-KLNYW,Female,55,No,Yes,No,San Geronimo,California,21,13-24,One Year,DSL,Credit Card,80.9,1714.95,2011.62,4,36,5733,0,No,,,Normal
3372-CDXFJ,Male,31,No,Yes,Yes,San Quentin,California,13,13-24,One Year,,Bank Withdrawal,24.5,343.6,976.7,5,59,5077,0,No,,,Normal
7632-YUTXB,Female,52,No,Yes,Yes,Stinson Beach,California,25,25-48,One Year,,Credit Card,20.05,520.1,846.6,4,60,2010,0,No,,,Normal
2718-YSKCS,Male,64,No,Yes,Yes,Tomales,California,71,49-72,Two Year,,Bank Withdrawal,19.6,1387.45,2532.6800000000003,5,56,6444,0,No,,,Normal
9896-UYMIE,Male,27,No,No,No,Valley Ford,California,66,49-72,One Year,Fiber Optic,Bank Withdrawal,114.3,7383.7,7668.82,3,52,5303,0,No,,,Normal
0853-NWIFK,Female,27,No,No,No,Woodacre,California,45,25-48,One Year,Fiber Optic,Bank Withdrawal,100.3,4483.95,4530.3,3,64,4868,0,No,,,Normal
8212-CRQXP,Female,20,No,Yes,No,Alviso,California,22,13-24,Month-to-Month,Fiber Optic,Credit Card,80.0,1706.45,2748.65,3,80,2640,0,No,,,Normal
6980-CDGFC,Female,57,No,Yes,No,Aptos,California,67,49-72,One Year,,Bank Withdrawal,20.85,1327.4,1857.37,5,71,5972,0,No,,,High Risk
7691-XVTZH,Female,30,No,Yes,No,Aromas,California,68,49-72,Two Year,Fiber Optic,Bank Withdrawal,89.95,5974.3,7902.780000000001,4,64,5672,0,No,,,Normal
2520-SGTTA,Female,23,No,Yes,Yes,Ben Lomond,California,10,0-12,Two Year,,Credit Card,20.0,200.0,400.5,4,27,3763,0,No,,,Normal
1088-CNNKB,Male,34,No,Yes,No,Campbell,California,63,49-72,One Year,DSL,Credit Card,80.0,5040.2,7183.46,3,56,5540,0,No,,,Normal
1930-BZLHI,Male,31,No,No,No,Castroville,California,21,13-24,One Year,,Credit Card,20.35,422.7,895.8299999999999,5,40,3721,0,No,,,Normal
3525-DVKFN,Female,58,No,No,No,Felton,California,17,13-24,Two Year,,Credit Card,19.4,358.05,869.24,3,44,3561,0,No,,,Normal
1482-OXZSY,Male,45,No,No,No,Freedom,California,30,25-48,Month-to-Month,Fiber Optic,Bank Withdrawal,100.4,2936.25,3454.05,3,37,3778,0,No,,,Normal
0377-JBKKT,Male,21,No,Yes,Yes,Gilroy,California,22,13-24,Month-to-Month,DSL,Credit Card,57.95,1271.8,2208.56,3,41,5036,0,No,,,Normal
5778-BVOFB,Female,33,No,No,No,Escondido,California,9,0-12,Month-to-Month,Cable,Bank Withdrawal,59.5,530.05,882.76,5,53,4011,0,No,,,Normal
0228-MAUWC,Male,40,No,No,No,Los Gatos,California,19,13-24,Month-to-Month,DSL,Bank Withdrawal,59.55,1144.6,1369.75,4,39,3949,0,No,,,Normal
7663-YJHSN,Female,33,No,Yes,No,Moss Landing,California,72,49-72,Two Year,Fiber Optic,Bank Withdrawal,103.95,7556.9,10814.34,3,56,5096,0,No,,,Normal
4915-BFSXL,Male,49,No,Yes,Yes,Mount Hermon,California,70,49-72,Two Year,DSL,Credit Card,68.95,4858.7,6445.6,3,60,4858,0,No,,,Normal
3086-RUCRN,Female,33,No,No,No,Paicines,California,66,49-72,Month-to-Month,Fiber Optic,Bank Withdrawal,103.1,6595.0,9442.24,3,46,6183,0,No,,,Normal
5215-LNLDJ,Female,20,No,Yes,Yes,San Juan Bautista,California,7,0-12,Month-to-Month,DSL,Bank Withdrawal,24.7,149.05,149.05,3,52,3872,0,No,,,Normal
0257-KXZGU,Female,29,No,Yes,Yes,Santa Clara,California,32,25-48,Month-to-Month,DSL,Bank Withdrawal,62.45,2045.55,3110.51,3,74,5442,0,No,,,High Risk
1307-ATKGB,Male,21,No,No,No,Santa Clara,California,24,13-24,Month-to-Month,Fiber Optic,Bank Withdrawal,89.55,2187.15,2856.99,5,41,2007,0,No,,,Normal
3714-XPXBW,Female,43,No,No,No,Santa Cruz,California,37,25-48,Month-to-Month,DSL,Credit Card,78.9,2976.95,4576.12,4,64,3801,0,No,,,Normal
1850-AKQEP,Male,61,No,No,Yes,Santa Cruz,California,8,0-12,Month-to-Month,,Credit Card,20.35,178.7,293.66,3,42,4577,0,No,,,Normal
2824-DXNKN,Female,26,No,Yes,Yes,Santa Cruz,California,72,49-72,Two Year,Cable,Bank Withdrawal,71.45,5025.85,7833.130000000001,3,30,5656,0,No,,,Normal
0848-ZGQIJ,Female,56,No,Yes,No,Saratoga,California,16,13-24,Month-to-Month,Fiber Optic,Bank Withdrawal,94.65,1461.15,1629.15,5,36,3050,0,No,,,Normal
3621-CHYVB,Female,44,No,Yes,No,Soquel,California,57,49-72,Month-to-Month,DSL,Bank Withdrawal,49.9,2782.4,2782.4,3,68,5866,0,No,,,Normal
8042-RNLKO,Male,40,No,No,No,Watsonville,California,66,49-72,One Year,,Bank Withdrawal,25.45,1699.15,3825.67,3,48,4163,0,No,,,Normal
5372-FBKBN,Female,38,No,No,Yes,San Jose,California,21,13-24,Month-to-Month,,Credit Card,20.75,452.2,634.48,3,39,2143,0,No,,,Normal
0420-TXVSG,Male,43,No,Yes,No,San Jose,California,66,49-72,Two Year,DSL,Credit Card,66.1,4428.45,6917.31,3,73,5933,0,No,,,High Risk
6217-TOWGS,Female,29,No,Yes,No,San Jose,California,17,13-24,Month-to-Month,DSL,Bank Withdrawal,75.4,1322.55,1451.75,3,64,4852,0,No,,,Normal
1045-LTCYT,Female,54,No,Yes,Yes,San Jose,California,8,0-12,Month-to-Month,,Credit Card,21.05,139.75,484.15,3,78,2158,0,No,,,Normal
1544-JJMYL,Male,19,No,No,No,San Jose,California,27,25-48,One Year,DSL,Credit Card,69.35,1927.3,2909.83,3,60,2450,0,No,,,Normal
4636-JGAAI,Male,28,No,Yes,No,San Jose,California,34,25-48,Month-to-Month,Fiber Optic,Credit Card,88.85,3000.25,3475.23,3,70,4014,0,No,,,Normal
6874-SGLHU,Male,44,No,No,No,San Jose,California,30,25-48,One Year,Fiber Optic,Bank Withdrawal,97.0,3021.3,3386.4,5,23,4126,0,No,,,Normal
5951-AOFIH,Male,19,No,No,No,San Jose,California,33,25-48,Month-to-Month,Cable,Credit Card,66.4,2245.4,3754.16,5,69,3843,0,No,,,Normal
3059-NGMXB,Male,52,No,Yes,Yes,San Jose,California,14,13-24,Month-to-Month,DSL,Credit Card,69.2,944.65,986.09,3,24,2871,0,No,,,Normal
8652-YHIYU,Female,30,No,No,Yes,San Jose,California,16,13-24,One Year,Fiber Optic,Credit Card,79.5,1264.2,1699.88,4,64,5040,0,No,,,Normal
5278-PNYOX,Female,49,No,No,No,San Jose,California,49,49-72,Two Year,Fiber Optic,Credit Card,100.65,4917.75,5462.14,3,52,5499,0,No,,,Normal
3486-HOOGQ,Female,44,No,Yes,Yes,San Jose,California,70,49-72,Two Year,DSL,Bank Withdrawal,79.7,5743.3,6328.5,3,41,4848,0,No,,,Normal
5061-PBXFW,Female,49,No,Yes,Yes,San Jose,California,32,25-48,Month-to-Month,DSL,Bank Withdrawal,61.4,1864.65,3357.77,3,51,2649,0,No,,,Normal
8630-FJLIB,Female,35,No,No,No,San Jose,California,18,13-24,Month-to-Month,Fiber Optic,Bank Withdrawal,69.8,1221.65,1835.81,4,68,2421,0,No,,,Normal
3891-NLXJB,Male,26,No,No,No,San Jose,California,37,25-48,Two Year,DSL,Credit Card,40.55,1390.85,1440.85,3,24,4050,0,No,,,Normal
4749-OJKQU,Female,36,No,No,No,San Jose,California,4,0-12,Month-to-Month,Fiber Optic,Bank Withdrawal,75.65,302.35,396.35,5,31,5396,0,No,,,Normal
0577-WHMEV,Female,19,No,Yes,No,San Jose,California,16,13-24,Month-to-Month,Fiber Optic,Bank Withdrawal,90.7,1374.9,1820.18,3,73,4839,0,No,,,Normal
5453-AXEPF,Male,31,No,Yes,No,San Jose,California,17,13-24,Month-to-Month,Fiber Optic,Bank Withdrawal,80.5,1336.9,2130.9700000000003,5,76,3591,0,No,,,Normal
3639-XJHKQ,Female,52,No,No,Yes,San Jose,California,19,13-24,Month-to-Month,DSL,Bank Withdrawal,60.6,1297.8,1990.92,3,33,2463,0,No,,,Normal
3716-LRGXK,Male,27,No,Yes,No,San Jose,California,60,49-72,Two Year,Fiber Optic,Credit Card,101.15,6067.4,6670.4,3,35,5301,0,No,,,Normal
2263-SFSQZ,Male,46,No,Yes,Yes,San Jose,California,51,49-72,Two Year,,Credit Card,24.95,1222.25,2081.6,4,37,5461,0,No,,,Normal
9950-MTGYX,Male,30,No,Yes,Yes,San Jose,California,28,25-48,Two Year,,Credit Card,20.3,487.95,1024.99,3,73,2948,0,No,,,Normal
3397-AVTKU,Male,64,No,No,No,Mount Hamilton,California,43,25-48,Two Year,DSL,Bank Withdrawal,60.0,2548.55,3479.07,5,73,4614,0,No,,,Normal
4825-FUREZ,Male,49,No,Yes,No,San Jose,California,42,25-48,Two Year,,Bank Withdrawal,20.25,835.5,2757.0,5,61,5940,0,No,,,Normal
3134-DSHVC,Female,49,No,No,No,Stockton,California,63,49-72,Two Year,Fiber Optic,Credit Card,98.0,6218.45,7706.51,4,75,5989,0,No,,,High Risk
7821-DPRQE,Male,25,No,Yes,No,Stockton,California,68,49-72,Month-to-Month,Fiber Optic,Bank Withdrawal,107.7,7320.9,8953.58,3,53,5015,0,No,,,Normal
2001-EWBQU,Female,23,No,No,No,Stockton,California,60,49-72,Two Year,Fiber Optic,Bank Withdrawal,104.7,6333.8,8612.0,5,75,6186,0,No,,,High Risk
6695-AMZUF,Female,31,No,Yes,No,Stockton,California,70,49-72,Two Year,DSL,Credit Card,86.45,5950.2,8130.7,4,54,5950,0,No,,,Normal
8410-BGQXN,Male,26,No,No,No,Angels Camp,California,4,0-12,Month-to-Month,,Credit Card,19.4,93.4,183.56,5,54,4402,0,No,,,Normal
1619-YWUBB,Female,38,No,Yes,No,Avery,California,68,49-72,Two Year,,Credit Card,24.95,1614.9,3426.42,5,72,6146,0,No,,,High Risk
7611-YKYTC,Male,50,No,Yes,Yes,Burson,California,22,13-24,Month-to-Month,Fiber Optic,Bank Withdrawal,75.0,1573.95,2427.99,3,48,4040,0,No,,,Normal
0365-GXEZS,Male,55,No,Yes,No,Copperopolis,California,18,13-24,Month-to-Month,Fiber Optic,Bank Withdrawal,78.2,1468.75,2040.97,5,79,2831,0,No,,,Normal
0082-OQIQY,Male,50,No,No,No,Farmington,California,29,25-48,Month-to-Month,Fiber Optic,Bank Withdrawal,94.2,2607.6,2687.05,5,60,4561,0,No,,,Normal
3606-SBKRY,Male,35,No,No,No,Linden,California,31,25-48,One Year,DSL,Bank Withdrawal,50.05,1523.4,1523.4,3,35,4529,0,No,,,Normal
0667-NSRGI,Female,45,No,Yes,No,Lodi,California,48,25-48,One Year,DSL,Credit Card,69.55,3435.6,4253.04,4,75,2478,0,No,,,Normal
6893-ODYYE,Male,34,No,No,No,Mokelumne Hill,California,50,49-72,One Year,Fiber Optic,Credit Card,90.1,4549.45,5317.95,3,25,6435,0,No,,,Normal
8242-JSVBO,Male,22,No,No,No,Mountain Ranch,California,7,0-12,Month-to-Month,DSL,Bank Withdrawal,44.65,322.5,509.8200000000001,4,65,4300,0,No,,,Normal
9541-ZPSEA,Male,25,No,Yes,Yes,San Andreas,California,68,49-72,Two Year,Fiber Optic,Credit Card,80.35,5375.15,7012.589999999999,3,33,5954,0,No,,,Normal
1139-WUOAH,Male,33,No,No,No,Vallecito,California,57,49-72,Two Year,DSL,Credit Card,53.35,3090.05,3190.05,4,42,5461,0,No,,,Normal
6937-GCDGQ,Male,59,No,Yes,Yes,West Point,California,19,13-24,One Year,Cable,Bank Withdrawal,48.95,955.6,1178.85,3,35,2394,0,No,,,Normal
5075-JSDKI,Female,64,No,No,No,Woodbridge,California,59,49-72,Two Year,,Bank Withdrawal,24.45,1493.1,3925.67,4,26,6196,0,No,,,Normal
8644-XYTSV,Male,37,No,Yes,No,Ballico,California,42,25-48,Month-to-Month,DSL,Bank Withdrawal,40.15,1626.05,1626.05,4,68,4348,0,No,,,Normal
3873-WOSBC,Male,58,No,Yes,No,Catheys Valley,California,67,49-72,Two Year,,Credit Card,25.6,1784.9,2571.48,3,38,4879,0,No,,,Normal
7975-JMZNT,Male,19,No,Yes,No,Columbia,California,66,49-72,Two Year,DSL,Bank Withdrawal,91.7,6075.9,7611.719999999999,3,39,5453,0,No,,,Normal
7251-XFOIL,Female,60,No,No,No,Coulterville,California,61,49-72,Month-to-Month,Fiber Optic,Credit Card,89.2,5500.6,6386.320000000001,3,23,5536,0,No,,,Normal
4116-IQRFR,Male,55,No,Yes,Yes,Cressey,California,4,0-12,One Year,,Credit Card,24.1,73.1,139.82,3,21,4463,0,No,,,Normal
8259-DZLIZ,Female,53,No,Yes,Yes,Delhi,California,64,49-72,One Year,DSL,Bank Withdrawal,53.85,3399.85,4492.33,4,36,4954,0,No,,,Normal
3120-FAZKD,Male,19,No,Yes,Yes,El Portal,California,54,49-72,Two Year,,Bank Withdrawal,24.05,1230.9,3476.22,4,41,4039,0,No,,,Normal
8606-OEGQZ,Female,45,No,No,Yes,Escalon,California,18,13-24,Two Year,,Credit Card,25.3,454.65,998.61,4,78,3416,0,No,,,Normal
9489-JMTTN,Female,41,No,Yes,Yes,Hickman,California,72,49-72,Two Year,DSL,Credit Card,89.75,6595.9,7717.66,3,60,5096,0,No,,,Normal
0967-BMLBD,Female,37,No,Yes,Yes,Hornitos,California,11,0-12,One Year,,Credit Card,20.0,196.35,737.4399999999999,5,72,5837,0,No,,,High Risk
2830-LEWOA,Male,37,No,Yes,Yes,Jamestown,California,61,49-72,One Year,Fiber Optic,Credit Card,103.9,6449.15,9077.03,5,28,4079,0,No,,,Normal
5006-MXVRN,Female,23,No,No,No,Keyes,California,39,25-48,Two Year,,Credit Card,20.7,762.45,1924.26,4,45,3733,0,No,,,Normal
8327-WKMIE,Male,36,No,No,No,Le Grand,California,37,25-48,One Year,,Credit Card,20.15,785.75,2057.44,5,65,4422,0,No,,,Normal
6917-FIJHC,Female,60,No,Yes,No,Livingston,California,72,49-72,Two Year,,Credit Card,26.0,1776.0,3718.56,4,20,5374,0,No,,,Normal
7797-EJMDP,Female,34,No,No,No,Manteca,California,8,0-12,Month-to-Month,DSL,Bank Withdrawal,66.05,574.5,842.8199999999999,3,59,4157,0,No,,,Normal
3530-VWVGU,Female,27,No,Yes,Yes,Manteca,California,22,13-24,Month-to-Month,,Credit Card,19.9,400.3,1489.52,4,43,5657,0,No,,,Normal
6368-NWMCE,Female,61,No,No,No,Merced,California,38,25-48,Month-to-Month,DSL,Credit Card,68.15,2656.3,3461.5200000000004,3,66,3371,0,No,,,Normal
3633-CDBUW,Male,25,No,No,Yes,Midpines,California,17,13-24,One Year,DSL,Bank Withdrawal,80.85,1445.95,2276.59,5,24,3913,0,No,,,Normal
3956-MGXOG,Female,62,No,No,No,Modesto,California,28,25-48,Month-to-Month,Fiber Optic,Bank Withdrawal,80.6,2244.95,3192.47,5,70,2951,0,No,,,Normal
9274-UARKJ,Female,60,No,No,No,Modesto,California,15,13-24,Month-to-Month,Fiber Optic,Bank Withdrawal,83.2,1130.0,1286.45,3,36,4096,0,No,,,Normal
4077-HWUYD,Male,59,No,Yes,Yes,Modesto,California,72,49-72,Two Year,DSL,Bank Withdrawal,87.55,6463.15,9675.07,4,43,5341,0,No,,,Normal
0103-CSITQ,Female,20,No,Yes,No,Modesto,California,57,49-72,One Year,Fiber Optic,Bank Withdrawal,109.4,6252.7,6709.27,5,65,6026,0,No,,,Normal
8671-KKKOS,Female,50,No,Yes,No,Newman,California,46,25-48,Month-to-Month,DSL,Bank Withdrawal,45.55,2062.15,2062.15,4,27,5565,0,No,,,Normal
7305-ZWMAJ,Male,45,No,Yes,No,Oakdale,California,30,25-48,One Year,,Credit Card,20.7,587.1,1273.8000000000002,5,78,2492,0,No,,,Normal
6578-KRMAW,Male,22,No,No,No,Planada,California,32,25-48,Month-to-Month,Fiber Optic,Credit Card,93.4,2979.3,4461.860000000001,3,66,3224,0,No,,,Normal
4860-IJUDE,Male,34,No,No,No,Ripon,California,13,13-24,Month-to-Month,Fiber Optic,Credit Card,73.75,956.65,1347.4299999999998,3,78,2070,0,No,,,Normal
9688-YGXVR,Female,35,No,No,No,Salida,California,44,25-48,Month-to-Month,Fiber Optic,Credit Card,88.15,3973.2,5417.719999999999,4,59,4112,0,No,,,Normal
1945-XISKS,Female,22,No,Yes,No,Sonora,California,67,49-72,Two Year,,Credit Card,19.65,1335.2,3546.87,4,26,4994,0,No,,,Normal
5360-LJCNJ,Female,37,No,Yes,No,Tracy,California,71,49-72,Two Year,Fiber Optic,Bank Withdrawal,105.15,7555.0,8357.66,5,32,5707,0,No,,,Normal
1100-DDVRV,Male,27,No,Yes,No,Twain Harte,California,17,13-24,Month-to-Month,DSL,Credit Card,49.8,836.35,836.35,5,24,5575,0,No,,,Normal
7216-KAOID,Male,27,No,Yes,Yes,Santa Rosa,California,41,25-48,One Year,,Bank Withdrawal,19.5,798.2,2418.9300000000003,4,72,2446,0,No,,,Normal
5339-TJFEK,Male,22,No,Yes,Yes,Santa Rosa,California,62,49-72,Month-to-Month,Fiber Optic,Bank Withdrawal,105.5,6487.2,7551.7,4,56,4271,0,No,,,Normal
2074-GUHPQ,Female,37,No,No,Yes,Albion,California,17,13-24,Month-to-Month,Fiber Optic,Credit Card,92.7,1556.85,2403.11,4,41,2347,0,No,,,Normal
4625-XMOYM,Female,37,No,Yes,Yes,Annapolis,California,72,49-72,Two Year,,Bank Withdrawal,26.25,1988.05,2173.09,4,36,5098,0,No,,,Normal
5827-MWCZK,Male,39,No,Yes,Yes,Boonville,California,56,49-72,Month-to-Month,Fiber Optic,Credit Card,96.95,5432.2,6749.32,5,66,6484,0,No,,,Normal
1385-TQOZW,Female,32,No,No,No,Branscomb,California,9,0-12,Month-to-Month,,Credit Card,20.45,147.55,561.46,4,41,2392,0,No,,,Normal
5914-XRFQB,Male,58,No,Yes,No,Caspar,California,72,49-72,Two Year,Fiber Optic,Bank Withdrawal,115.8,8424.9,11529.54,3,80,6479,0,No,,,High Risk
4329-YPDDQ,Male,40,No,No,No,Cazadero,California,20,13-24,Month-to-Month,Fiber Optic,Bank Withdrawal,108.2,2203.7,2524.7,3,67,2102,0,No,,,Normal
4804-NCPET,Male,32,No,Yes,Yes,Clearlake,California,19,13-24,Two Year,,Credit Card,20.2,387.4,989.7,3,60,4821,0,No,,,Normal
5944-UGLLK,Male,62,No,No,No,Cloverdale,California,53,49-72,One Year,Cable,Credit Card,54.9,3045.75,3045.75,4,80,5677,0,No,,,High Risk
7787-BNTZM,Male,56,No,No,No,Comptche,California,6,0-12,Month-to-Month,,Bank Withdrawal,20.15,130.5,172.07999999999998,5,76,5761,0,No,,,High Risk
2252-ISRNH,Male,22,No,Yes,Yes,Covelo,California,9,0-12,One Year,Fiber Optic,Bank Withdrawal,90.35,767.9,1042.04,3,27,2993,0,No,,,Normal
9415-TPKRV,Female,62,No,Yes,Yes,Dos Rios,California,8,0-12,Month-to-Month,DSL,Bank Withdrawal,55.75,446.8,546.08,4,38,5681,0,No,,,Normal
5322-TEUJK,Female,45,No,Yes,Yes,Duncans Mills,California,71,49-72,Two Year,Fiber Optic,Bank Withdrawal,114.6,8100.25,8448.86,4,71,4071,0,No,,,Normal
1866-DIOQZ,Female,23,No,Yes,No,Forestville,California,71,49-72,One Year,Cable,Bank Withdrawal,66.8,4689.15,4689.15,4,42,4698,0,No,,,Normal
8375-KVTHK,Male,43,No,Yes,No,Fort Bragg,California,68,49-72,One Year,Fiber Optic,Bank Withdrawal,100.3,6754.35,10211.03,4,39,5757,0,No,,,Normal
2697-NQBPF,Male,51,No,No,No,Fulton,California,34,25-48,Month-to-Month,Fiber Optic,Bank Withdrawal,105.35,3540.65,4492.65,3,74,5503,0,No,,,High Risk
3709-OIJEA,Male,51,No,No,No,Geyserville,California,26,25-48,One Year,Fiber Optic,Bank Withdrawal,85.2,2184.6,2957.32,5,52,5156,0,No,,,Normal
1386-ZIKUV,Male,42,No,No,No,Glenhaven,California,7,0-12,Month-to-Month,,Credit Card,18.95,130.55,362.81,5,26,4097,0,No,,,Normal
0599-XNYDO,Female,51,No,Yes,No,Graton,California,20,13-24,Month-to-Month,Fiber Optic,Bank Withdrawal,69.8,1540.35,2410.15,5,33,5456,0,No,,,Normal
6377-WHAOX,Female,48,No,Yes,No,Gualala,California,60,49-72,Month-to-Month,Fiber Optic,Bank Withdrawal,106.15,6411.25,7010.05,3,32,4115,0,No,,,Normal
6855-VLGOS,Male,51,No,Yes,Yes,Guerneville,California,72,49-72,Two Year,,Bank Withdrawal,20.55,1432.55,4104.47,5,41,5809,0,No,,,Normal
8746-OQQRW,Male,64,No,No,No,Hopland,California,4,0-12,Month-to-Month,,Credit Card,25.25,101.9,116.66,5,43,3962,0,No,,,Normal
3181-MIZBN,Male,40,No,Yes,Yes,Jenner,California,16,13-24,Month-to-Month,,Bank Withdrawal,19.75,313.4,825.24,4,68,3677,0,No,,,Normal
7766-CLTIC,Female,58,No,No,No,Kenwood,California,10,0-12,Month-to-Month,Cable,Credit Card,60.95,629.55,713.05,3,28,4323,0,No,,,Normal
5650-YLIBA,Male,60,No,No,No,Lakeport,California,31,25-48,Month-to-Month,Fiber Optic,Bank Withdrawal,81.15,2640.55,3944.1,3,25,3031,0,No,,,Normal
0825-CPPQH,Female,26,No,Yes,No,Laytonville,California,71,49-72,Two Year,,Credit Card,19.1,1372.45,4172.69,4,72,4241,0,No,,,Normal
9084-OAYKL,Male,29,No,No,No,Little River,California,58,49-72,Two Year,,Credit Card,20.8,1212.25,4055.41,4,80,4758,0,No,,,Normal
6122-LJADA,Male,31,No,Yes,Yes,Lower Lake,California,70,49-72,Two Year,Cable,Credit Card,90.15,6237.05,6412.05,3,49,5824,0,No,,,Normal
2400-XIWIO,Female,30,No,Yes,No,Lucerne,California,71,49-72,Two Year,Cable,Bank Withdrawal,90.1,6310.9,7896.33,3,80,5054,0,No,,,High Risk
7569-NMZYQ,Female,33,No,Yes,Yes,Middletown,California,72,49-72,Two Year,Fiber Optic,Bank Withdrawal,118.75,8672.45,11634.53,4,49,5475,0,No,,,Normal
5201-USSQZ,Female,56,No,Yes,No,Monte Rio,California,26,25-48,Month-to-Month,Fiber Optic,Credit Card,85.9,2196.45,3295.21,4,67,4038,0,No,,,Normal
2105-PHWON,Female,41,No,Yes,No,Navarro,California,33,25-48,Month-to-Month,Fiber Optic,Credit Card,95.0,3008.15,3409.37,3,76,4639,0,No,,,Normal
1494-EJZDW,Female,51,No,Yes,Yes,Nice,California,10,0-12,Two Year,,Credit Card,20.15,220.8,407.0,5,74,2836,0,No,,,Normal
8003-EWNDZ,Female,52,No,No,No,Philo,California,10,0-12,Month-to-Month,,Bank Withdrawal,21.2,222.65,327.25,4,34,2066,0,No,,,Normal
1897-RCFUM,Female,31,No,Yes,Yes,Point Arena,California,39,25-48,One Year,,Credit Card,24.2,914.6,1143.92,3,67,3109,0,No,,,Normal
9256-JTBNZ,Female,40,No,No,No,Potter Valley,California,11,0-12,Month-to-Month,,Bank Withdrawal,20.3,246.3,784.4200000000001,3,72,4188,0,No,,,Normal
2211-RMNHO,Female,36,No,Yes,Yes,Rio Nido,California,68,49-72,Two Year,Cable,Bank Withdrawal,85.3,5560.0,7270.88,4,43,4732,0,No,,,Normal
2432-TFSMK,Male,43,No,No,No,Sebastopol,California,18,13-24,One Year,Fiber Optic,Credit Card,89.6,1633.0,2259.04,3,36,2269,0,No,,,Normal
4929-ROART,Male,47,No,No,No,Ukiah,California,18,13-24,Month-to-Month,Cable,Credit Card,56.25,969.85,1608.25,4,47,2277,0,No,,,Normal
1834-ABKHQ,Female,59,No,Yes,Yes,Upper Lake,California,52,49-72,One Year,Cable,Bank Withdrawal,50.95,2610.65,3132.21,4,73,4298,0,No,,,Normal
1741-WTPON,Male,42,No,Yes,Yes,Westport,California,56,49-72,Two Year,Fiber Optic,Credit Card,115.85,6567.9,8856.06,3,75,4937,0,No,,,Normal
3932-IJWDZ,Male,51,No,No,No,Willits,California,45,25-48,Month-to-Month,Fiber Optic,Bank Withdrawal,103.65,4747.85,5861.6,5,21,2183,0,No,,,Normal
1240-HCBOH,Female,45,No,No,No,Windsor,California,67,49-72,Two Year,,Credit Card,26.1,1759.55,4660.65,3,42,6466,0,No,,,Normal
3796-ENZGF,Male,52,No,Yes,No,The Sea Ranch,California,63,49-72,Two Year,Cable,Credit Card,67.25,4234.15,7416.969999999999,4,36,6438,0,No,,,Normal
1734-ZMNTZ,Female,50,No,Yes,Yes,Eureka,California,11,0-12,Two Year,,Credit Card,25.0,300.7,466.14,4,65,5409,0,No,,,Normal
0813-TAXXS,Male,48,No,No,No,Alderpoint,California,55,49-72,Two Year,DSL,Bank Withdrawal,77.8,4323.35,5769.85,5,59,6483,0,No,,,Normal
2519-TWKFS,Male,34,No,Yes,Yes,Blocksburg,California,25,25-48,One Year,DSL,Credit Card,55.1,1466.1,2643.6,4,40,2499,0,No,,,Normal
0626-QXNGV,Female,55,No,Yes,No,Arcata,California,72,49-72,Two Year,,Credit Card,24.15,1776.45,4511.01,5,68,5613,0,No,,,Normal
6723-CEGQI,Female,33,No,No,Yes,Bayside,California,65,49-72,Two Year,DSL,Credit Card,45.25,2933.95,2933.95,5,37,5712,0,No,,,Normal
4732-RRJZC,Male,31,No,Yes,Yes,Bridgeville,California,7,0-12,Month-to-Month,,Credit Card,20.25,144.35,424.2099999999999,3,45,4954,0,No,,,Normal
9499-XPZXM,Female,45,No,Yes,No,Burnt Ranch,California,72,49-72,Two Year,DSL,Bank Withdrawal,64.75,4804.75,5901.31,3,30,4675,0,No,,,Normal
4338-EYCER,Male,57,No,Yes,No,Carlotta,California,21,13-24,Month-to-Month,DSL,Bank Withdrawal,54.6,1125.2,1486.19,3,43,5763,0,No,,,Normal
8513-OLYGY,Male,50,No,Yes,No,Fortuna,California,72,49-72,Two Year,Fiber Optic,Credit Card,115.8,8332.15,10318.63,3,41,5130,0,No,,,Normal
0311-QYWSS,Female,63,No,No,No,Garberville,California,6,0-12,Month-to-Month,DSL,Bank Withdrawal,49.45,314.6,549.56,3,60,3672,0,No,,,Normal
8705-DWKTI,Male,58,No,No,No,Gasquet,California,52,49-72,Month-to-Month,Fiber Optic,Credit Card,83.8,4331.4,4709.24,3,40,6339,0,No,,,Normal
3680-CTHUH,Male,22,No,No,No,Kneeland,California,60,49-72,One Year,Fiber Optic,Credit Card,116.6,7049.5,9703.9,3,74,5680,0,No,,,High Risk
1202-KKGFU,Female,24,No,Yes,No,Korbel,California,12,0-12,Month-to-Month,DSL,Bank Withdrawal,54.2,690.5,978.38,4,31,4474,0,No,,,Normal
6112-KTHFQ,Female,50,No,No,No,Loleta,California,13,13-24,Month-to-Month,,Credit Card,19.3,279.3,556.98,5,23,5917,0,No,,,Normal
1852-XEMDW,Male,20,No,No,No,Mad River,California,22,13-24,Month-to-Month,DSL,Credit Card,65.05,1427.55,2400.71,4,30,4709,0,No,,,Normal
1820-DJFPH,Female,59,No,Yes,Yes,Orick,California,72,49-72,Two Year,,Bank Withdrawal,24.05,1709.15,5186.030000000001,4,36,4755,0,No,,,Normal
9068-FHQHD,Female,42,No,Yes,Yes,Petrolia,California,40,25-48,Two Year,,Bank Withdrawal,20.15,777.35,897.75,5,29,3556,0,No,,,Normal
1269-FOYWN,Male,23,No,Yes,Yes,Phillipsville,California,44,25-48,One Year,,Bank Withdrawal,20.0,860.85,2482.69,3,72,3743,0,No,,,Normal
5701-ZIKJE,Male,28,No,No,No,Redcrest,California,13,13-24,Month-to-Month,DSL,Credit Card,50.55,610.75,1052.1,5,29,5530,0,No,,,Normal
7396-VJUZB,Male,33,No,Yes,Yes,Willow Creek,California,4,0-12,Month-to-Month,DSL,Credit Card,45.25,155.35,295.71000000000004,5,57,2776,0,No,,,Normal
5172-RKOCB,Male,28,No,Yes,No,Piercy,California,72,49-72,Two Year,Fiber Optic,Credit Card,108.95,7875.0,9405.72,4,21,5758,0,No,,,Normal
6509-TSGWN,Female,42,No,Yes,Yes,Fallbrook,California,37,25-48,Month-to-Month,,Credit Card,26.45,911.6,2089.31,4,72,5359,0,No,,,High Risk
3178-CIFOT,Female,34,No,No,No,Amador City,California,23,13-24,One Year,,Credit Card,19.65,478.1,717.53,3,58,5916,0,No,,,Normal
4530-NDRKU,Female,31,No,Yes,Yes,Auburn,California,42,25-48,One Year,,Bank Withdrawal,19.05,761.85,2217.57,4,80,5091,0,No,,,High Risk
5985-TBABQ,Female,45,No,No,No,West Sacramento,California,32,25-48,One Year,DSL,Credit Card,74.75,2282.95,3353.35,4,66,2830,0,No,,,Normal
9800-ONTFE,Female,59,No,Yes,Yes,Brooks,California,22,13-24,Month-to-Month,Fiber Optic,Bank Withdrawal,75.8,1615.1,1717.84,5,37,4479,0,No,,,Normal
6743-HHQPF,Male,26,No,Yes,No,Capay,California,42,25-48,Month-to-Month,DSL,Credit Card,25.1,1097.15,1097.15,3,57,4959,0,No,,,Normal
8455-HIRAQ,Female,56,No,No,No,Carmichael,California,8,0-12,Month-to-Month,DSL,Credit Card,44.45,369.3,456.58,3,65,4909,0,No,,,Normal
6616-AALSR,Female,23,No,Yes,Yes,Citrus Heights,California,65,49-72,Two Year,Fiber Optic,Credit Card,104.3,6725.3,7651.35,3,76,4997,0,No,,,Normal
9415-ZNBSX,Female,30,No,Yes,Yes,Cool,California,70,49-72,Two Year,DSL,Bank Withdrawal,89.0,6293.2,8620.0,3,46,5650,0,No,,,Normal
4018-KJYUY,Male,43,No,No,Yes,Courtland,California,22,13-24,Month-to-Month,,Credit Card,20.15,432.5,1182.04,5,78,2722,0,No,,,Normal
3884-UEBXB,Female,58,No,Yes,Yes,Diamond Springs,California,67,49-72,Two Year,DSL,Bank Withdrawal,36.15,2434.45,2434.45,3,39,6314,0,No,,,Normal
8780-RSYYU,Female,42,No,No,No,Dixon,California,25,25-48,Month-to-Month,,Credit Card,19.2,532.1,682.1,4,23,2159,0,No,,,Normal
5537-UXXVS,Female,49,No,Yes,No,Citrus Heights,California,20,13-24,Month-to-Month,,Bank Withdrawal,19.25,375.25,1335.85,3,68,4137,0,No,,,Normal
8701-DGLVH,Male,36,No,No,No,Elk Grove,California,51,49-72,Two Year,,Credit Card,20.45,1042.65,3461.58,4,65,6097,0,No,,,Normal
8741-LQOBK,Female,27,No,Yes,Yes,Elmira,California,46,25-48,Month-to-Month,DSL,Bank Withdrawal,35.05,1620.25,1620.25,3,33,4829,0,No,,,Normal
8082-GHXOP,Male,20,No,No,Yes,Esparto,California,13,13-24,Month-to-Month,DSL,Credit Card,44.0,659.35,1005.54,3,24,5611,0,No,,,Normal
0980-FEXWF,Male,32,No,Yes,Yes,Fiddletown,California,26,25-48,One Year,DSL,Credit Card,50.35,1285.8,1405.92,5,48,3386,0,No,,,Normal
3011-WQKSZ,Male,41,No,No,Yes,Foresthill,California,19,13-24,Month-to-Month,,Bank Withdrawal,20.0,377.55,835.45,3,31,5188,0,No,,,Normal
8218-FFJDS,Female,21,No,Yes,No,Georgetown,California,72,49-72,Two Year,DSL,Bank Withdrawal,86.4,6058.95,7164.15,3,27,6114,0,No,,,Normal
9360-OMDZZ,Male,60,No,No,No,Herald,California,24,13-24,Month-to-Month,Fiber Optic,Bank Withdrawal,94.1,2322.85,3162.93,3,69,3192,0,No,,,Normal
0345-XMMUG,Female,29,No,Yes,No,Ione,California,46,25-48,Two Year,Fiber Optic,Credit Card,108.9,4854.3,4946.3,5,45,5119,0,No,,,Normal
7036-ZZKBD,Male,56,No,Yes,No,Lincoln,California,31,25-48,Month-to-Month,Cable,Credit Card,66.4,2019.8,2804.1,4,79,3282,0,No,,,Normal
0265-PSUAE,Female,57,No,Yes,Yes,Lotus,California,16,13-24,Month-to-Month,Fiber Optic,Bank Withdrawal,100.7,1522.7,1959.02,4,72,3337,0,No,,,Normal
0463-TXOAK,Male,26,No,No,Yes,Madison,California,52,49-72,Two Year,,Credit Card,25.6,1334.5,2536.74,3,76,5662,0,No,,,High Risk
0594-UFTUL,Male,35,No,Yes,Yes,Mather,California,13,13-24,Month-to-Month,,Credit Card,19.85,252.0,774.6,4,31,2928,0,No,,,Normal
9509-MPYOD,Female,34,No,No,No,Newcastle,California,35,25-48,One Year,,Credit Card,20.75,700.45,1942.95,4,67,4261,0,No,,,Normal
9128-CPXKI,Female,36,No,No,No,Nicolaus,California,59,49-72,Two Year,Fiber Optic,Bank Withdrawal,95.8,5655.45,7451.41,3,45,5470,0,No,,,Normal
0129-KPTWJ,Male,39,No,Yes,No,North Highlands,California,72,49-72,Month-to-Month,Fiber Optic,Bank Withdrawal,94.65,6747.35,9139.19,3,20,5943,0,No,,,Normal
5855-EIBDE,Female,35,No,Yes,No,Orangevale,California,49,49-72,Two Year,Fiber Optic,Credit Card,106.65,5174.35,7167.18,4,57,5948,0,No,,,Normal
5760-FXFVO,Male,55,No,No,No,Pleasant Grove,California,6,0-12,Month-to-Month,Fiber Optic,Bank Withdrawal,78.95,494.95,672.0699999999999,3,35,4093,0,No,,,Normal
0961-ZWLVI,Male,35,No,No,Yes,Rancho Cordova,California,49,49-72,One Year,Fiber Optic,Credit Card,109.2,5290.45,5523.69,3,44,6005,0,No,,,Normal
5181-OABFK,Female,59,No,Yes,Yes,Rescue,California,56,49-72,Two Year,Cable,Credit Card,61.3,3346.8,4410.24,3,72,4173,0,No,,,Normal
7816-VGHTO,Female,61,No,Yes,Yes,Rio Oso,California,6,0-12,Two Year,Cable,Credit Card,40.55,217.5,267.5,5,30,2866,0,No,,,Normal
5871-DGTXZ,Male,55,No,No,No,River Pines,California,32,25-48,One Year,,Credit Card,19.8,607.7,1936.34,4,38,4636,0,No,,,Normal
7550-WIQVA,Male,34,No,Yes,Yes,Rocklin,California,50,49-72,One Year,Fiber Optic,Bank Withdrawal,108.25,5431.4,7510.4,4,71,4972,0,No,,,Normal
7544-ZVIKX,Male,33,No,Yes,Yes,Roseville,California,58,49-72,One Year,Fiber Optic,Bank Withdrawal,105.05,6004.85,7966.41,5,75,5870,0,No,,,High Risk
0016-QLJIS,Female,43,No,Yes,Yes,Sheridan,California,65,49-72,Two Year,Cable,Credit Card,90.45,5957.9,7807.799999999999,3,25,5509,0,No,,,Normal
7508-DQAKK,Female,21,No,No,No,Shingle Springs,California,64,49-72,Two Year,DSL,Credit Card,86.4,5442.05,5987.33,3,33,6474,0,No,,,Normal
5176-OLSKT,Female,49,No,Yes,No,Sloughhouse,California,66,49-72,Two Year,DSL,Bank Withdrawal,66.9,4370.25,7370.65,4,61,5546,0,No,,,Normal
9356-AXGMP,Male,59,No,Yes,No,Somerset,California,38,25-48,One Year,Fiber Optic,Bank Withdrawal,110.7,4428.6,6027.64,3,60,5461,0,No,,,Normal
3556-BVQGL,Female,21,No,Yes,No,Sutter Creek,California,20,13-24,One Year,,Credit Card,20.0,416.45,799.45,5,71,3585,0,No,,,Normal
7581-EBBOU,Female,49,No,No,No,Volcano,California,60,49-72,One Year,DSL,Credit Card,70.15,4224.7,6557.5,3,62,4260,0,No,,,Normal
5073-RZGBK,Female,50,No,Yes,Yes,West Sacramento,California,50,49-72,One Year,DSL,Bank Withdrawal,80.05,4042.2,6501.2,3,26,5823,0,No,,,Normal
2192-CKRLV,Female,57,No,Yes,No,Wilton,California,72,49-72,Two Year,DSL,Bank Withdrawal,49.2,3580.95,3580.95,3,33,4700,0,No,,,Normal
3154-HMWUU,Male,28,No,Yes,No,Winters,California,60,49-72,Two Year,,Bank Withdrawal,20.5,1198.8,3076.2,5,63,5848,0,No,,,Normal
6119-SPUDB,Male,40,No,No,No,Woodland,California,46,25-48,Two Year,DSL,Credit Card,38.25,1755.35,1755.35,3,73,2653,0,No,,,Normal
6522-OIQSX,Female,60,No,Yes,Yes,Alta,California,69,49-72,Two Year,Cable,Credit Card,54.95,3772.5,3772.5,4,23,4175,0,No,,,Normal
8748-HFWBO,Male,49,No,Yes,Yes,Camino,California,19,13-24,One Year,,Credit Card,19.9,357.7,974.63,5,29,5964,0,No,,,Normal
1052-QJIBV,Female,28,No,Yes,Yes,Colfax,California,71,49-72,Two Year,,Credit Card,19.9,1397.3,2852.09,3,53,6015,0,No,,,Normal
1319-YLZJG,Male,62,No,Yes,No,Dutch Flat,California,12,0-12,Month-to-Month,Fiber Optic,Bank Withdrawal,84.6,959.9,1427.9,4,31,2499,0,No,,,Normal
0723-FDLAY,Male,54,No,No,No,Gold Run,California,44,25-48,One Year,Cable,Bank Withdrawal,85.25,3704.15,5985.23,5,57,2292,0,No,,,Normal
3050-RLLXC,Female,51,No,Yes,Yes,Kyburz,California,56,49-72,Two Year,Cable,Credit Card,81.25,4620.4,6070.799999999999,4,62,5907,0,No,,,Normal
9298-WGMRW,Female,26,No,Yes,No,Echo Lake,California,72,49-72,Two Year,Fiber Optic,Bank Withdrawal,115.5,8312.75,10063.79,3,44,4697,0,No,,,Normal
3088-LHEFH,Female,28,No,No,No,Pollock Pines,California,11,0-12,Month-to-Month,Fiber Optic,Bank Withdrawal,79.0,929.3,1039.96,3,33,3885,0,No,,,Normal
8544-JNBOX,Male,31,No,No,No,Weimar,California,72,49-72,Two Year,,Credit Card,20.8,1521.2,3208.16,5,57,4626,0,No,,,Normal
6681-ZSEXG,Male,34,No,Yes,No,Rancho Cordova,California,56,49-72,Two Year,DSL,Credit Card,59.5,3389.25,5380.049999999999,5,71,5477,0,No,,,High Risk
6116-RFVHN,Female,20,No,Yes,No,Roseville,California,34,25-48,Month-to-Month,Fiber Optic,Bank Withdrawal,100.45,3414.65,4614.51,5,42,3744,0,No,,,Normal
8884-FEEWR,Male,22,No,No,No,El Dorado Hills,California,35,25-48,One Year,,Bank Withdrawal,20.6,754.0,2224.7,4,70,2858,0,No,,,Normal
3125-RAHBV,Male,24,No,No,No,Rocklin,California,22,13-24,One Year,,Credit Card,20.3,467.15,973.81,4,55,2768,0,No,,,Normal
0373-AIVNJ,Male,34,No,No,No,Sacramento,California,9,0-12,One Year,Cable,Credit Card,39.55,373.0,373.0,3,67,3755,0,No,,,Normal
1682-VCOIO,Male,56,No,No,No,Sacramento,California,23,13-24,One Year,,Credit Card,20.45,481.1,1543.0100000000002,5,43,3434,0,No,,,Normal
2072-ZVJJX,Male,47,No,Yes,No,Sacramento,California,68,49-72,Two Year,,Bank Withdrawal,25.25,1728.2,3280.64,3,70,4571,0,No,,,Normal
8849-AYPTR,Male,55,No,Yes,No,Sacramento,California,33,25-48,Month-to-Month,Fiber Optic,Bank Withdrawal,91.25,2964.05,3978.45,5,57,3296,0,No,,,Normal
9518-IMLHK,Male,48,No,No,No,Sacramento,California,31,25-48,Month-to-Month,DSL,Bank Withdrawal,72.45,2156.25,3434.38,4,77,3175,0,No,,,Normal
3646-ITDGM,Female,42,No,No,No,Sacramento,California,56,49-72,Two Year,,Bank Withdrawal,19.7,1051.9,2893.1800000000003,4,56,4831,0,No,,,Normal
3569-VLDHH,Male,59,No,Yes,Yes,Sacramento,California,66,49-72,One Year,DSL,Bank Withdrawal,75.1,5013.0,6960.0,4,23,6123,0,No,,,Normal
8224-KDLKN,Male,22,No,Yes,Yes,Sacramento,California,72,49-72,Two Year,,Bank Withdrawal,25.0,1738.9,3109.78,4,41,4275,0,No,,,Normal
4001-TSBTV,Female,49,No,Yes,Yes,Sacramento,California,58,49-72,Month-to-Month,Fiber Optic,Bank Withdrawal,91.55,5511.65,7874.57,3,49,6423,0,No,,,Normal
8727-XDPUD,Male,51,No,No,No,Sacramento,California,37,25-48,Two Year,DSL,Credit Card,35.8,1316.9,1416.9,3,68,5658,0,No,,,Normal
1043-UXOVO,Female,25,No,No,No,Sacramento,California,71,49-72,Two Year,Fiber Optic,Credit Card,113.15,7993.3,10009.7,3,35,4955,0,No,,,Normal
2878-DHMIN,Male,63,No,Yes,Yes,Sacramento,California,35,25-48,One Year,,Bank Withdrawal,19.9,666.0,1514.0500000000002,3,30,2334,0,No,,,Normal
7762-ONLJY,Female,62,No,Yes,Yes,Sacramento,California,6,0-12,One Year,,Credit Card,19.7,94.45,359.23,3,51,4122,0,No,,,Normal
5795-BKOYE,Female,47,No,Yes,Yes,Sacramento,California,69,49-72,One Year,DSL,Bank Withdrawal,59.1,4134.7,5133.82,4,71,5846,0,No,,,High Risk
7402-PWYJJ,Female,21,No,Yes,No,Sacramento,California,53,49-72,One Year,Fiber Optic,Bank Withdrawal,91.15,4862.5,7248.04,5,44,6439,0,No,,,Normal
0018-NYROU,Female,58,No,Yes,No,Antelope,California,5,0-12,Month-to-Month,Fiber Optic,Bank Withdrawal,68.95,351.5,444.75,3,57,5536,0,No,,,Normal
7608-RGIRO,Male,62,No,No,Yes,Marysville,California,62,49-72,Two Year,,Credit Card,24.4,1413.0,2501.7200000000003,3,66,4889,0,No,,,Normal
0480-BIXDE,Female,58,No,Yes,No,Beale Afb,California,19,13-24,Month-to-Month,Fiber Optic,Bank Withdrawal,96.8,1743.05,1945.97,5,66,3249,0,No,,,Normal
5895-QSXOD,Male,42,No,No,No,Alleghany,California,9,0-12,Month-to-Month,Fiber Optic,Credit Card,70.05,657.5,1091.75,3,63,3522,0,No,,,Normal
9814-AOUDH,Male,29,No,No,No,Arbuckle,California,53,49-72,Two Year,,Credit Card,19.5,1050.5,2331.51,5,57,5625,0,No,,,Normal
6175-IRFIT,Male,32,No,No,No,Bangor,California,5,0-12,Month-to-Month,Fiber Optic,Credit Card,78.75,426.35,600.9,5,66,2610,0,No,,,Normal
6749-UTDVX,Male,64,No,No,No,Brownsville,California,72,49-72,Two Year,Fiber Optic,Bank Withdrawal,103.65,7634.8,8417.44,5,63,6088,0,No,,,Normal
5542-DHSXL,Female,36,No,Yes,No,Butte City,California,4,0-12,Month-to-Month,Cable,Credit Card,54.7,235.05,262.13,4,37,3475,0,No,,,Normal
9102-OXKFY,Male,35,No,No,No,Camptonville,California,59,49-72,Two Year,Cable,Credit Card,54.15,3116.15,6035.469999999999,3,64,4293,0,No,,,Normal
2284-VFLKH,Male,23,No,Yes,No,Clipper Mills,California,49,49-72,One Year,Fiber Optic,Credit Card,99.25,4920.8,6583.37,3,43,4995,0,No,,,Normal
3807-BPOMJ,Female,59,No,Yes,No,Dobbins,California,55,49-72,One Year,Fiber Optic,Bank Withdrawal,94.75,5276.1,6647.25,4,63,6021,0,No,,,Normal
3892-NXAZG,Male,56,No,Yes,Yes,Downieville,California,72,49-72,Two Year,Fiber Optic,Credit Card,114.05,8289.2,8707.52,4,72,6254,0,No,,,High Risk
4182-BGSIQ,Female,46,No,Yes,Yes,Durham,California,10,0-12,Month-to-Month,,Bank Withdrawal,19.8,196.75,387.25,3,49,3196,0,No,,,Normal
0988-AADSA,Female,40,No,Yes,Yes,Forbestown,California,72,49-72,Two Year,Cable,Bank Withdrawal,80.85,5824.75,6534.59,4,56,6317,0,No,,,Normal
9972-NKTFD,Female,55,No,No,No,Forest Ranch,California,28,25-48,Month-to-Month,Cable,Bank Withdrawal,54.65,1517.5,2234.02,5,73,3185,0,No,,,Normal
3717-LNXKW,Male,36,No,Yes,No,Glenn,California,38,25-48,Month-to-Month,Fiber Optic,Bank Withdrawal,91.7,3479.05,3962.03,3,36,3676,0,No,,,Normal
5734-EJKXG,Female,25,No,No,No,Goodyears Bar,California,61,49-72,One Year,Fiber Optic,Bank Withdrawal,118.6,7365.7,9731.28,3,76,5536,0,No,,,High Risk
2207-RYYRL,Male,34,No,Yes,Yes,Grass Valley,California,52,49-72,Two Year,,Credit Card,24.55,1331.05,2867.65,3,28,5535,0,No,,,Normal
6729-FZWSY,Male,45,No,No,No,Penn Valley,California,67,49-72,One Year,,Credit Card,19.45,1195.95,1802.3,4,57,5343,0,No,,,Normal
9695-IDRZR,Female,26,No,No,Yes,Greenville,California,34,25-48,Two Year,Fiber Optic,Credit Card,116.15,3946.9,4880.88,4,46,5104,0,No,,,Normal
8144-DGHXP,Female,46,No,No,No,Gridley,California,54,49-72,Two Year,DSL,Bank Withdrawal,80.6,4299.95,6420.67,4,53,4231,0,No,,,Normal
8631-WUXGY,Female,26,No,No,Yes,Magalia,California,46,25-48,Month-to-Month,Fiber Optic,Bank Withdrawal,99.8,4391.25,5196.71,5,46,2405,0,No,,,Normal
5906-DVAPM,Female,27,No,Yes,Yes,Meridian,California,55,49-72,One Year,DSL,Credit Card,75.0,4213.9,6056.4,3,65,5011,0,No,,,Normal
5641-DMBFJ,Female,29,No,Yes,No,Oregon House,California,58,49-72,Two Year,DSL,Bank Withdrawal,84.3,4916.4,6730.06,4,69,5724,0,No,,,Normal
9200-NLNPD,Male,20,No,Yes,No,Orland,California,56,49-72,One Year,DSL,Bank Withdrawal,54.05,2959.8,2999.8,4,27,6445,0,No,,,Normal
2664-XJZNO,Male,43,No,Yes,Yes,Oroville,California,72,49-72,Two Year,Fiber Optic,Credit Card,104.9,7559.55,8059.95,4,35,5169,0,No,,,Normal
0921-OHLVP,Male,35,No,No,No,Paradise,California,22,13-24,Month-to-Month,Fiber Optic,Bank Withdrawal,83.05,1799.3,2051.42,4,59,5357,0,No,,,Normal
8350-NYMVI,Female,35,No,No,No,Chico,California,39,25-48,Month-to-Month,DSL,Bank Withdrawal,41.1,1597.05,1597.05,3,42,3618,0,No,,,Normal
1600-DILPE,Female,47,No,No,No,Richvale,California,12,0-12,Month-to-Month,DSL,Bank Withdrawal,45.0,524.35,957.67,3,35,4998,0,No,,,Normal
0536-ESJEP,Male,48,No,Yes,No,Rough And Ready,California,54,49-72,Two Year,DSL,Bank Withdrawal,74.55,4191.45,4957.17,4,59,4544,0,No,,,Normal
4654-GGUII,Female,28,No,No,No,Smartville,California,18,13-24,One Year,DSL,Credit Card,40.2,711.95,801.95,4,48,4624,0,No,,,Normal
6478-HRRCZ,Male,47,No,Yes,No,Stirling City,California,32,25-48,One Year,DSL,Credit Card,70.5,2201.75,3624.15,4,61,5870,0,No,,,Normal
8510-BBWMU,Female,40,No,No,No,Stonyford,California,41,25-48,One Year,,Credit Card,19.75,806.95,2342.8100000000004,3,39,5678,0,No,,,Normal
6857-TKDJV,Male,60,No,Yes,Yes,Strawberry Valley,California,67,49-72,Two Year,,Bank Withdrawal,24.65,1620.45,2585.92,5,62,4444,0,No,,,Normal
2360-RDGRO,Male,48,No,Yes,No,Sutter,California,65,49-72,Month-to-Month,Fiber Optic,Bank Withdrawal,104.25,6812.95,9490.95,3,70,5089,0,No,,,Normal
0584-BJQGZ,Female,19,No,No,No,Taylorsville,California,25,25-48,Month-to-Month,Cable,Bank Withdrawal,78.35,1837.9,2539.15,4,63,4855,0,No,,,Normal
1360-XFJMR,Female,50,No,Yes,No,Washington,California,67,49-72,One Year,Fiber Optic,Credit Card,109.7,7344.45,8531.69,4,24,4017,0,No,,,Normal
9058-MJLZC,Female,37,No,No,No,Yuba City,California,24,13-24,Month-to-Month,Fiber Optic,Bank Withdrawal,94.6,2283.15,3136.59,3,42,3667,0,No,,,Normal
0902-XKXPN,Male,29,No,Yes,Yes,Redding,California,69,49-72,Two Year,,Bank Withdrawal,20.2,1376.5,3001.45,3,78,5463,0,No,,,High Risk
5177-RVZNU,Female,28,No,No,Yes,Redding,California,37,25-48,One Year,,Bank Withdrawal,20.3,755.4,1133.91,3,43,4186,0,No,,,Normal
0056-EPFBG,Male,33,No,Yes,Yes,Redding,California,20,13-24,Two Year,Cable,Credit Card,39.4,825.4,825.4,3,29,3899,0,No,,,Normal
8993-IZEUX,Male,54,No,No,No,Adin,California,7,0-12,Month-to-Month,Fiber Optic,Bank Withdrawal,69.15,488.65,636.49,3,20,4320,0,No,,,Normal
8190-ZTQFB,Male,50,No,No,No,Bieber,California,41,25-48,One Year,Cable,Bank Withdrawal,51.35,2075.1,2155.1,5,59,5622,0,No,,,Normal
0931-MHTEM,Female,36,No,No,No,Big Bar,California,54,49-72,One Year,Fiber Optic,Credit Card,100.05,5299.65,7150.23,4,69,4478,0,No,,,Normal
0440-UEDAI,Female,59,No,No,No,Callahan,California,53,49-72,One Year,Fiber Optic,Credit Card,94.45,5042.75,6838.39,4,64,5452,0,No,,,Normal
1337-BOZWO,Male,25,No,Yes,Yes,Canby,California,18,13-24,One Year,DSL,Credit Card,46.4,812.4,812.4,5,35,4003,0,No,,,Normal
0868-VJRDR,Male,61,No,Yes,No,Cassel,California,64,49-72,Two Year,Fiber Optic,Credit Card,104.05,6605.55,6910.1900000000005,4,36,4337,0,No,,,Normal
6344-SFJVH,Female,41,No,No,No,Shasta Lake,California,20,13-24,Month-to-Month,DSL,Credit Card,24.9,505.95,505.95,5,20,5942,0,No,,,Normal
3950-VPYJB,Male,37,No,Yes,Yes,Chester,California,57,49-72,One Year,DSL,Credit Card,59.6,3509.4,4408.75,3,28,4778,0,No,,,Normal
7321-ZNSLA,Male,58,No,Yes,Yes,Cottonwood,California,13,13-24,Two Year,DSL,Credit Card,40.55,590.35,590.35,3,27,2898,0,No,,,Normal
8727-JQFHV,Male,60,No,Yes,Yes,Dunsmuir,California,57,49-72,Two Year,,Credit Card,20.75,1123.15,2812.63,3,68,4937,0,No,,,Normal
9475-NNDGC,Male,50,No,Yes,No,Etna,California,71,49-72,One Year,Fiber Optic,Bank Withdrawal,113.15,7953.25,9881.61,3,75,4068,0,No,,,Normal
1355-KUSBG,Female,56,No,Yes,Yes,Fall River Mills,California,7,0-12,Month-to-Month,DSL,Bank Withdrawal,48.8,349.8,413.5,4,51,4785,0,No,,,Normal
3688-FTHLT,Female,56,No,No,No,Flournoy,California,16,13-24,Month-to-Month,DSL,Bank Withdrawal,63.05,1067.05,1760.73,3,73,3214,0,No,,,Normal
0899-LIIBW,Male,21,No,Yes,No,Forks Of Salmon,California,34,25-48,Month-to-Month,Fiber Optic,Bank Withdrawal,100.85,3527.3,4668.0,5,76,5891,0,No,,,High Risk
1384-RCUXW,Male,58,No,No,No,French Gulch,California,16,13-24,Month-to-Month,Fiber Optic,Credit Card,80.55,1248.9,1795.7800000000002,4,24,5183,0,No,,,Normal
5825-XJOCM,Male,39,No,No,Yes,Gazelle,California,48,25-48,One Year,Cable,Bank Withdrawal,64.4,3035.35,4294.87,4,45,2545,0,No,,,Normal
6848-YLDFR,Male,54,No,Yes,Yes,Gerber,California,58,49-72,One Year,DSL,Credit Card,75.2,4300.8,6351.1,4,46,4559,0,No,,,Normal
8125-QPFJD,Female,36,No,Yes,No,Greenview,California,72,49-72,Two Year,DSL,Bank Withdrawal,84.9,6065.3,6161.78,4,65,4447,0,No,,,Normal
2320-YKQBO,Female,51,No,No,No,Grenada,California,7,0-12,Month-to-Month,,Credit Card,19.3,144.95,196.19,5,57,4764,0,No,,,Normal
4973-RLZVI,Female,52,No,No,No,Hornbrook,California,30,25-48,One Year,DSL,Credit Card,74.65,2308.6,2485.2,3,59,5616,0,No,,,Normal
7869-ZYDST,Male,33,No,Yes,No,Hyampom,California,31,25-48,Month-to-Month,Cable,Credit Card,59.05,1882.8,2773.12,5,59,5841,0,No,,,Normal
1215-EXRMO,Male,32,No,Yes,No,Junction City,California,50,49-72,Two Year,,Credit Card,20.55,1067.65,3413.15,3,78,4745,0,No,,,Normal
2305-MRGLV,Male,31,No,Yes,No,Klamath River,California,28,25-48,Month-to-Month,Fiber Optic,Bank Withdrawal,76.55,2065.4,2678.88,3,71,2085,0,No,,,Normal
8404-VIOMB,Female,52,No,No,No,Lakehead,California,66,49-72,Two Year,DSL,Bank Withdrawal,62.5,4136.4,4136.4,4,57,4165,0,No,,,Normal
2359-KLTEK,Female,25,No,Yes,Yes,Lookout,California,41,25-48,Month-to-Month,Fiber Optic,Bank Withdrawal,94.9,3848.0,5618.79,3,53,3539,0,No,,,Normal
2673-ZALNP,Female,29,No,No,No,Mcarthur,California,7,0-12,One Year,,Credit Card,19.9,173.15,286.55,3,46,2750,0,No,,,Normal
9184-GALIL,Female,26,No,Yes,Yes,Mccloud,California,38,25-48,Month-to-Month,,Credit Card,20.45,781.25,889.93,4,43,5587,0,No,,,Normal
4393-RYCRE,Male,25,No,No,No,Macdoel,California,44,25-48,One Year,Fiber Optic,Bank Withdrawal,106.05,4510.8,6197.32,3,60,4588,0,No,,,Normal
9746-MDMBK,Male,58,No,Yes,Yes,Manton,California,47,25-48,One Year,Fiber Optic,Bank Withdrawal,113.45,5317.8,5749.7300000000005,3,35,3729,0,No,,,Normal
3162-ZJZFU,Male,25,No,Yes,Yes,Mill Creek,California,53,49-72,Month-to-Month,Fiber Optic,Bank Withdrawal,92.55,4779.45,6068.94,3,27,4700,0,No,,,Normal
8404-GFGCZ,Male,49,No,Yes,No,Millville,California,4,0-12,Month-to-Month,DSL,Bank Withdrawal,65.6,250.1,290.62,4,44,4552,0,No,,,Normal
3521-MNKLV,Male,25,No,No,No,Nubieber,California,24,13-24,Month-to-Month,DSL,Credit Card,49.7,1167.8,2096.12,5,48,5832,0,No,,,Normal
2533-TIBIX,Male,59,No,Yes,Yes,Oak Run,California,15,13-24,Month-to-Month,Cable,Bank Withdrawal,30.2,469.65,469.65,4,78,5825,0,No,,,High Risk
5092-STPKP,Female,45,No,No,No,Platina,California,24,13-24,Month-to-Month,DSL,Credit Card,56.35,1381.2,2105.52,4,42,5128,0,No,,,Normal
0114-PEGZZ,Female,39,No,No,No,Round Mountain,California,33,25-48,Month-to-Month,Fiber Optic,Bank Withdrawal,107.55,3645.5,5285.27,3,33,4800,0,No,,,Normal
3359-DSRKA,Female,48,No,Yes,Yes,Scott Bar,California,58,49-72,Two Year,,Credit Card,19.85,1158.85,1843.83,4,46,6440,0,No,,,Normal
8639-NHQEI,Female,26,No,Yes,Yes,Seiad Valley,California,72,49-72,Two Year,Fiber Optic,Bank Withdrawal,95.9,6954.15,7807.349999999999,3,30,4213,0,No,,,Normal
7161-DFHUF,Female,55,No,Yes,No,Shasta,California,71,49-72,Two Year,,Credit Card,23.85,1672.1,3176.59,5,77,6166,0,No,,,High Risk
3720-DBRWL,Male,20,No,Yes,No,Tehama,California,51,49-72,Two Year,Cable,Credit Card,83.85,4307.1,4658.490000000001,3,53,5703,0,No,,,Normal
4994-OBRSZ,Male,24,No,No,Yes,Weed,California,14,13-24,Two Year,Cable,Bank Withdrawal,76.1,1054.8,1569.02,3,33,2045,0,No,,,Normal
0562-FGDCR,Female,61,No,Yes,Yes,Whitmore,California,72,49-72,Two Year,DSL,Credit Card,74.55,5430.65,7003.129999999999,3,25,4703,0,No,,,Normal
2436-QBZFP,Female,53,No,Yes,Yes,Yreka,California,22,13-24,Month-to-Month,DSL,Bank Withdrawal,39.2,849.9,899.9,4,25,3288,0,No,,,Normal
6040-CGACY,Female,48,No,No,No,Blairsden Graeagle,California,15,13-24,Month-to-Month,,Credit Card,19.6,299.4,897.4499999999999,5,35,3195,0,No,,,Normal
6582-PLFUU,Male,40,No,Yes,Yes,Cedarville,California,51,49-72,Two Year,,Credit Card,19.55,1086.75,2563.71,4,40,5974,0,No,,,Normal
8242-PDSGJ,Male,47,No,Yes,No,Chilcoot,California,70,49-72,Two Year,DSL,Credit Card,39.15,2692.75,2692.75,3,60,5840,0,No,,,Normal
0264-CNITK,Female,45,No,Yes,Yes,Clio,California,71,49-72,Two Year,,Bank Withdrawal,20.1,1389.6,3592.73,3,23,5043,0,No,,,Normal
0089-IIQKO,Female,35,No,Yes,Yes,Coleville,California,39,25-48,Month-to-Month,Fiber Optic,Credit Card,99.95,3767.4,4718.22,3,43,4447,0,No,,,Normal
7839-NUIAA,Female,27,No,Yes,Yes,Davis Creek,California,61,49-72,Month-to-Month,DSL,Bank Withdrawal,59.8,3641.5,5370.2,3,53,5381,0,No,,,Normal
6075-QMNRR,Female,33,No,No,No,Doyle,California,52,49-72,Month-to-Month,DSL,Bank Withdrawal,49.75,2535.55,4559.91,3,26,6334,0,No,,,Normal
5966-EMAZU,Male,27,No,Yes,No,Fort Bidwell,California,64,49-72,One Year,Fiber Optic,Credit Card,108.5,6880.85,7137.490000000001,3,22,4576,0,No,,,Normal
0440-EKDCF,Male,47,No,Yes,No,Herlong,California,62,49-72,Two Year,Cable,Credit Card,60.15,3753.2,5842.6,5,80,4404,0,No,,,Normal
4774-HHGGS,Male,64,No,Yes,No,Janesville,California,30,25-48,Two Year,,Credit Card,19.05,637.55,978.95,4,28,2347,0,No,,,Normal
4298-OYIFC,Male,59,No,Yes,No,Loyalton,California,15,13-24,Month-to-Month,Fiber Optic,Bank Withdrawal,103.45,1539.8,1958.8,5,53,5640,0,No,,,Normal
5566-SOEZD,Male,47,No,Yes,Yes,Madeline,California,27,25-48,One Year,Fiber Optic,Credit Card,80.65,2209.75,2633.92,3,31,5856,0,No,,,Normal
9842-EFSYY,Female,31,No,No,Yes,Markleeville,California,4,0-12,Month-to-Month,Cable,Credit Card,57.2,223.75,223.75,3,26,2421,0,No,,,Normal
2272-WUSPA,Female,48,No,Yes,No,Milford,California,72,49-72,Two Year,Fiber Optic,Bank Withdrawal,110.75,7751.7,10612.98,4,34,4848,0,No,,,Normal
0930-EHUZA,Female,33,No,No,No,Calpine,California,36,25-48,One Year,Cable,Credit Card,76.35,2606.35,4221.67,5,38,4771,0,No,,,Normal
4973-MGTON,Female,33,No,Yes,No,Topaz,California,71,49-72,Two Year,DSL,Credit Card,84.4,5969.3,6188.6900000000005,5,21,5619,0,No,,,Normal
3682-YEUWS,Male,27,No,Yes,Yes,Tulelake,California,10,0-12,Month-to-Month,,Credit Card,24.4,253.9,295.5,5,54,4458,0,No,,,Normal
1223-UNPKS,Male,55,No,Yes,Yes,Wendel,California,20,13-24,Two Year,,Credit Card,20.05,400.0,477.4,4,24,4328,0,No,,,Normal
3446-QDSZF,Female,57,No,No,No,Homewood,California,4,0-12,Month-to-Month,DSL,Credit Card,55.5,227.35,383.19,4,66,2328,0,No,,,Normal
1627-AFWVJ,Female,30,No,No,No,Tahoe Vista,California,29,25-48,Two Year,,Credit Card,19.4,554.25,990.99,3,35,2265,0,No,,,Normal
4486-EFAEB,Male,56,No,No,No,Los Angeles,California,13,13-24,Month-to-Month,,Bank Withdrawal,20.4,251.65,861.61,5,54,2486,0,No,,,Normal
0060-FUALY,Female,60,No,Yes,No,Los Angeles,California,59,49-72,Month-to-Month,Fiber Optic,Bank Withdrawal,94.75,5597.65,6564.66,3,26,5238,0,No,,,Normal
6954-OOYZZ,Male,41,No,Yes,No,Los Angeles,California,18,13-24,Month-to-Month,DSL,Bank Withdrawal,44.35,768.05,1594.61,3,44,2935,0,No,,,Normal
7088-FBAWU,Female,22,No,Yes,Yes,Los Angeles,California,17,13-24,Month-to-Month,DSL,Credit Card,74.55,1215.8,1979.1,3,22,4451,0,No,,,Normal
8313-AFGBW,Male,55,No,Yes,No,Los Angeles,California,47,25-48,Two Year,DSL,Bank Withdrawal,73.6,3522.65,4187.2300000000005,4,51,4795,0,No,,,Normal
3097-IDVPU,Male,51,No,Yes,Yes,Los Angeles,California,19,13-24,Month-to-Month,DSL,Credit Card,50.1,910.45,1210.38,5,76,5749,0,No,,,High Risk
9795-VOWON,Male,23,No,No,No,Los Angeles,California,7,0-12,One Year,Cable,Credit Card,24.35,150.85,150.85,4,26,4665,0,No,,,Normal
1237-WIYYZ,Female,49,No,No,No,Los Angeles,California,18,13-24,Month-to-Month,,Credit Card,19.55,389.25,581.31,4,28,2386,0,No,,,Normal
1987-AUELQ,Female,46,No,Yes,No,Los Angeles,California,71,49-72,Two Year,,Credit Card,25.05,1873.7,5057.34,5,52,6334,0,No,,,Normal
4822-LPTYJ,Male,38,No,Yes,No,Los Angeles,California,72,49-72,Two Year,Fiber Optic,Bank Withdrawal,103.75,7346.2,8664.2,4,45,4655,0,No,,,Normal
8165-CBKXO,Male,35,No,Yes,Yes,Los Angeles,California,66,49-72,Two Year,Cable,Credit Card,56.75,3708.4,3708.4,3,46,5748,0,No,,,Normal
6527-PZFPV,Male,19,No,Yes,Yes,Los Angeles,California,24,13-24,One Year,,Credit Card,20.8,469.65,1089.81,5,48,4654,0,No,,,Normal
9593-CVZKR,Female,20,No,Yes,Yes,Los Angeles,California,56,49-72,Two Year,,Credit Card,24.45,1385.85,3151.53,3,52,5577,0,No,,,Normal
5236-XMZJY,Female,27,No,No,No,Los Angeles,California,42,25-48,Month-to-Month,Cable,Bank Withdrawal,59.65,2536.55,3463.91,3,80,3048,0,No,,,Normal
4827-DPADN,Female,28,No,Yes,Yes,Los Angeles,California,72,49-72,Two Year,Cable,Bank Withdrawal,83.3,6042.7,7885.26,3,61,4505,0,No,,,Normal
2694-CIUMO,Female,47,No,No,No,Los Angeles,California,12,0-12,Month-to-Month,Fiber Optic,Credit Card,79.55,958.25,1221.41,3,62,3445,0,No,,,Normal
5846-ABOBJ,Male,24,No,Yes,No,Los Angeles,California,71,49-72,Two Year,,Bank Withdrawal,24.45,1730.65,4116.96,3,72,4766,0,No,,,Normal
1439-LCGVL,Female,42,No,Yes,No,Los Angeles,California,26,25-48,One Year,,Credit Card,19.2,459.6,505.1,3,39,3656,0,No,,,Normal
0909-SDHNU,Female,33,No,No,Yes,Los Angeles,California,7,0-12,Month-to-Month,Cable,Credit Card,29.8,201.95,201.95,3,56,4236,0,No,,,Normal
4647-XXZAM,Female,41,No,Yes,Yes,Los Angeles,California,6,0-12,Month-to-Month,DSL,Credit Card,45.5,285.2,461.66,4,51,5450,0,No,,,Normal
7740-KKCXF,Male,61,No,Yes,No,Los Angeles,California,51,49-72,Month-to-Month,DSL,Credit Card,30.05,1529.45,1529.45,4,21,5045,0,No,,,Normal
5360-XGYAZ,Male,32,No,Yes,Yes,Los Angeles,California,72,49-72,Two Year,DSL,Bank Withdrawal,65.65,4664.5,4724.5,3,47,4934,0,No,,,Normal
3557-HTYWR,Female,56,No,No,No,Los Angeles,California,47,25-48,Two Year,DSL,Credit Card,74.05,3496.3,5642.790000000001,4,75,2831,0,No,,,Normal
1699-TLDLZ,Female,44,No,Yes,Yes,Los Angeles,California,16,13-24,Two Year,,Credit Card,19.7,301.55,415.79,3,43,5293,0,No,,,Normal
5600-PDUJF,Male,60,No,No,No,Los Angeles,California,6,0-12,Month-to-Month,DSL,Credit Card,49.5,312.7,473.26,5,75,5552,0,No,,,High Risk
0567-XRHCU,Female,19,No,Yes,Yes,Los Angeles,California,69,49-72,Two Year,DSL,Credit Card,43.95,2960.1,2960.1,3,73,4479,0,No,,,Normal
2067-QYTCF,Female,41,No,Yes,No,Los Angeles,California,64,49-72,Month-to-Month,Fiber Optic,Bank Withdrawal,111.15,6953.4,7503.799999999999,4,55,5455,0,No,,,Normal
7407-SUJIZ,Male,33,No,No,No,Los Angeles,California,25,25-48,Month-to-Month,,Credit Card,20.6,541.5,875.5,3,50,2305,0,No,,,Normal
9150-KPBJQ,Female,43,No,No,No,Los Angeles,California,6,0-12,Two Year,,Credit Card,19.65,116.85,291.39,5,27,3945,0,No,,,Normal
0052-DCKON,Male,28,No,Yes,No,Los Angeles,California,66,49-72,One Year,Fiber Optic,Bank Withdrawal,115.8,7942.15,10830.97,3,42,5845,0,No,,,Normal
3654-ARMGP,Female,60,No,No,No,Los Angeles,California,61,49-72,Two Year,DSL,Credit Card,88.65,5321.25,6515.63,4,79,4730,0,No,,,Normal
9367-TCUYN,Female,25,No,No,No,Los Angeles,California,12,0-12,Month-to-Month,,Credit Card,20.1,223.6,329.44,4,32,5179,0,No,,,Normal
0708-SJDIS,Female,32,No,No,No,West Hollywood,California,34,25-48,Month-to-Month,Cable,Credit Card,65.0,2157.5,3697.02,5,55,5567,0,No,,,Normal
2073-QBVBI,Female,59,No,Yes,No,Los Angeles,California,41,25-48,One Year,Cable,Credit Card,35.45,1391.65,1391.65,4,80,2954,0,No,,,Normal
6928-ONTRW,Female,53,No,Yes,Yes,Bell,California,72,49-72,Two Year,,Credit Card,19.7,1379.8,4838.68,3,33,5451,0,No,,,Normal
5231-FIQPA,Female,53,No,No,No,Beverly Hills,California,41,25-48,Two Year,,Credit Card,19.85,810.45,905.57,5,40,3523,0,No,,,Normal
6617-WLBQC,Female,51,No,Yes,Yes,Beverly Hills,California,23,13-24,One Year,Fiber Optic,Credit Card,81.85,1810.85,1941.95,4,80,5939,0,No,,,High Risk
2599-CIPQE,Male,36,No,Yes,Yes,Compton,California,71,49-72,Two Year,Fiber Optic,Credit Card,109.3,7782.85,9874.22,3,61,5737,0,No,,,Normal
8774-GSBUN,Male,40,No,Yes,No,Compton,California,72,49-72,Two Year,,Credit Card,25.4,1797.1,2095.9,5,46,6011,0,No,,,Normal
7326-RIGQZ,Male,48,No,Yes,Yes,Culver City,California,6,0-12,Month-to-Month,Fiber Optic,Bank Withdrawal,69.8,377.85,608.85,4,62,2651,0,No,,,Normal
1401-FTHFQ,Male,64,No,Yes,Yes,Culver City,California,23,13-24,One Year,,Credit Card,20.0,445.3,1002.36,5,62,2170,0,No,,,Normal
0254-FNMCI,Female,19,No,No,No,Downey,California,72,49-72,Two Year,Fiber Optic,Bank Withdrawal,109.9,7624.2,10641.72,4,37,5234,0,No,,,Normal
1848-LBZHY,Female,19,No,Yes,No,Downey,California,7,0-12,Month-to-Month,DSL,Bank Withdrawal,50.3,355.1,587.78,3,42,2547,0,No,,,Normal
8118-TJAFG,Male,33,No,Yes,Yes,Gardena,California,9,0-12,Month-to-Month,Fiber Optic,Bank Withdrawal,101.5,906.85,1239.31,3,60,2757,0,No,,,Normal
5429-LWCMV,Female,52,No,No,No,Gardena,California,12,0-12,Month-to-Month,Fiber Optic,Bank Withdrawal,89.15,1057.55,1544.31,5,80,4041,0,No,,,Normal
3955-JBZZM,Male,45,No,No,No,Hermosa Beach,California,20,13-24,Month-to-Month,Fiber Optic,Bank Withdrawal,78.8,1641.3,2549.1,3,80,2317,0,No,,,Normal
4815-TUMEQ,Female,25,No,No,No,Lynwood,California,10,0-12,One Year,,Credit Card,19.3,185.2,639.4000000000001,4,38,4190,0,No,,,Normal
9909-IDLEK,Male,32,No,Yes,Yes,Malibu,California,20,13-24,Month-to-Month,Fiber Optic,Credit Card,96.8,1826.7,2667.9,4,26,3222,0,No,,,Normal
4092-OFQZS,Male,27,No,Yes,No,Manhattan Beach,California,20,13-24,One Year,,Credit Card,20.65,417.5,1346.9,3,40,4147,0,No,,,Normal
1561-BWHIN,Male,33,No,Yes,Yes,Maywood,California,19,13-24,One Year,,Credit Card,19.8,344.5,593.97,5,27,4464,0,No,,,Normal
9927-DSWDF,Male,53,No,Yes,No,Palos Verdes Peninsula,California,22,13-24,Month-to-Month,Fiber Optic,Bank Withdrawal,104.6,2180.55,3273.07,3,68,2429,0,No,,,Normal
9500-LTVBP,Female,63,No,No,No,Rancho Palos Verdes,California,35,25-48,Month-to-Month,Fiber Optic,Credit Card,80.05,2835.9,3295.8,5,31,3999,0,No,,,Normal
8149-AIQCG,Male,43,No,No,No,Redondo Beach,California,39,25-48,Month-to-Month,Fiber Optic,Credit Card,73.15,2730.85,3069.76,5,62,3271,0,No,,,Normal
0899-WZRSD,Male,31,No,No,No,Marina Del Rey,California,56,49-72,Month-to-Month,Fiber Optic,Credit Card,105.35,5794.45,7921.889999999999,3,31,5680,0,No,,,Normal
3255-GRXMG,Male,58,No,No,Yes,Playa Del Rey,California,18,13-24,Month-to-Month,DSL,Credit Card,45.65,747.2,1400.46,5,75,4403,0,No,,,Normal
4828-FAZPK,Female,30,No,Yes,Yes,Inglewood,California,16,13-24,Month-to-Month,Fiber Optic,Credit Card,79.95,1267.95,2065.55,4,65,3855,0,No,,,Normal
6094-ZIVKX,Female,45,No,No,No,Inglewood,California,68,49-72,One Year,Cable,Credit Card,54.45,3674.95,4858.83,4,45,6309,0,No,,,Normal
3262-EIDHV,Female,46,No,Yes,Yes,Inglewood,California,72,49-72,Two Year,DSL,Credit Card,84.7,5893.9,7686.7,4,49,6375,0,No,,,Normal
7354-OIJLX,Male,52,No,No,No,Inglewood,California,9,0-12,Month-to-Month,Fiber Optic,Bank Withdrawal,75.85,724.65,790.53,5,70,5212,0,No,,,Normal
1376-HHBDV,Female,37,No,No,No,Santa Monica,California,30,25-48,Month-to-Month,DSL,Credit Card,48.8,1536.75,1858.95,3,71,4864,0,No,,,Normal
6133-OZILE,Female,45,No,No,No,Santa Monica,California,18,13-24,Month-to-Month,DSL,Bank Withdrawal,35.2,607.3,657.3,3,32,5381,0,No,,,Normal
7191-ADRGF,Male,63,No,Yes,No,Torrance,California,44,25-48,Two Year,Cable,Bank Withdrawal,54.3,2390.45,2390.45,3,64,3222,0,No,,,Normal
5018-LXQQG,Female,47,No,Yes,Yes,Torrance,California,30,25-48,Month-to-Month,DSL,Bank Withdrawal,66.3,1923.5,2417.9,3,80,4631,0,No,,,Normal
6892-BOGQE,Female,44,No,Yes,No,Whittier,California,71,49-72,Two Year,,Bank Withdrawal,20.9,1493.2,2551.81,4,53,4030,0,No,,,Normal
8050-WYBND,Female,55,No,No,Yes,Whittier,California,22,13-24,One Year,DSL,Credit Card,49.45,1031.4,1031.4,3,28,5941,0,No,,,Normal
2821-WARNZ,Female,25,No,No,Yes,Buena Park,California,49,49-72,One Year,,Credit Card,19.45,921.3,3157.66,5,34,4170,0,No,,,Normal
4879-GZLFH,Female,33,No,Yes,Yes,Buena Park,California,42,25-48,Month-to-Month,Fiber Optic,Bank Withdrawal,92.15,3875.4,4620.9,5,33,5697,0,No,,,Normal
8314-HTWVE,Female,38,No,Yes,Yes,Cypress,California,7,0-12,Two Year,,Credit Card,19.85,144.15,390.97,3,60,3973,0,No,,,Normal
9402-ROUMJ,Female,52,No,Yes,Yes,La Habra,California,67,49-72,One Year,Fiber Optic,Bank Withdrawal,100.25,6689.0,6892.68,3,64,5588,0,No,,,Normal
2507-QZPQS,Male,24,No,No,No,La Mirada,California,15,13-24,Month-to-Month,Fiber Optic,Bank Withdrawal,95.7,1451.1,1600.65,5,23,4999,0,No,,,Normal
7159-NOKYQ,Male,42,No,Yes,No,Montebello,California,67,49-72,Two Year,Fiber Optic,Bank Withdrawal,93.15,6368.2,7624.0,4,59,4001,0,No,,,Normal
5707-ZMDJP,Male,61,No,Yes,Yes,Norwalk,California,53,49-72,Two Year,DSL,Credit Card,69.7,3729.6,5409.17,4,27,4590,0,No,,,Normal
8779-YIQQA,Male,38,No,Yes,Yes,Pico Rivera,California,21,13-24,One Year,,Credit Card,19.8,350.1,728.1,3,47,3243,0,No,,,Normal
7136-IHZJA,Female,30,No,Yes,Yes,Santa Fe Springs,California,40,25-48,Month-to-Month,DSL,Credit Card,71.35,2847.2,4012.8,4,43,5807,0,No,,,Normal
8966-OIQHG,Female,49,No,Yes,Yes,Stanton,California,22,13-24,One Year,,Bank Withdrawal,20.75,452.35,1450.0500000000002,4,59,2258,0,No,,,Normal
7074-STDCN,Male,25,No,No,No,Artesia,California,39,25-48,Month-to-Month,Cable,Bank Withdrawal,40.6,1494.5,1494.5,5,58,4436,0,No,,,Normal
1399-OUPJN,Female,43,No,Yes,Yes,Bellflower,California,57,49-72,Two Year,,Bank Withdrawal,19.75,1272.05,1970.87,5,80,4235,0,No,,,Normal
0277-BKSQP,Male,49,No,Yes,Yes,Harbor City,California,8,0-12,Month-to-Month,DSL,Bank Withdrawal,54.4,475.1,487.58,4,62,4854,0,No,,,Normal
5774-XZTQC,Female,30,No,Yes,Yes,Lakewood,California,7,0-12,Month-to-Month,,Credit Card,20.45,150.75,191.63,4,75,4484,0,No,,,Normal
2676-SSLTO,Male,49,No,No,No,Hawaiian Gardens,California,49,49-72,Two Year,DSL,Bank Withdrawal,66.15,3199.0,4069.73,3,33,6138,0,No,,,Normal
6266-QHOJZ,Female,47,No,No,No,Lomita,California,65,49-72,One Year,Fiber Optic,Bank Withdrawal,89.85,5844.65,8336.099999999999,3,77,6421,0,No,,,High Risk
7269-JISCY,Female,48,No,No,No,Los Alamitos,California,55,49-72,One Year,DSL,Bank Withdrawal,45.05,2462.6,4310.6,3,39,4055,0,No,,,Normal
0363-SVHYR,Male,28,No,Yes,Yes,Paramount,California,71,49-72,Two Year,DSL,Bank Withdrawal,86.85,6263.8,6981.610000000001,4,60,6452,0,No,,,Normal
8547-NSBBO,Male,62,No,No,No,San Pedro,California,35,25-48,Month-to-Month,Fiber Optic,Credit Card,96.75,3403.4,4928.85,3,37,5154,0,No,,,Normal
6591-QGOYB,Male,29,No,No,No,Surfside,California,17,13-24,Month-to-Month,Fiber Optic,Bank Withdrawal,106.65,1672.1,2331.36,3,25,2754,0,No,,,Normal
9070-BCKQP,Female,20,No,Yes,No,Wilmington,California,72,49-72,Two Year,Fiber Optic,Credit Card,110.15,7881.2,9587.6,3,21,4498,0,No,,,Normal
6421-SZVEM,Female,30,No,Yes,Yes,Carson,California,28,25-48,One Year,Fiber Optic,Bank Withdrawal,82.85,2320.8,2772.44,3,75,5802,0,No,,,High Risk
1328-EUZHC,Female,59,No,Yes,No,Carson,California,18,13-24,Two Year,,Credit Card,20.1,370.5,830.22,4,30,4329,0,No,,,Normal
8878-RYUKI,Female,30,No,No,No,Long Beach,California,52,49-72,Month-to-Month,DSL,Bank Withdrawal,59.45,3043.7,3530.94,3,40,6107,0,No,,,Normal
9633-DENPU,Female,53,No,Yes,No,Long Beach,California,47,25-48,Month-to-Month,Cable,Bank Withdrawal,58.6,2723.4,2873.8,4,33,2613,0,No,,,Normal
7811-JIVPF,Female,44,No,No,No,Long Beach,California,23,13-24,Month-to-Month,Cable,Credit Card,49.7,1081.25,2203.23,5,47,4790,0,No,,,Normal
7113-HIPFI,Male,59,No,Yes,Yes,Long Beach,California,66,49-72,Two Year,Cable,Credit Card,65.85,4097.05,5873.110000000001,3,53,5500,0,No,,,Normal
8541-QVFKM,Female,22,No,No,No,Long Beach,California,8,0-12,Month-to-Month,Fiber Optic,Bank Withdrawal,73.5,632.2,770.6,3,61,5777,0,No,,,Normal
9258-CNWAC,Female,23,No,Yes,Yes,Long Beach,California,71,49-72,Two Year,Fiber Optic,Credit Card,113.65,8166.8,8473.52,4,27,6208,0,No,,,Normal
6374-AFWOX,Male,23,No,Yes,No,Long Beach,California,46,25-48,Two Year,Cable,Credit Card,65.65,3047.15,5195.81,4,79,2680,0,No,,,Normal
5317-FLPJF,Female,25,No,No,No,Altadena,California,66,49-72,Two Year,DSL,Bank Withdrawal,61.35,4193.4,4323.4,3,67,4824,0,No,,,Normal
7621-VPNET,Female,60,No,Yes,No,Arcadia,California,42,25-48,Month-to-Month,Fiber Optic,Credit Card,85.9,3729.75,4594.11,3,25,2219,0,No,,,Normal
6034-YMTOB,Female,62,No,No,No,Arcadia,California,5,0-12,Month-to-Month,Fiber Optic,Credit Card,75.65,399.45,548.2,5,40,2296,0,No,,,Normal
4903-CNOZC,Male,25,No,No,No,La Canada Flintridge,California,29,25-48,One Year,DSL,Credit Card,70.9,1964.6,2800.67,4,29,2064,0,No,,,Normal
4353-HYOJD,Female,37,No,Yes,Yes,Monrovia,California,27,25-48,Month-to-Month,DSL,Credit Card,49.85,1336.15,1857.79,3,75,5580,0,No,,,High Risk
7267-FRMJW,Female,25,No,Yes,Yes,Sierra Madre,California,25,25-48,Two Year,,Credit Card,20.1,486.05,600.3,3,46,5306,0,No,,,Normal
4188-FRABG,Male,36,No,Yes,No,Sunland,California,57,49-72,Month-to-Month,Fiber Optic,Bank Withdrawal,103.05,5925.75,7737.78,4,22,5586,0,No,,,Normal
0620-DLSLK,Female,47,No,No,No,Pasadena,California,13,13-24,Month-to-Month,Fiber Optic,Credit Card,81.9,1028.9,1473.24,3,71,2054,0,No,,,Normal
3850-OKINF,Male,42,No,Yes,Yes,Pasadena,California,71,49-72,One Year,DSL,Bank Withdrawal,66.2,4692.55,7321.68,3,62,4756,0,No,,,Normal
5549-ZGHFB,Male,33,No,Yes,Yes,Glendale,California,50,49-72,Two Year,,Credit Card,24.95,1261.45,2376.45,5,57,6019,0,No,,,Normal
0303-WMMRN,Male,32,No,No,No,Glendale,California,5,0-12,Month-to-Month,,Credit Card,19.25,86.05,191.1,3,27,3056,0,No,,,Normal
6408-OTUBZ,Female,44,No,No,No,Glendale,California,66,49-72,One Year,Fiber Optic,Bank Withdrawal,104.55,6779.05,7860.79,3,53,4494,0,No,,,Normal
5204-HMGYF,Female,32,No,Yes,Yes,La Crescenta,California,49,49-72,One Year,DSL,Credit Card,87.2,4345.0,5965.43,3,68,4567,0,No,,,Normal
3727-OVPRY,Male,32,No,Yes,Yes,Calabasas,California,66,49-72,One Year,,Credit Card,25.7,1714.55,4541.99,4,43,5517,0,No,,,Normal
3797-FKOGQ,Male,31,No,No,Yes,Canoga Park,California,11,0-12,Month-to-Month,Fiber Optic,Bank Withdrawal,86.2,893.2,987.44,5,41,3157,0,No,,,Normal
7622-NXQZR,Male,29,No,No,No,Canoga Park,California,28,25-48,Month-to-Month,DSL,Credit Card,30.1,810.85,810.85,4,31,2653,0,No,,,Normal
6196-HBOBZ,Male,31,No,Yes,No,Winnetka,California,65,49-72,Two Year,Fiber Optic,Bank Withdrawal,99.35,6347.55,8326.15,4,80,6300,0,No,,,High Risk
3970-XGJDU,Female,45,No,No,No,West Hills,California,62,49-72,Two Year,,Credit Card,19.2,1123.65,2613.51,4,64,4937,0,No,,,Normal
8807-OPMBM,Female,36,No,Yes,Yes,Newbury Park,California,55,49-72,Two Year,,Credit Card,25.65,1388.0,1467.2,5,42,4466,0,No,,,Normal
8294-UIMBA,Female,64,No,No,No,Northridge,California,30,25-48,One Year,Fiber Optic,Bank Withdrawal,94.4,2638.1,2718.2,5,68,4584,0,No,,,Normal
8109-YUOHE,Male,58,No,No,No,Porter Ranch,California,17,13-24,One Year,Cable,Credit Card,56.1,946.95,1566.94,3,56,5025,0,No,,,Normal
5840-NVDCG,Female,32,No,Yes,Yes,Pacoima,California,16,13-24,Two Year,Cable,Bank Withdrawal,68.25,1114.85,1436.77,3,43,3559,0,No,,,Normal
8092-NLTGF,Male,25,No,No,No,Reseda,California,72,49-72,Two Year,,Bank Withdrawal,24.75,1777.6,3886.48,5,35,5398,0,No,,,Normal
5928-QLDHB,Male,48,No,No,No,San Fernando,California,9,0-12,Month-to-Month,Fiber Optic,Bank Withdrawal,76.25,684.85,997.6,5,62,2062,0,No,,,Normal
0696-UKTOX,Male,64,No,No,Yes,North Hills,California,23,13-24,Month-to-Month,Cable,Bank Withdrawal,54.15,1312.45,1545.65,4,80,2496,0,No,,,Normal
4801-KFYKL,Male,28,No,No,Yes,Granada Hills,California,8,0-12,Month-to-Month,,Bank Withdrawal,19.45,159.2,174.79999999999998,5,20,4119,0,No,,,Normal
3472-OAOOR,Male,23,No,Yes,Yes,Mission Hills,California,19,13-24,Month-to-Month,Cable,Credit Card,34.95,610.2,610.2,3,79,3422,0,No,,,Normal
6135-OZQVA,Female,46,No,No,No,Santa Clarita,California,7,0-12,Month-to-Month,Cable,Bank Withdrawal,53.65,404.35,687.29,4,51,4389,0,No,,,Normal
2252-JHJGE,Male,24,No,No,No,Sun Valley,California,61,49-72,One Year,Fiber Optic,Bank Withdrawal,104.0,6363.45,9150.54,3,22,4344,0,No,,,Normal
4188-PCPIG,Female,32,No,Yes,No,Valencia,California,57,49-72,Two Year,Cable,Credit Card,70.35,4124.65,6860.65,3,32,5779,0,No,,,Normal
7105-BENQF,Male,31,No,No,Yes,Tarzana,California,15,13-24,One Year,DSL,Credit Card,64.85,950.75,1606.1,4,51,4442,0,No,,,Normal
3566-VVORZ,Female,39,No,Yes,No,Westlake Village,California,12,0-12,Month-to-Month,DSL,Bank Withdrawal,45.9,505.95,875.4300000000001,3,60,5790,0,No,,,Normal
9507-HSMMZ,Male,48,No,No,No,Thousand Oaks,California,54,49-72,Two Year,,Credit Card,20.0,1149.65,2623.8500000000004,3,41,6094,0,No,,,Normal
2480-SQIOB,Male,40,No,Yes,Yes,Woodland Hills,California,4,0-12,Month-to-Month,DSL,Bank Withdrawal,44.8,169.65,273.25,5,63,2114,0,No,,,Normal
7813-TKCVO,Female,23,No,Yes,No,Oak Park,California,20,13-24,One Year,,Credit Card,20.35,393.15,952.35,3,57,4390,0,No,,,Normal
0128-MKWSG,Female,51,No,No,Yes,Stevenson Ranch,California,26,25-48,Month-to-Month,DSL,Credit Card,45.8,1147.0,1147.0,4,45,3287,0,No,,,Normal
4350-ZTLPI,Female,36,No,Yes,No,Van Nuys,California,53,49-72,One Year,Fiber Optic,Bank Withdrawal,108.95,5718.2,6672.2,4,36,4163,0,No,,,Normal
0361-HJRDX,Female,38,No,No,No,Sherman Oaks,California,68,49-72,Two Year,DSL,Credit Card,64.35,4539.6,4669.6,3,40,4146,0,No,,,Normal
5727-MYATE,Male,64,No,Yes,Yes,Van Nuys,California,72,49-72,Two Year,DSL,Credit Card,90.8,6397.6,7882.96,4,46,5028,0,No,,,Normal
3823-KYNQY,Male,61,No,No,No,Van Nuys,California,12,0-12,One Year,,Credit Card,24.95,280.4,587.24,5,71,4443,0,No,,,Normal
7570-WELNY,Female,52,No,Yes,No,Sherman Oaks,California,68,49-72,Two Year,Fiber Optic,Bank Withdrawal,84.7,5711.05,6246.21,3,41,5520,0,No,,,Normal
3021-VLNRJ,Female,25,No,No,Yes,Encino,California,50,49-72,One Year,DSL,Credit Card,70.8,3478.15,5354.150000000001,4,34,4798,0,No,,,Normal
5982-PSMKW,Female,20,No,Yes,Yes,North Hollywood,California,23,13-24,Two Year,Cable,Credit Card,91.1,2198.3,2841.61,4,71,5991,0,No,,,High Risk
3507-GASNP,Male,49,No,No,Yes,North Hollywood,California,60,49-72,Two Year,,Credit Card,19.95,1189.9,2185.3,3,74,5316,0,No,,,High Risk
7096-ZNBZI,Female,21,No,Yes,No,Studio City,California,72,49-72,Two Year,,Credit Card,26.45,1914.5,3514.34,4,55,5534,0,No,,,Normal
1676-MQAOA,Male,32,No,No,No,North Hollywood,California,72,49-72,Two Year,Cable,Bank Withdrawal,75.1,5336.35,6418.51,3,55,6284,0,No,,,Normal
7566-DSRLQ,Female,54,No,Yes,No,Rancho Cucamonga,California,72,49-72,Two Year,Fiber Optic,Bank Withdrawal,110.15,7998.8,8994.0,4,70,5065,0,No,,,Normal
7245-JMTTQ,Female,19,No,No,No,Baldwin Park,California,51,49-72,One Year,Fiber Optic,Bank Withdrawal,111.5,5703.25,7936.54,4,47,4363,0,No,,,Normal
6050-IJRHS,Female,47,No,Yes,Yes,Chino Hills,California,70,49-72,One Year,Fiber Optic,Bank Withdrawal,106.5,7397.0,7812.1,5,41,6319,0,No,,,Normal
6202-JVYEU,Male,28,No,No,No,Chino,California,9,0-12,One Year,,Bank Withdrawal,19.9,164.6,200.78,4,31,3643,0,No,,,Normal
8591-TKMZH,Male,40,No,Yes,Yes,Claremont,California,59,49-72,Two Year,Fiber Optic,Credit Card,111.1,6555.2,9275.1,4,76,4952,0,No,,,Normal
0365-TRTPY,Female,52,No,No,No,Covina,California,37,25-48,Month-to-Month,Fiber Optic,Bank Withdrawal,91.2,3382.3,3816.31,3,44,5135,0,No,,,Normal
7349-ALMUX,Male,35,No,No,No,Rancho Cucamonga,California,37,25-48,Two Year,Cable,Bank Withdrawal,65.6,2313.8,3735.71,4,27,3183,0,No,,,Normal
6502-KUGLL,Female,29,No,Yes,Yes,El Monte,California,14,13-24,Month-to-Month,DSL,Bank Withdrawal,59.45,780.85,1377.81,3,26,5723,0,No,,,Normal
1841-YSJGV,Male,58,No,Yes,No,South El Monte,California,72,49-72,Two Year,Fiber Optic,Credit Card,109.95,7852.4,10788.56,4,59,6258,0,No,,,Normal
3511-BFTJW,Male,25,No,Yes,Yes,Glendora,California,72,49-72,Two Year,DSL,Credit Card,38.5,2763.0,2763.0,4,58,4710,0,No,,,Normal
5018-HEKFO,Female,51,No,No,No,Rowland Heights,California,10,0-12,Month-to-Month,,Credit Card,24.5,270.15,440.25,3,78,5594,0,No,,,High Risk
2923-ARZLG,Male,38,No,Yes,Yes,La Verne,California,10,0-12,One Year,,Credit Card,19.7,197.54,659.8399999999999,5,69,4890,0,No,,,Normal
2282-YGNOR,Female,42,No,No,No,Monterey Park,California,29,25-48,One Year,DSL,Credit Card,58.0,1734.5,2153.84,3,63,2810,0,No,,,Normal
6854-EXGSF,Female,37,No,No,No,Mt Baldy,California,8,0-12,Month-to-Month,DSL,Bank Withdrawal,65.5,573.15,642.99,3,38,3033,0,No,,,Normal
1241-EZFMJ,Male,48,No,Yes,No,Ontario,California,61,49-72,Two Year,,Bank Withdrawal,25.45,1538.6,2241.93,4,41,6015,0,No,,,Normal
5376-PCKNB,Male,35,No,Yes,Yes,Montclair,California,72,49-72,One Year,Fiber Optic,Credit Card,104.45,7459.0,8848.28,5,29,4750,0,No,,,Normal
8044-BGWPI,Male,50,No,Yes,Yes,Ontario,California,12,0-12,Month-to-Month,,Bank Withdrawal,21.15,306.05,712.8499999999999,4,40,5209,0,No,,,Normal
4060-LDNLU,Male,22,No,No,No,Diamond Bar,California,7,0-12,Month-to-Month,Fiber Optic,Bank Withdrawal,96.2,639.7,961.21,5,38,4329,0,No,,,Normal
3589-PPVKW,Male,19,No,No,No,Pomona,California,9,0-12,Month-to-Month,DSL,Credit Card,44.4,348.15,696.0,4,31,5457,0,No,,,Normal
5887-IKKYO,Male,54,No,Yes,Yes,Pomona,California,58,49-72,Two Year,Fiber Optic,Bank Withdrawal,94.35,5563.65,5854.23,4,49,4777,0,No,,,Normal
3858-XHYJO,Female,24,No,Yes,No,San Gabriel,California,40,25-48,One Year,Fiber Optic,Bank Withdrawal,105.75,4228.55,5116.55,4,41,4078,0,No,,,Normal
4299-SIMNS,Male,43,No,No,No,Temple City,California,9,0-12,Month-to-Month,Fiber Optic,Bank Withdrawal,81.15,784.45,1143.5100000000002,4,68,4544,0,No,,,Normal
7025-IWFHT,Male,62,No,No,No,Upland,California,41,25-48,One Year,Fiber Optic,Bank Withdrawal,89.55,3729.75,5583.77,3,66,5549,0,No,,,Normal
6261-LHRTG,Female,27,No,No,No,Upland,California,26,25-48,Month-to-Month,Cable,Credit Card,54.75,1406.9,2442.74,4,23,4020,0,No,,,Normal
7841-FCRQD,Female,27,No,Yes,No,Walnut,California,33,25-48,One Year,Cable,Credit Card,53.75,1857.3,2367.15,3,49,3160,0,No,,,Normal
2056-EVGZL,Male,56,No,Yes,Yes,West Covina,California,68,49-72,One Year,Fiber Optic,Credit Card,105.75,7322.5,7926.34,3,39,4437,0,No,,,Normal
7753-USQYQ,Male,47,No,No,No,West Covina,California,55,49-72,One Year,Cable,Bank Withdrawal,64.2,3627.3,5148.05,3,40,5151,0,No,,,Normal
7661-CPURM,Male,49,No,No,No,Alhambra,California,19,13-24,One Year,Fiber Optic,Credit Card,87.7,1725.95,2545.04,3,78,4446,0,No,,,Normal
6233-HXJMX,Female,42,No,No,No,Alpine,California,45,25-48,Month-to-Month,Fiber Optic,Credit Card,89.3,4192.15,4814.049999999999,3,32,5470,0,No,,,Normal
5902-WBLSE,Female,32,No,Yes,Yes,Bonita,California,70,49-72,Two Year,,Credit Card,20.15,1411.2,3290.7,3,67,5219,0,No,,,Normal
3239-TPHPZ,Female,60,No,Yes,No,Chula Vista,California,12,0-12,Two Year,,Bank Withdrawal,20.05,264.55,748.6300000000001,4,74,5453,0,No,,,High Risk
5115-GZDEL,Male,20,No,No,Yes,Chula Vista,California,72,49-72,Two Year,Cable,Credit Card,67.2,4671.7,4671.7,3,25,5592,0,No,,,Normal
3338-CVVEH,Male,38,No,No,No,Chula Vista,California,12,0-12,Month-to-Month,Fiber Optic,Bank Withdrawal,94.55,1173.55,1340.11,5,25,5674,0,No,,,Normal
4393-GEADV,Male,54,No,Yes,Yes,Dulzura,California,70,49-72,Two Year,Fiber Optic,Credit Card,114.75,7842.3,10576.5,3,72,5035,0,No,,,High Risk
8486-AYEQH,Female,30,No,No,No,Guatay,California,31,25-48,Month-to-Month,Fiber Optic,Bank Withdrawal,76.05,2227.8,3429.9800000000005,5,63,2421,0,No,,,Normal
2495-KZNFB,Female,26,No,No,No,La Mesa,California,33,25-48,Month-to-Month,Fiber Optic,Bank Withdrawal,90.65,2989.6,3542.68,4,44,4460,0,No,,,Normal
4560-WQAQW,Female,62,No,No,No,Mount Laguna,California,59,49-72,One Year,DSL,Bank Withdrawal,68.7,4070.95,5891.83,3,29,4244,0,No,,,Normal
4274-DRSQT,Female,33,No,No,No,Potrero,California,66,49-72,One Year,Fiber Optic,Bank Withdrawal,88.9,6000.1,8107.48,5,27,5868,0,No,,,Normal
2027-DNKIV,Male,28,No,Yes,Yes,Spring Valley,California,37,25-48,One Year,DSL,Credit Card,58.75,2203.1,3522.89,4,31,3483,0,No,,,Normal
2885-HIJDH,Male,47,No,Yes,Yes,Tecate,California,69,49-72,Two Year,DSL,Bank Withdrawal,86.9,6194.1,8012.25,3,49,4667,0,No,,,Normal
5424-RLQLC,Male,36,No,No,No,Bonsall,California,10,0-12,Month-to-Month,DSL,Credit Card,59.65,638.95,743.75,3,20,2385,0,No,,,Normal
6507-DTJZV,Male,50,No,No,Yes,Cardiff By The Sea,California,13,13-24,Month-to-Month,DSL,Credit Card,66.4,831.75,1224.22,5,43,3660,0,No,,,Normal
7673-BQGKU,Female,64,No,Yes,Yes,Carlsbad,California,69,49-72,Two Year,,Bank Withdrawal,20.15,1337.5,2128.9300000000003,4,23,4554,0,No,,,Normal
2725-IWWBA,Male,52,No,Yes,Yes,El Cajon,California,46,25-48,One Year,DSL,Credit Card,56.9,2560.1,4328.8,4,44,4258,0,No,,,Normal
1061-PNTHC,Female,36,No,Yes,Yes,Encinitas,California,56,49-72,Month-to-Month,Fiber Optic,Credit Card,109.6,5953.0,6733.64,3,67,5012,0,No,,,Normal
0394-YONDK,Male,28,No,Yes,Yes,Escondido,California,70,49-72,Two Year,,Credit Card,25.15,1790.15,1875.55,3,39,5114,0,No,,,Normal
6574-MCOEH,Female,47,No,Yes,Yes,Escondido,California,33,25-48,One Year,Cable,Bank Withdrawal,79.15,2531.4,3593.87,5,73,3555,0,No,,,Normal
7399-QHBJS,Female,56,No,Yes,Yes,Escondido,California,72,49-72,Two Year,Cable,Credit Card,66.75,4760.3,6388.9400000000005,3,65,6063,0,No,,,Normal
0997-YTLNY,Female,59,No,No,Yes,Escondido,California,19,13-24,Month-to-Month,Cable,Credit Card,48.8,953.65,1030.22,3,74,3749,0,No,,,Normal
9479-HYNYL,Female,48,No,Yes,No,La Jolla,California,71,49-72,Two Year,Cable,Credit Card,80.7,5705.05,8801.36,5,24,5617,0,No,,,Normal
3642-GKTCT,Female,58,No,No,No,Oceanside,California,61,49-72,One Year,Fiber Optic,Credit Card,115.1,6993.65,7332.2,4,53,4785,0,No,,,Normal
0774-RMNUW,Female,44,No,Yes,Yes,Pala,California,71,49-72,Two Year,Cable,Bank Withdrawal,59.7,4122.65,4122.65,4,63,6420,0,No,,,Normal
1334-PDUKM,Female,48,No,Yes,No,Palomar Mountain,California,68,49-72,One Year,Fiber Optic,Credit Card,86.45,5762.95,6576.63,5,39,4480,0,No,,,Normal
0756-MPZRL,Male,35,No,No,No,Pauma Valley,California,46,25-48,One Year,DSL,Credit Card,33.7,1537.85,1537.85,3,22,3007,0,No,,,Normal
2242-MFOTG,Male,29,No,No,No,Poway,California,33,25-48,One Year,Fiber Optic,Bank Withdrawal,80.1,2603.3,3451.7300000000005,4,54,3957,0,No,,,Normal
2927-CVULT,Female,64,No,Yes,Yes,Ramona,California,53,49-72,Two Year,Fiber Optic,Bank Withdrawal,104.05,5566.4,7069.48,3,43,4190,0,No,,,Normal
8745-PVESG,Female,44,No,No,No,Rancho Santa Fe,California,57,49-72,One Year,DSL,Credit Card,41.1,2258.25,2258.25,4,41,5281,0,No,,,Normal
7647-GYYKX,Female,48,No,Yes,Yes,San Marcos,California,54,49-72,Two Year,,Bank Withdrawal,20.35,1092.35,3356.57,3,79,5646,0,No,,,High Risk
9700-ISPUP,Female,59,No,Yes,Yes,Valley Center,California,10,0-12,Month-to-Month,DSL,Bank Withdrawal,65.5,616.9,875.8,5,44,3137,0,No,,,Normal
9839-ETQOE,Male,41,No,No,Yes,Vista,California,43,25-48,Month-to-Month,DSL,Bank Withdrawal,40.45,1912.85,1912.85,3,72,3176,0,No,,,Normal
9027-TMATR,Female,42,No,Yes,No,Warner Springs,California,43,25-48,Two Year,DSL,Bank Withdrawal,78.8,3460.3,5092.1900000000005,4,24,3972,0,No,,,Normal
9110-HSGTV,Female,46,No,No,No,San Diego,California,69,49-72,Two Year,DSL,Credit Card,82.45,5555.3,7315.29,3,80,4631,0,No,,,Normal
0704-VCUMB,Female,64,No,Yes,No,San Diego,California,61,49-72,Two Year,,Credit Card,20.25,1278.8,1940.99,3,55,5974,0,No,,,Normal
6171-ZTVYB,Male,42,No,Yes,No,San Diego,California,43,25-48,Month-to-Month,DSL,Bank Withdrawal,66.25,2907.35,4023.24,3,29,2168,0,No,,,Normal
1935-IMVBB,Male,43,No,Yes,No,San Diego,California,56,49-72,Month-to-Month,Fiber Optic,Credit Card,89.7,4952.95,5123.53,4,49,5955,0,No,,,Normal
2535-PBCGC,Female,21,No,Yes,No,San Diego,California,70,49-72,Two Year,Cable,Bank Withdrawal,64.55,4504.9,4458.839999999999,3,30,4858,0,No,,,Normal
1470-PSXNM,Male,27,No,Yes,Yes,San Diego,California,49,49-72,One Year,Fiber Optic,Bank Withdrawal,93.65,4520.15,6254.94,3,65,5542,0,No,,,Normal
2498-XLDZR,Female,26,No,Yes,Yes,San Diego,California,32,25-48,Two Year,DSL,Credit Card,73.6,2316.85,2936.51,4,42,4343,0,No,,,Normal
5338-YHWYT,Male,45,No,No,Yes,San Diego,California,37,25-48,Two Year,Cable,Credit Card,61.45,2302.35,4213.1900000000005,3,77,5447,0,No,,,High Risk
7718-UPSKJ,Female,59,No,Yes,No,San Diego,California,69,49-72,One Year,Fiber Optic,Credit Card,106.4,7251.9,8916.039999999999,4,26,4328,0,No,,,Normal
8731-WBBMB,Female,26,No,Yes,No,San Diego,California,26,25-48,Month-to-Month,Cable,Bank Withdrawal,81.9,2078.55,2325.67,4,55,3350,0,No,,,Normal
1448-CYWKC,Female,61,No,Yes,Yes,Coronado,California,58,49-72,One Year,Fiber Optic,Credit Card,105.2,6225.4,8685.15,4,59,4605,0,No,,,Normal
7901-IIDQV,Male,28,No,No,No,San Diego,California,24,13-24,One Year,Cable,Bank Withdrawal,54.6,1242.25,1394.31,3,51,3398,0,No,,,Normal
2690-DVRVK,Male,27,No,Yes,Yes,San Diego,California,5,0-12,One Year,,Bank Withdrawal,20.55,99.45,305.5,3,54,3629,0,No,,,Normal
1270-XKUCC,Female,24,No,Yes,Yes,San Diego,California,30,25-48,Two Year,,Credit Card,19.7,599.25,934.96,3,38,5045,0,No,,,Normal
0334-ZFJSR,Female,41,No,Yes,No,San Diego,California,55,49-72,One Year,Cable,Credit Card,66.05,3462.1,5513.469999999999,4,68,5501,0,No,,,Normal
5583-EJXRD,Male,19,No,Yes,Yes,San Diego,California,44,25-48,Two Year,Cable,Credit Card,54.05,2375.2,2327.75,4,68,4896,0,No,,,Normal
4565-EVZMJ,Female,55,No,No,No,San Diego,California,47,25-48,One Year,Cable,Credit Card,58.9,2813.05,4051.5,4,40,5774,0,No,,,Normal
3327-YBAKM,Female,31,No,Yes,No,San Diego,California,64,49-72,One Year,Fiber Optic,Credit Card,96.9,6314.35,7531.06,3,55,5369,0,No,,,Normal
6705-LNMDD,Male,38,No,No,No,San Diego,California,20,13-24,Month-to-Month,DSL,Credit Card,50.0,1003.05,1996.44,3,46,5741,0,No,,,Normal
2580-ASVVY,Female,23,No,Yes,No,San Ysidro,California,37,25-48,Two Year,DSL,Bank Withdrawal,45.4,1593.1,1548.9699999999998,4,33,4051,0,No,,,Normal
3370-GQEAL,Male,63,No,Yes,Yes,Indio,California,30,25-48,Month-to-Month,Fiber Optic,Bank Withdrawal,85.45,2509.95,3258.42,3,21,3409,0,No,,,Normal
5032-USPKF,Female,57,No,No,No,Indio,California,38,25-48,One Year,DSL,Bank Withdrawal,84.1,3187.65,4141.83,3,78,2604,0,No,,,Normal
4254-QPEDE,Female,22,No,Yes,No,Banning,California,52,49-72,Two Year,DSL,Credit Card,66.25,3330.1,3330.1,4,23,4275,0,No,,,Normal
6283-GITPX,Male,20,No,No,Yes,Beaumont,California,71,49-72,Two Year,DSL,Credit Card,76.9,5522.7,5860.66,3,26,4633,0,No,,,Normal
0771-CHWSK,Male,56,No,No,No,Brawley,California,66,49-72,Two Year,DSL,Credit Card,74.6,4798.4,7806.019999999999,3,78,4838,0,No,,,Normal
9788-HNGUT,Male,45,No,Yes,No,Cabazon,California,72,49-72,Two Year,Fiber Optic,Credit Card,116.95,8594.4,9881.04,3,78,5949,0,No,,,High Risk
9495-REDIY,Male,56,No,No,Yes,Calexico,California,25,25-48,One Year,DSL,Credit Card,40.65,970.55,970.55,3,29,5079,0,No,,,Normal
5375-XLDOF,Male,24,No,Yes,Yes,Calipatria,California,69,49-72,Two Year,Fiber Optic,Bank Withdrawal,114.35,7665.8,10295.73,4,51,6082,0,No,,,Normal
1172-VIYBP,Male,54,No,Yes,Yes,Cathedral City,California,53,49-72,Two Year,DSL,Bank Withdrawal,69.7,3686.05,5166.34,3,22,4975,0,No,,,Normal
6559-PDZLR,Male,26,No,No,No,Desert Center,California,26,25-48,Month-to-Month,Fiber Optic,Bank Withdrawal,98.65,2537.0,3499.0,3,62,4191,0,No,,,Normal
8992-OBVDG,Male,25,No,No,No,Desert Hot Springs,California,21,13-24,Month-to-Month,DSL,Credit Card,61.65,1393.6,2230.45,4,63,2926,0,No,,,Normal
4724-WXVWF,Male,28,No,No,No,Earp,California,48,25-48,Month-to-Month,Fiber Optic,Bank Withdrawal,95.4,4445.3,4644.5,3,33,4334,0,No,,,Normal
5701-GUXDC,Female,24,No,Yes,No,El Centro,California,26,25-48,One Year,DSL,Credit Card,35.4,978.6,978.6,3,29,2519,0,No,,,Normal
1460-UZPRJ,Male,39,No,Yes,No,Heber,California,60,49-72,Two Year,,Credit Card,19.95,1258.15,3066.55,4,72,5971,0,No,,,High Risk
6082-GLJIX,Male,50,No,No,No,Holtville,California,18,13-24,Month-to-Month,,Credit Card,19.25,331.35,895.29,5,22,4769,0,No,,,Normal
2495-TTHBQ,Female,52,No,No,Yes,La Quinta,California,4,0-12,One Year,,Credit Card,20.4,84.75,213.35,3,24,5602,0,No,,,Normal
0485-ZBSLN,Male,52,No,Yes,Yes,Mecca,California,65,49-72,Two Year,,Credit Card,24.75,1715.1,4087.6,5,39,6263,0,No,,,Normal
3810-PJUHR,Male,63,No,Yes,Yes,Morongo Valley,California,70,49-72,Two Year,,Credit Card,25.35,1715.15,2447.3500000000004,3,69,6059,0,No,,,Normal
0847-HGRML,Male,44,No,No,Yes,North Palm Springs,California,62,49-72,Two Year,,Bank Withdrawal,20.0,1250.1,2767.86,3,37,4402,0,No,,,Normal
8232-CTLKO,Female,58,No,Yes,Yes,Ocotillo,California,66,49-72,Two Year,DSL,Bank Withdrawal,59.75,3996.8,4550.54,3,80,5979,0,No,,,High Risk
9227-YBAXE,Female,23,No,Yes,Yes,Palm Desert,California,65,49-72,Two Year,DSL,Bank Withdrawal,82.5,5215.1,5563.85,3,26,5314,0,No,,,Normal
9860-LISIZ,Female,19,No,No,No,Palm Springs,California,34,25-48,Month-to-Month,,Credit Card,20.35,673.2,1922.7,5,68,2864,0,No,,,Normal
0112-QAWRZ,Male,49,No,Yes,Yes,Palo Verde,California,16,13-24,Month-to-Month,Fiber Optic,Bank Withdrawal,90.8,1442.2,2221.56,3,66,5560,0,No,,,Normal
4043-MKDTV,Male,54,No,Yes,No,Rancho Mirage,California,71,49-72,Two Year,Fiber Optic,Bank Withdrawal,105.25,7291.75,9967.74,5,31,6319,0,No,,,Normal
9229-RQABD,Male,45,No,No,No,Salton City,California,18,13-24,One Year,,Credit Card,23.75,424.5,657.96,4,70,3076,0,No,,,Normal
8313-KTIHG,Male,54,No,No,No,Thousand Palms,California,4,0-12,Month-to-Month,DSL,Bank Withdrawal,61.3,249.4,410.2,3,58,5281,0,No,,,Normal
5320-BRKGK,Female,28,No,Yes,Yes,Escondido,California,58,49-72,Two Year,DSL,Credit Card,75.8,4415.75,4582.21,3,62,4292,0,No,,,Normal
6284-KMNUF,Female,33,No,Yes,No,Twentynine Palms,California,56,49-72,One Year,Fiber Optic,Bank Withdrawal,98.0,5270.6,7370.6,3,25,4615,0,No,,,Normal
6229-UOLQL,Male,24,No,Yes,Yes,White Water,California,56,49-72,One Year,Cable,Credit Card,52.0,2884.9,2884.9,3,55,5845,0,No,,,Normal
3137-LUPIX,Female,58,No,No,No,Yucca Valley,California,4,0-12,Month-to-Month,Cable,Credit Card,64.4,253.0,257.4,4,61,3334,0,No,,,Normal
6143-JQKEA,Male,34,No,No,No,Adelanto,California,10,0-12,Month-to-Month,Cable,Credit Card,45.8,436.2,590.7,3,80,5586,0,No,,,High Risk
8676-OOQEJ,Male,52,No,No,No,Amboy,California,4,0-12,Month-to-Month,Cable,Bank Withdrawal,30.5,118.4,118.4,4,29,3030,0,No,,,Normal
9701-CDXHR,Female,63,No,Yes,No,Fallbrook,California,51,49-72,Month-to-Month,Fiber Optic,Credit Card,69.15,3649.6,6093.36,4,55,5187,0,No,,,Normal
8124-NZVGJ,Female,29,No,No,No,Baker,California,6,0-12,One Year,Cable,Credit Card,49.25,255.6,255.6,3,52,2979,0,No,,,Normal
2162-FRZAA,Male,45,No,Yes,Yes,Fort Irwin,California,63,49-72,Two Year,DSL,Bank Withdrawal,39.35,2395.05,2395.05,5,24,5374,0,No,,,Normal
5118-MUEYH,Female,22,No,Yes,No,Grand Terrace,California,48,25-48,Month-to-Month,Fiber Optic,Credit Card,105.1,5083.55,6967.55,3,42,3109,0,No,,,Normal
5627-TVBPP,Female,44,No,No,Yes,Big Bear Lake,California,35,25-48,One Year,,Credit Card,20.1,644.5,1537.6999999999998,4,72,3726,0,No,,,Normal
2589-AYCRP,Female,63,No,No,No,Cedar Glen,California,50,49-72,One Year,,Bank Withdrawal,19.75,989.05,2886.55,4,71,4934,0,No,,,Normal
4067-HLYQI,Female,43,No,No,No,Colton,California,33,25-48,Month-to-Month,Fiber Optic,Bank Withdrawal,70.4,2406.1,4097.95,4,29,4860,0,No,,,Normal
5124-EOGYE,Male,59,No,No,No,Crestline,California,31,25-48,Two Year,,Credit Card,20.45,638.55,1710.22,3,35,2598,0,No,,,Normal
5057-RKGLH,Female,22,No,Yes,Yes,Daggett,California,9,0-12,Two Year,,Credit Card,20.35,191.1,468.57,3,70,5352,0,No,,,Normal
0292-WEGCH,Female,40,No,Yes,Yes,Death Valley,California,54,49-72,Month-to-Month,DSL,Bank Withdrawal,86.2,4524.05,4757.87,3,45,6275,0,No,,,Normal
8910-ICHIU,Female,27,No,No,No,Essex,California,46,25-48,One Year,Fiber Optic,Credit Card,95.65,4664.2,6071.8,3,54,4727,0,No,,,Normal
4097-YODCF,Male,35,No,No,Yes,Fawnskin,California,34,25-48,One Year,Fiber Optic,Bank Withdrawal,103.8,3470.8,3616.32,4,78,5382,0,No,,,High Risk
9715-WZCLW,Male,28,No,Yes,Yes,Fontana,California,71,49-72,Two Year,Fiber Optic,Bank Withdrawal,97.2,6910.3,9685.69,3,43,4603,0,No,,,Normal
9786-YWNHU,Female,62,No,Yes,Yes,Fontana,California,63,49-72,Two Year,DSL,Credit Card,63.55,4014.2,4178.54,3,48,5733,0,No,,,Normal
6407-GSJNL,Female,56,No,No,No,Fontana,California,51,49-72,Two Year,,Bank Withdrawal,24.95,1288.0,3549.85,5,77,5458,0,No,,,High Risk
4049-ZPALD,Female,35,No,Yes,No,Forest Falls,California,64,49-72,Two Year,Fiber Optic,Bank Withdrawal,99.0,6375.8,8674.68,4,68,5483,0,No,,,Normal
6833-JMZYP,Female,54,No,No,No,Hesperia,California,15,13-24,Month-to-Month,Fiber Optic,Credit Card,94.0,1505.45,1734.65,3,77,4521,0,No,,,Normal
1310-QRITU,Female,40,No,No,No,Hinkley,California,18,13-24,Month-to-Month,DSL,Bank Withdrawal,50.3,913.3,1603.06,3,65,5877,0,No,,,Normal
8961-QDZZJ,Female,35,No,Yes,Yes,Lake Arrowhead,California,57,49-72,One Year,Fiber Optic,Bank Withdrawal,95.0,5535.8,7940.059999999999,5,70,6245,0,No,,,Normal
9715-SBVSU,Male,20,No,Yes,Yes,Loma Linda,California,14,13-24,Two Year,DSL,Bank Withdrawal,61.4,815.55,985.91,4,22,3186,0,No,,,Normal
7929-SKFGK,Male,23,No,Yes,No,Mentone,California,70,49-72,Two Year,Fiber Optic,Credit Card,114.3,8244.3,9761.9,4,24,4280,0,No,,,Normal
2300-RQGOI,Female,33,No,No,No,Needles,California,38,25-48,Two Year,,Credit Card,20.05,741.5,2323.44,5,62,2295,0,No,,,Normal
3563-SVYLG,Male,38,No,Yes,Yes,Nipton,California,68,49-72,Two Year,DSL,Credit Card,62.65,4375.8,6858.48,3,59,5215,0,No,,,Normal
4998-IKFSE,Female,27,No,No,No,Phelan,California,30,25-48,Month-to-Month,Fiber Optic,Bank Withdrawal,100.45,3096.9,4211.6,5,32,3936,0,No,,,Normal
8630-QSGXK,Male,39,No,Yes,No,Pinon Hills,California,51,49-72,Two Year,DSL,Bank Withdrawal,75.2,3901.25,4410.74,3,59,4708,0,No,,,Normal
2455-USLMV,Female,30,No,No,No,Redlands,California,31,25-48,Month-to-Month,Fiber Optic,Credit Card,84.75,2613.4,3363.91,3,35,3727,0,No,,,Normal
9488-FVZCC,Female,35,No,Yes,Yes,Rialto,California,72,49-72,Two Year,DSL,Bank Withdrawal,79.5,5661.7,8008.18,3,78,4390,0,No,,,Normal
5995-WWKKG,Female,62,No,No,No,Running Springs,California,37,25-48,One Year,,Bank Withdrawal,19.8,695.05,1811.34,5,31,5987,0,No,,,Normal
7879-CGSFV,Male,19,No,No,No,Sugarloaf,California,55,49-72,One Year,Fiber Optic,Credit Card,100.9,5552.05,7872.5,4,22,5101,0,No,,,Normal
9921-EZKBY,Male,55,No,No,Yes,Fallbrook,California,33,25-48,Month-to-Month,Fiber Optic,Bank Withdrawal,95.3,3275.15,3617.03,4,38,3087,0,No,,,Normal
7432-FFVAR,Female,23,No,Yes,Yes,Victorville,California,46,25-48,One Year,Fiber Optic,Bank Withdrawal,90.95,4236.6,4574.56,5,38,5187,0,No,,,Normal
4456-RHSNB,Female,43,No,Yes,Yes,San Bernardino,California,19,13-24,Month-to-Month,DSL,Bank Withdrawal,49.6,962.9,1103.88,3,27,5735,0,No,,,Normal
2481-SBOYW,Female,62,No,No,Yes,San Bernardino,California,61,49-72,Two Year,,Credit Card,25.0,1498.35,3453.4,4,54,4673,0,No,,,Normal
7109-MFBYV,Male,28,No,No,No,San Bernardino,California,26,25-48,Month-to-Month,Cable,Bank Withdrawal,45.45,1233.15,1988.9700000000005,3,68,5451,0,No,,,Normal
1833-TCXKK,Male,50,No,Yes,No,San Bernardino,California,45,25-48,Month-to-Month,Fiber Optic,Bank Withdrawal,107.75,4882.8,6224.25,5,27,3301,0,No,,,Normal
1832-PEUTS,Male,23,No,Yes,Yes,San Bernardino,California,62,49-72,Two Year,Fiber Optic,Credit Card,89.1,5411.65,7752.15,4,68,5995,0,No,,,Normal
0580-PIQHM,Female,21,No,Yes,Yes,Riverside,California,41,25-48,One Year,Fiber Optic,Bank Withdrawal,101.6,3930.55,4534.4800000000005,3,52,3275,0,No,,,Normal
5696-CEIQJ,Male,31,No,Yes,Yes,Riverside,California,67,49-72,Two Year,Fiber Optic,Bank Withdrawal,103.15,6895.5,7783.92,3,40,4376,0,No,,,Normal
1696-HXOWK,Female,53,No,Yes,No,Riverside,California,71,49-72,One Year,Fiber Optic,Credit Card,95.65,6856.95,7227.57,3,65,5856,0,No,,,Normal
3026-ATZYV,Female,32,No,Yes,Yes,Riverside,California,37,25-48,One Year,Cable,Bank Withdrawal,75.1,2658.8,2700.24,3,64,4131,0,No,,,Normal
4012-YCFAI,Male,45,No,Yes,No,Riverside,California,60,49-72,Two Year,DSL,Credit Card,61.35,3766.2,5099.4,3,79,6174,0,No,,,High Risk
9970-QBCDA,Female,50,No,No,No,March Air Reserve Base,California,6,0-12,Month-to-Month,,Credit Card,19.7,129.55,315.67,5,74,5387,0,No,,,High Risk
9496-IVVRP,Female,42,No,Yes,Yes,Lake Elsinore,California,11,0-12,Month-to-Month,DSL,Bank Withdrawal,51.0,581.7,1134.94,3,49,5777,0,No,,,Normal
2657-VPXTA,Female,45,No,Yes,Yes,Anza,California,10,0-12,Month-to-Month,Fiber Optic,Bank Withdrawal,88.85,929.45,1257.05,4,54,4531,0,No,,,Normal
6551-VLJMV,Male,44,No,Yes,No,Hemet,California,34,25-48,Two Year,,Credit Card,20.05,679.0,829.28,3,29,2236,0,No,,,Normal
1221-GHZEP,Female,45,No,No,No,Hemet,California,62,49-72,Two Year,DSL,Credit Card,65.1,3846.75,5283.91,3,47,5172,0,No,,,Normal
9289-LBQVU,Male,24,No,Yes,No,Hemet,California,64,49-72,One Year,DSL,Credit Card,70.15,4480.7,6588.219999999999,4,49,5037,0,No,,,Normal
3458-IDMFK,Male,29,No,No,No,Idyllwild,California,25,25-48,Two Year,,Credit Card,20.75,499.4,1233.9,3,74,5161,0,No,,,High Risk
6933-FHBZC,Female,30,No,No,No,Moreno Valley,California,26,25-48,One Year,Cable,Credit Card,56.05,1553.2,2482.7,4,46,3079,0,No,,,Normal
0221-NAUXK,Male,22,No,No,Yes,Moreno Valley,California,10,0-12,One Year,,Bank Withdrawal,19.95,219.5,298.1,5,48,3044,0,No,,,Normal
9770-KXGQU,Female,52,No,No,No,Moreno Valley,California,53,49-72,One Year,Fiber Optic,Credit Card,98.6,5311.85,6869.52,3,20,4635,0,No,,,Normal
6538-POCHL,Male,59,No,No,No,Mountain Center,California,33,25-48,Month-to-Month,Fiber Optic,Credit Card,79.0,2576.8,3158.59,3,21,4396,0,No,,,Normal
3002-WQZWT,Female,25,No,No,No,Murrieta,California,29,25-48,Month-to-Month,Fiber Optic,Bank Withdrawal,74.2,1993.25,2468.27,5,55,3982,0,No,,,Normal
4277-UDIEF,Male,51,No,Yes,Yes,Nuevo,California,24,13-24,Month-to-Month,Cable,Bank Withdrawal,81.0,1923.85,3020.17,3,50,3019,0,No,,,Normal
1208-NBVFH,Male,63,No,Yes,Yes,Perris,California,20,13-24,Month-to-Month,Cable,Bank Withdrawal,49.6,939.8,1203.4,3,68,3235,0,No,,,Normal
2725-TTRIQ,Female,45,No,Yes,Yes,Menifee,California,72,49-72,Two Year,Cable,Bank Withdrawal,84.2,5986.55,8711.03,3,69,5598,0,No,,,Normal
3374-TTZTK,Male,26,No,Yes,No,Sun City,California,52,49-72,Two Year,Fiber Optic,Bank Withdrawal,106.3,5487.0,8077.639999999999,3,36,4969,0,No,,,Normal
8990-ZXLSU,Female,63,No,No,No,Sun City,California,9,0-12,Month-to-Month,Fiber Optic,Bank Withdrawal,69.05,651.5,920.33,3,50,5121,0,No,,,Normal
4419-UJMUS,Male,55,No,Yes,Yes,Wildomar,California,69,49-72,Two Year,Fiber Optic,Bank Withdrawal,99.35,6856.45,7440.19,4,73,4637,0,No,,,Normal
7609-YBPXG,Male,60,No,No,No,Irvine,California,54,49-72,Two Year,DSL,Bank Withdrawal,87.1,4735.2,5816.36,3,44,5418,0,No,,,Normal
5519-TEEUH,Male,51,No,No,Yes,Irvine,California,33,25-48,One Year,,Credit Card,20.15,682.15,1380.4299999999998,3,57,5759,0,No,,,Normal
0804-XBFBV,Female,49,No,No,Yes,Foothill Ranch,California,11,0-12,Month-to-Month,DSL,Bank Withdrawal,25.2,321.05,321.05,3,57,5916,0,No,,,Normal
2676-OXPPQ,Male,22,No,No,No,Irvine,California,6,0-12,Month-to-Month,DSL,Bank Withdrawal,55.7,335.65,354.61,3,45,2482,0,No,,,Normal
3703-TTEPD,Male,28,No,No,No,Irvine,California,21,13-24,Month-to-Month,DSL,Bank Withdrawal,65.35,1424.4,1763.7600000000002,3,45,2887,0,No,,,Normal
2799-TSLAG,Female,25,No,Yes,Yes,Irvine,California,65,49-72,Two Year,,Bank Withdrawal,25.3,1748.55,3960.5,4,51,4533,0,No,,,Normal
2208-NKVVH,Male,60,No,Yes,Yes,Costa Mesa,California,43,25-48,Two Year,,Credit Card,24.25,1077.95,1198.78,4,51,4432,0,No,,,Normal
7139-JZFVG,Male,37,No,Yes,Yes,Huntington Beach,California,60,49-72,Two Year,DSL,Bank Withdrawal,60.5,3694.45,6288.85,3,43,6026,0,No,,,Normal
4987-GQWPO,Male,48,No,No,No,Huntington Beach,California,17,13-24,Month-to-Month,DSL,Credit Card,25.1,382.8,382.8,4,33,4580,0,No,,,Normal
1757-TCATG,Male,24,No,Yes,Yes,Huntington Beach,California,35,25-48,One Year,,Bank Withdrawal,20.05,746.75,2182.45,3,49,3942,0,No,,,Normal
4776-XSKYQ,Female,48,No,Yes,Yes,Laguna Hills,California,12,0-12,One Year,DSL,Credit Card,30.25,368.85,368.85,4,64,5988,0,No,,,Normal
5753-QQWPW,Female,57,No,No,No,Aliso Viejo,California,28,25-48,One Year,DSL,Bank Withdrawal,59.9,1654.7,1971.66,3,69,4131,0,No,,,Normal
6010-DDPPW,Male,61,No,Yes,No,Newport Coast,California,70,49-72,Two Year,,Bank Withdrawal,25.15,1940.85,2572.95,4,30,4279,0,No,,,Normal
6693-FRIRW,Male,61,No,No,No,Newport Beach,California,18,13-24,Month-to-Month,Fiber Optic,Credit Card,101.3,1794.65,1930.73,3,80,5948,0,No,,,High Risk
6586-MYGKD,Male,46,No,Yes,No,Newport Beach,California,70,49-72,Two Year,DSL,Credit Card,76.95,5289.8,6568.0,3,47,6280,0,No,,,Normal
3173-NVMPX,Female,51,No,Yes,Yes,Newport Beach,California,9,0-12,Month-to-Month,DSL,Credit Card,55.3,501.2,711.44,5,80,4291,0,No,,,Normal
2892-GESUL,Female,20,No,Yes,Yes,San Juan Capistrano,California,18,13-24,Two Year,,Credit Card,19.35,309.25,669.25,5,36,2269,0,No,,,Normal
8034-RYTVV,Female,19,No,No,No,Rancho Santa Margarita,California,55,49-72,One Year,Fiber Optic,Credit Card,84.25,4589.85,7056.6,4,30,5735,0,No,,,Normal
3863-QSTYI,Male,60,No,No,No,Mission Viejo,California,59,49-72,Month-to-Month,Cable,Bank Withdrawal,64.65,3735.45,4726.65,3,38,5687,0,No,,,Normal
5044-LRQAQ,Female,19,No,Yes,No,Ladera Ranch,California,7,0-12,Month-to-Month,Fiber Optic,Bank Withdrawal,69.2,477.55,766.0899999999999,3,73,2551,0,No,,,Normal
1716-LSAMB,Male,21,No,Yes,Yes,Santa Ana,California,45,25-48,Two Year,Cable,Bank Withdrawal,54.65,2553.7,4588.15,3,39,5083,0,No,,,Normal
1333-PBMXB,Female,40,No,Yes,Yes,Santa Ana,California,54,49-72,One Year,,Bank Withdrawal,24.75,1342.15,2901.13,3,70,6466,0,No,,,Normal
6546-OPBBH,Male,40,No,Yes,Yes,Santa Ana,California,51,49-72,One Year,,Credit Card,23.95,1216.35,3386.4,5,26,5895,0,No,,,Normal
9127-QRZMH,Male,39,No,Yes,No,Santa Ana,California,44,25-48,One Year,DSL,Bank Withdrawal,59.85,2603.95,3378.79,3,35,5981,0,No,,,Normal
9644-KVCNC,Female,49,No,No,No,Fountain Valley,California,66,49-72,One Year,Fiber Optic,Bank Withdrawal,92.15,6056.9,7355.78,4,77,4928,0,No,,,Normal
2137-DQMEV,Male,39,No,Yes,Yes,Tustin,California,68,49-72,One Year,DSL,Credit Card,44.8,2983.65,2983.65,3,68,4112,0,No,,,Normal
8174-LNWMW,Female,52,No,No,No,Tustin,California,31,25-48,Two Year,,Credit Card,20.9,689.35,1500.31,5,46,5581,0,No,,,Normal
7964-VEXDG,Male,61,No,No,Yes,Anaheim,California,21,13-24,Month-to-Month,Fiber Optic,Bank Withdrawal,80.35,1747.2,2028.39,3,62,4579,0,No,,,Normal
2404-JIBFC,Female,37,No,Yes,Yes,Anaheim,California,55,49-72,Two Year,DSL,Bank Withdrawal,85.1,4657.95,5119.4,3,67,5661,0,No,,,Normal
4632-PAOYU,Male,37,No,Yes,Yes,Anaheim,California,22,13-24,One Year,,Credit Card,19.95,433.5,1256.3,3,61,2233,0,No,,,Normal
2990-OGYTD,Female,41,No,Yes,No,Fullerton,California,67,49-72,Two Year,DSL,Bank Withdrawal,86.15,5883.85,6098.25,5,31,5037,0,No,,,Normal
7880-XSOJX,Male,50,No,No,No,Garden Grove,California,4,0-12,Month-to-Month,DSL,Credit Card,42.4,146.4,146.4,4,74,4282,0,No,,,Normal
4589-IUAJB,Male,36,No,Yes,No,Garden Grove,California,70,49-72,Two Year,,Bank Withdrawal,24.25,1724.15,3721.95,4,75,4118,0,No,,,Normal
8457-XIGKN,Male,46,No,No,No,Norco,California,20,13-24,Month-to-Month,,Credit Card,19.6,356.15,938.55,4,27,5909,0,No,,,Normal
6072-NUQCB,Male,50,No,Yes,Yes,Villa Park,California,22,13-24,One Year,,Bank Withdrawal,20.25,488.25,1317.65,3,51,3339,0,No,,,Normal
8838-GPHZP,Female,25,No,No,No,Orange,California,63,49-72,Two Year,,Credit Card,20.6,1298.7,2342.61,5,23,6469,0,No,,,Normal
8750-QWZAJ,Female,38,No,Yes,Yes,Orange,California,70,49-72,Two Year,,Bank Withdrawal,19.8,1378.75,4769.549999999999,4,22,5169,0,No,,,Normal
6918-UMQCG,Female,25,No,No,No,Orange,California,5,0-12,Month-to-Month,Fiber Optic,Bank Withdrawal,80.2,384.25,628.55,3,46,3391,0,No,,,Normal
0675-NCDYU,Female,61,No,Yes,Yes,Placentia,California,72,49-72,Two Year,Fiber Optic,Credit Card,116.4,8543.25,10621.17,3,74,6491,0,No,,,High Risk
6339-DKLMK,Female,27,No,No,No,Corona,California,13,13-24,Month-to-Month,DSL,Bank Withdrawal,31.65,389.95,389.95,3,49,4959,0,No,,,Normal
1346-PJWTK,Male,63,No,Yes,No,Corona,California,61,49-72,Month-to-Month,Fiber Optic,Credit Card,94.15,5731.85,6813.38,3,70,4806,0,No,,,Normal
4397-FRLTA,Female,35,No,No,No,Corona,California,4,0-12,Month-to-Month,,Credit Card,20.15,84.5,214.66,4,75,5535,0,No,,,High Risk
3057-VJJQE,Male,64,No,No,No,Yorba Linda,California,35,25-48,Two Year,DSL,Credit Card,55.25,1924.1,2637.75,3,24,5498,0,No,,,Normal
2302-OUZXB,Male,62,No,Yes,No,Ventura,California,72,49-72,Two Year,DSL,Bank Withdrawal,82.15,5784.3,7369.02,5,70,4552,0,No,,,Normal
2270-CHBFN,Female,46,No,Yes,No,Ventura,California,44,25-48,Month-to-Month,Fiber Optic,Credit Card,95.1,4060.55,5500.23,3,20,2221,0,No,,,Normal
5982-FPVQN,Female,40,No,Yes,Yes,Camarillo,California,37,25-48,Month-to-Month,Fiber Optic,Bank Withdrawal,95.15,3532.85,5050.96,3,22,3407,0,No,,,Normal
9107-UKCKY,Male,36,No,Yes,No,Carpinteria,California,61,49-72,One Year,DSL,Bank Withdrawal,79.8,4914.8,6685.48,5,24,6432,0,No,,,Normal
4654-ULTTN,Male,34,No,Yes,No,Fillmore,California,70,49-72,Two Year,DSL,Credit Card,74.8,5315.8,5895.4,3,60,6447,0,No,,,Normal
5546-BYZSM,Female,52,No,No,No,Oak View,California,41,25-48,Month-to-Month,,Bank Withdrawal,20.45,775.6,1410.2800000000002,5,80,2839,0,No,,,Normal
1492-KGETH,Male,25,No,Yes,Yes,Ojai,California,70,49-72,One Year,Cable,Bank Withdrawal,78.35,5445.95,7958.95,4,42,4422,0,No,,,Normal
4163-HFTUK,Male,34,No,No,No,Oxnard,California,51,49-72,One Year,,Bank Withdrawal,19.1,1007.8,2503.63,4,78,4120,0,No,,,Normal
8215-NGSPE,Female,63,No,Yes,Yes,Oxnard,California,42,25-48,Two Year,,Credit Card,20.0,833.55,965.43,3,46,3413,0,No,,,Normal
8859-YSTWS,Male,43,No,No,No,Port Hueneme,California,48,25-48,One Year,,Bank Withdrawal,19.95,1004.5,1533.46,5,44,4254,0,No,,,Normal
7601-DHFWZ,Female,54,No,No,No,Simi Valley,California,48,25-48,Two Year,,Credit Card,24.0,1183.05,2662.41,3,66,3948,0,No,,,Normal
1998-VHJHK,Female,36,No,No,No,Santa Barbara,California,27,25-48,One Year,,Credit Card,19.15,501.35,1046.21,5,38,5606,0,No,,,Normal
0487-VVUVK,Male,49,No,Yes,Yes,Santa Barbara,California,25,25-48,Month-to-Month,,Credit Card,19.15,477.6,954.85,4,57,3829,0,No,,,Normal
5063-IUOKK,Male,56,No,No,No,Santa Barbara,California,13,13-24,Two Year,,Credit Card,19.75,265.75,397.18,5,41,2016,0,No,,,Normal
4508-OEBEY,Male,41,No,Yes,No,Goleta,California,31,25-48,One Year,DSL,Credit Card,75.5,2424.45,3272.92,3,61,5611,0,No,,,Normal
0027-KWYKW,Female,30,No,Yes,Yes,Alpaugh,California,23,13-24,Month-to-Month,Fiber Optic,Bank Withdrawal,83.75,1849.95,2652.88,4,78,3585,0,No,,,Normal
5982-XMDEX,Female,42,No,No,No,Arvin,California,65,49-72,Two Year,,Bank Withdrawal,26.5,1698.55,3889.7,3,46,4404,0,No,,,Normal
6051-PTVNS,Female,31,No,Yes,Yes,Bodfish,California,55,49-72,One Year,,Credit Card,19.15,998.1,2521.6,3,29,5390,0,No,,,Normal
2877-VDUER,Female,36,No,Yes,Yes,Camp Nelson,California,35,25-48,One Year,DSL,Credit Card,40.9,1383.6,1383.6,3,78,5691,0,No,,,High Risk
9152-AMKAK,Male,50,No,No,No,Coalinga,California,6,0-12,Two Year,Cable,Credit Card,80.25,493.4,631.0999999999999,5,26,2706,0,No,,,Normal
9432-VOFYX,Male,26,No,No,No,Delano,California,17,13-24,Month-to-Month,Fiber Optic,Bank Withdrawal,70.8,1207.0,1816.96,5,56,5420,0,No,,,Normal
8049-WJCLQ,Male,50,No,Yes,Yes,Ducor,California,10,0-12,Month-to-Month,DSL,Credit Card,60.2,563.5,761.2,4,52,5318,0,No,,,Normal
6586-PSJOX,Male,62,No,No,Yes,Earlimart,California,15,13-24,One Year,DSL,Credit Card,55.2,864.55,969.0,4,73,3608,0,No,,,Normal
9705-ZJBCG,Female,51,No,Yes,Yes,Frazier Park,California,13,13-24,One Year,DSL,Bank Withdrawal,54.15,701.05,956.24,3,43,4977,0,No,,,Normal
9670-BPNXF,Female,48,No,No,No,Glennville,California,45,25-48,One Year,DSL,Credit Card,62.55,2796.45,3174.45,3,80,2935,0,No,,,Normal
3913-FCUUW,Female,52,No,Yes,Yes,Hanford,California,72,49-72,Two Year,DSL,Bank Withdrawal,70.45,5165.7,5658.9,3,48,4463,0,No,,,Normal
3301-VKTGC,Male,27,No,Yes,Yes,Huron,California,68,49-72,One Year,Fiber Optic,Bank Withdrawal,85.5,5696.6,7714.160000000001,3,48,4380,0,No,,,Normal
9555-SAHUZ,Female,30,No,Yes,Yes,Kernville,California,38,25-48,Month-to-Month,Cable,Bank Withdrawal,54.5,2076.05,3834.31,3,23,5499,0,No,,,Normal
9932-WBWIK,Male,43,No,No,No,Lake Isabella,California,11,0-12,Month-to-Month,,Credit Card,20.35,215.25,741.9300000000001,5,46,5597,0,No,,,Normal
5286-YHCVC,Male,58,No,Yes,No,Laton,California,72,49-72,Two Year,Fiber Optic,Bank Withdrawal,104.8,7470.1,10385.38,4,21,4165,0,No,,,Normal
9115-YQHGA,Male,26,No,No,No,Lemoore,California,40,25-48,Month-to-Month,DSL,Bank Withdrawal,51.1,2092.9,3472.5,5,67,3355,0,No,,,Normal
8963-MQVYN,Female,28,No,No,Yes,Lost Hills,California,22,13-24,Month-to-Month,,Bank Withdrawal,20.55,469.85,1437.19,3,44,3169,0,No,,,Normal
2458-EOMRE,Female,19,No,No,No,Mc Farland,California,11,0-12,Month-to-Month,DSL,Bank Withdrawal,64.05,733.95,1274.51,4,24,4171,0,No,,,Normal
5567-GZKQY,Male,58,No,No,No,Porterville,California,58,49-72,Two Year,,Credit Card,20.3,1131.5,2828.0,4,20,4335,0,No,,,Normal
1222-LRYKO,Male,21,No,No,Yes,Posey,California,6,0-12,Month-to-Month,,Credit Card,26.35,184.05,413.73,3,22,2189,0,No,,,Normal
2087-QAREY,Female,60,No,Yes,No,Sequoia National Park,California,22,13-24,Month-to-Month,Cable,Credit Card,54.7,1178.75,2055.01,3,53,5722,0,No,,,Normal
4423-JWZJN,Male,57,No,Yes,Yes,Springville,California,64,49-72,One Year,Fiber Optic,Credit Card,90.25,5629.15,8531.55,4,53,4799,0,No,,,Normal
6490-FGZAT,Male,33,No,No,No,Strathmore,California,6,0-12,Month-to-Month,,Credit Card,20.65,109.3,303.34000000000003,5,79,3266,0,No,,,Normal
7452-FOLON,Male,45,No,No,Yes,Terra Bella,California,39,25-48,One Year,,Bank Withdrawal,25.45,958.45,2774.6800000000003,5,53,5986,0,No,,,Normal
2320-TZRRH,Female,38,No,No,No,Three Rivers,California,20,13-24,One Year,,Credit Card,19.5,403.15,1177.95,3,59,4700,0,No,,,Normal
4942-VZZOM,Male,40,No,Yes,No,Tupman,California,64,49-72,One Year,DSL,Credit Card,66.15,4392.5,6789.9400000000005,3,25,4703,0,No,,,Normal
7502-BNYGS,Female,29,No,Yes,No,Wasco,California,46,25-48,Month-to-Month,DSL,Credit Card,69.1,3168.0,4634.48,5,53,2333,0,No,,,Normal
6147-CBCRA,Female,34,No,Yes,No,Wofford Heights,California,33,25-48,Month-to-Month,,Credit Card,20.05,669.45,806.4000000000001,4,22,5759,0,No,,,Normal
6047-SUHPR,Male,60,No,Yes,Yes,Woodlake,California,39,25-48,One Year,DSL,Bank Withdrawal,59.8,2343.85,3022.05,3,58,3093,0,No,,,Normal
5666-MBJPT,Male,22,No,No,No,Bakersfield,California,65,49-72,Two Year,,Bank Withdrawal,25.1,1725.0,3052.95,4,46,5449,0,No,,,Normal
3096-GKWEB,Male,42,No,Yes,No,Bakersfield,California,18,13-24,Month-to-Month,Fiber Optic,Bank Withdrawal,94.75,1691.9,2306.96,4,40,4477,0,No,,,Normal
2371-JQHZZ,Male,54,No,Yes,No,Bakersfield,California,24,13-24,Month-to-Month,Fiber Optic,Bank Withdrawal,93.0,2248.05,3413.8900000000003,5,29,5886,0,No,,,Normal
0674-GCDXG,Male,20,No,No,No,Bakersfield,California,63,49-72,Two Year,DSL,Bank Withdrawal,71.9,4479.2,7162.37,4,38,5816,0,No,,,Normal
1121-QSIVB,Female,39,No,No,Yes,Bakersfield,California,44,25-48,One Year,DSL,Credit Card,77.55,3471.1,3694.18,3,43,5044,0,No,,,Normal
4396-KLSEH,Male,26,No,No,No,Bakersfield,California,4,0-12,Month-to-Month,,Bank Withdrawal,19.85,63.0,90.52,5,71,5918,0,No,,,High Risk
2824-MYYBN,Female,43,No,Yes,Yes,Bakersfield,California,37,25-48,Month-to-Month,Fiber Optic,Bank Withdrawal,95.25,3314.15,3373.35,4,29,2969,0,No,,,Normal
6345-HOVES,Male,59,No,No,No,Los Osos,California,34,25-48,Month-to-Month,Cable,Bank Withdrawal,25.05,852.7,852.7,4,29,3800,0,No,,,Normal
8318-LCNBW,Male,53,No,Yes,No,San Luis Obispo,California,35,25-48,One Year,DSL,Credit Card,53.15,1930.9,1930.9,3,43,5638,0,No,,,Normal
6469-QJKZW,Female,35,No,Yes,No,Arroyo Grande,California,4,0-12,Month-to-Month,,Bank Withdrawal,20.15,91.4,274.76,3,26,2198,0,No,,,Normal
6370-ZVHDV,Female,52,No,Yes,No,Buellton,California,61,49-72,Two Year,,Bank Withdrawal,25.3,1554.9,4017.47,4,71,4501,0,No,,,Normal
5915-DGNVC,Female,47,No,Yes,No,Cambria,California,49,49-72,One Year,DSL,Bank Withdrawal,71.8,3472.05,4701.950000000001,4,79,6193,0,No,,,High Risk
6260-XLACS,Male,49,No,No,No,Casmalia,California,4,0-12,One Year,,Credit Card,19.7,117.8,209.96,3,43,5018,0,No,,,Normal
3566-CAAYU,Female,28,No,Yes,Yes,Cayucos,California,64,49-72,Two Year,DSL,Bank Withdrawal,49.85,3210.35,3210.35,5,56,5644,0,No,,,Normal
2896-TBNBE,Male,46,No,Yes,No,Guadalupe,California,40,25-48,One Year,Fiber Optic,Bank Withdrawal,80.8,3132.75,3651.55,3,26,3387,0,No,,,Normal
4475-NVTLU,Male,21,No,Yes,Yes,Paso Robles,California,45,25-48,Two Year,,Bank Withdrawal,19.2,903.7,1679.0500000000002,3,24,3451,0,No,,,Normal
9386-LDCZR,Male,19,No,No,No,San Ardo,California,43,25-48,One Year,Fiber Optic,Credit Card,90.65,3882.3,5463.84,3,27,2496,0,No,,,Normal
9585-KKMFD,Male,24,No,Yes,Yes,San Miguel,California,41,25-48,Two Year,,Credit Card,20.0,879.8,1536.62,3,60,5743,0,No,,,Normal
5399-ZIMKF,Male,58,No,No,No,San Simeon,California,5,0-12,Month-to-Month,Fiber Optic,Bank Withdrawal,74.65,383.65,547.7,3,34,3319,0,No,,,Normal
0336-KXKFK,Male,43,No,No,No,Santa Margarita,California,72,49-72,Two Year,DSL,Credit Card,61.2,4390.25,4390.25,3,38,4085,0,No,,,Normal
5619-XZZKR,Male,47,No,No,No,Santa Maria,California,4,0-12,One Year,,Credit Card,19.95,68.2,95.64,4,35,2195,0,No,,,Normal
3948-FVVRP,Male,43,No,Yes,Yes,Santa Maria,California,9,0-12,Month-to-Month,DSL,Credit Card,54.8,452.8,852.94,4,73,2848,0,No,,,Normal
0983-TATYJ,Female,42,No,Yes,No,Santa Ynez,California,33,25-48,One Year,DSL,Credit Card,51.45,1758.9,3345.87,3,59,4935,0,No,,,Normal
1813-JYWTO,Female,59,No,Yes,No,Shandon,California,72,49-72,Two Year,Fiber Optic,Bank Withdrawal,80.45,5737.6,6316.160000000001,4,62,4202,0,No,,,Normal
6719-OXYBR,Male,41,No,No,No,California City,California,15,13-24,Month-to-Month,Fiber Optic,Bank Withdrawal,85.3,1219.85,1629.35,3,51,5559,0,No,,,Normal
6476-YHMGA,Female,63,No,Yes,Yes,Benton,California,15,13-24,Month-to-Month,DSL,Bank Withdrawal,76.5,1155.6,1752.15,5,76,3851,0,No,,,Normal
0168-XZKBB,Female,34,No,Yes,No,Boron,California,19,13-24,Month-to-Month,Fiber Optic,Bank Withdrawal,86.85,1564.4,1713.36,5,64,5072,0,No,,,Normal
5602-BVFMK,Female,58,No,No,No,Independence,California,12,0-12,One Year,,Credit Card,19.3,228.75,730.11,5,77,2868,0,No,,,Normal
6297-NOOPG,Female,41,No,Yes,No,Temecula,California,70,49-72,Two Year,Fiber Optic,Bank Withdrawal,110.5,7752.05,9749.85,4,64,5979,0,No,,,Normal
8204-TIFGJ,Female,38,No,No,No,June Lake,California,23,13-24,Month-to-Month,,Bank Withdrawal,20.3,470.6,844.58,3,43,3630,0,No,,,Normal
1089-XZWHH,Female,43,No,Yes,Yes,Lee Vining,California,24,13-24,Two Year,,Credit Card,19.7,494.05,1605.2499999999998,5,31,3594,0,No,,,Normal
2325-WINES,Female,44,No,No,No,Littlerock,California,32,25-48,One Year,Fiber Optic,Credit Card,104.05,3416.85,3871.57,4,60,2335,0,No,,,Normal
6064-ZATLR,Female,44,No,No,No,Llano,California,27,25-48,Two Year,DSL,Bank Withdrawal,52.85,1498.65,1783.5,3,23,2842,0,No,,,Normal
7824-PANSQ,Male,52,No,No,No,Mammoth Lakes,California,58,49-72,Month-to-Month,Fiber Optic,Bank Withdrawal,80.65,4807.35,7398.210000000001,5,33,6043,0,No,,,Normal
9648-BCHKM,Female,22,No,Yes,Yes,Palmdale,California,18,13-24,Two Year,,Credit Card,24.65,471.35,1257.77,3,78,5231,0,No,,,High Risk
2888-ADFAO,Female,47,No,Yes,Yes,Palmdale,California,47,25-48,Two Year,,Bank Withdrawal,21.3,1041.8,1227.45,4,30,2861,0,No,,,Normal
8707-HOEDG,Female,26,No,Yes,Yes,Palmdale,California,70,49-72,Two Year,Fiber Optic,Bank Withdrawal,110.2,7689.8,8225.5,3,53,4098,0,No,,,Normal
4072-IPYLT,Female,32,No,Yes,Yes,Randsburg,California,36,25-48,Month-to-Month,DSL,Credit Card,51.05,1815.0,2525.28,3,56,2161,0,No,,,Normal
7167-PCEYD,Male,31,No,No,No,Temecula,California,67,49-72,Two Year,,Credit Card,19.8,1311.3,1627.54,3,75,4260,0,No,,,Normal
4936-YPJNK,Female,56,No,No,No,Rosamond,California,10,0-12,Month-to-Month,,Credit Card,19.9,199.45,437.85,4,65,5811,0,No,,,Normal
4817-KEQSP,Female,43,No,Yes,Yes,Temecula,California,71,49-72,Two Year,,Bank Withdrawal,19.85,1326.35,2521.99,4,54,6342,0,No,,,Normal
6408-WHTEF,Male,45,No,Yes,Yes,Valyermo,California,72,49-72,Two Year,DSL,Credit Card,89.4,6376.55,6574.55,3,52,6044,0,No,,,Normal
9251-AWQGT,Female,19,No,Yes,Yes,Palmdale,California,48,25-48,Two Year,,Credit Card,20.0,935.9,1404.86,5,50,2608,0,No,,,Normal
7989-VCQOH,Male,29,No,Yes,Yes,Auberry,California,18,13-24,Month-to-Month,DSL,Bank Withdrawal,83.25,1611.15,1796.37,3,43,2065,0,No,,,Normal
8882-TLVRW,Male,52,No,Yes,Yes,Big Creek,California,69,49-72,Two Year,DSL,Credit Card,39.1,2779.5,2779.5,3,53,5987,0,No,,,Normal
3580-GICBM,Female,56,No,Yes,Yes,Clovis,California,61,49-72,Two Year,,Credit Card,24.2,1445.2,3570.4400000000005,3,51,6201,0,No,,,Normal
9730-DRTMJ,Male,26,No,Yes,No,Coarsegold,California,32,25-48,One Year,DSL,Credit Card,72.8,2333.05,2826.17,5,78,3278,0,No,,,Normal
4686-UXDML,Female,24,No,No,No,Cutler,California,21,13-24,Month-to-Month,Fiber Optic,Credit Card,99.85,1992.55,2514.61,3,74,2113,0,No,,,Normal
0932-YIXYU,Female,50,No,No,No,Dos Palos,California,47,25-48,Two Year,,Credit Card,20.25,1029.8,1445.75,3,64,5134,0,No,,,Normal
7480-SPLEF,Male,63,No,Yes,Yes,Dunlap,California,69,49-72,Two Year,,Bank Withdrawal,26.0,1796.55,2596.95,3,22,4933,0,No,,,Normal
1431-CYWMH,Female,35,No,Yes,Yes,Fish Camp,California,22,13-24,Month-to-Month,,Bank Withdrawal,19.05,454.05,1475.95,3,30,4312,0,No,,,Normal
6349-JDHQP,Female,62,No,No,No,Fowler,California,53,49-72,Two Year,,Credit Card,19.85,1049.6,2046.53,3,36,6338,0,No,,,Normal
5847-MXBEO,Male,42,No,No,No,Helm,California,22,13-24,One Year,,Credit Card,20.3,475.1,703.02,5,50,4510,0,No,,,Normal
1116-FRYVH,Female,29,No,Yes,Yes,Kingsburg,California,48,25-48,Two Year,DSL,Credit Card,39.4,1978.65,2108.65,4,26,5701,0,No,,,Normal
1183-CANVH,Female,55,No,Yes,No,Escondido,California,23,13-24,One Year,DSL,Bank Withdrawal,60.0,1347.15,1379.12,4,54,3835,0,No,,,Normal
1972-XMUWV,Female,46,No,Yes,No,Miramonte,California,65,49-72,Two Year,Cable,Credit Card,59.8,3808.2,4473.15,5,37,6034,0,No,,,Normal
8679-LZBMD,Male,30,No,Yes,No,North Fork,California,44,25-48,One Year,Fiber Optic,Bank Withdrawal,90.65,3974.15,5019.15,5,26,3786,0,No,,,Normal
3407-JMJQQ,Female,22,No,Yes,Yes,Oakhurst,California,71,49-72,Two Year,Fiber Optic,Bank Withdrawal,109.0,7661.8,7942.44,3,35,4204,0,No,,,Normal
6252-DFGTK,Female,64,No,Yes,No,O Neals,California,37,25-48,One Year,DSL,Credit Card,68.1,2479.25,3602.57,4,60,2873,0,No,,,Normal
1539-LNKHM,Female,53,No,No,No,Orange Cove,California,12,0-12,Month-to-Month,,Credit Card,20.4,266.6,545.0,4,60,4497,0,No,,,Normal
8645-KOMJQ,Male,20,No,Yes,Yes,Orosi,California,69,49-72,Two Year,DSL,Bank Withdrawal,81.95,5601.4,8993.439999999999,5,59,6182,0,No,,,Normal
0289-IVARM,Female,57,No,No,No,Parlier,California,35,25-48,Month-to-Month,DSL,Bank Withdrawal,60.55,1982.6,3550.95,4,34,3463,0,No,,,Normal
9761-XUJWD,Male,22,No,No,No,Fresno,California,5,0-12,Month-to-Month,DSL,Bank Withdrawal,65.6,339.9,382.9,4,65,5636,0,No,,,Normal
4057-FKCZK,Male,40,No,Yes,Yes,Prather,California,58,49-72,Two Year,Fiber Optic,Bank Withdrawal,82.5,4828.05,6563.99,3,25,4348,0,No,,,Normal
4291-TPNFG,Male,56,No,Yes,No,Raisin City,California,72,49-72,Two Year,DSL,Bank Withdrawal,82.3,5980.55,8229.43,3,76,5219,0,No,,,High Risk
6087-YPWHO,Male,56,No,Yes,No,Raymond,California,72,49-72,Two Year,DSL,Credit Card,68.15,4808.7,6055.02,3,34,4613,0,No,,,Normal
1722-LDZJS,Male,38,No,Yes,Yes,Sanger,California,53,49-72,One Year,,Credit Card,20.2,1068.15,2151.4700000000003,4,22,6050,0,No,,,Normal
1818-ESQMW,Female,31,No,No,No,San Joaquin,California,27,25-48,Month-to-Month,Fiber Optic,Bank Withdrawal,89.2,2383.6,3453.34,3,54,4384,0,No,,,Normal
7401-RUBNK,Female,25,No,Yes,No,South Dos Palos,California,18,13-24,Month-to-Month,Fiber Optic,Bank Withdrawal,74.8,1438.05,2217.27,3,39,4809,0,No,,,Normal
0506-YLVKJ,Male,54,No,Yes,Yes,Sultana,California,46,25-48,Two Year,,Credit Card,20.2,917.45,3029.7700000000004,3,35,3136,0,No,,,Normal
8661-BOYNW,Female,38,No,Yes,No,Tollhouse,California,72,49-72,Two Year,DSL,Credit Card,84.4,6096.45,6474.45,3,44,5046,0,No,,,Normal
4815-GBTCD,Female,55,No,Yes,No,Wishon,California,4,0-12,Month-to-Month,DSL,Bank Withdrawal,25.15,99.95,99.95,4,31,3891,0,No,,,Normal
2805-AUFQN,Female,42,No,No,No,Traver,California,25,25-48,Two Year,,Credit Card,19.8,475.2,823.45,3,20,3875,0,No,,,Normal
0980-PVMRC,Female,27,No,Yes,Yes,Squaw Valley,California,40,25-48,Month-to-Month,DSL,Bank Withdrawal,50.85,2036.55,2036.55,3,35,2819,0,No,,,Normal
7233-DRTRF,Male,47,No,Yes,No,Fresno,California,63,49-72,Month-to-Month,Fiber Optic,Bank Withdrawal,102.4,6444.05,7562.3,4,43,5096,0,No,,,Normal
3873-NFTGI,Male,54,No,No,No,Fresno,California,14,13-24,Month-to-Month,DSL,Credit Card,55.5,767.55,1026.27,4,68,3520,0,No,,,Normal
7048-GXDAY,Male,55,No,No,No,Fresno,California,39,25-48,Month-to-Month,Fiber Optic,Bank Withdrawal,106.4,4040.65,4710.280000000001,4,66,4111,0,No,,,Normal
8571-ZCMCX,Female,37,No,Yes,Yes,Fresno,California,47,25-48,Two Year,DSL,Credit Card,60.0,2768.65,2768.65,3,48,3248,0,No,,,Normal
1169-WCVAK,Male,42,No,Yes,No,Fresno,California,19,13-24,Month-to-Month,Fiber Optic,Credit Card,88.8,1672.35,2319.3,3,63,4600,0,No,,,Normal
7129-CAKJW,Female,62,No,No,No,Fresno,California,17,13-24,Month-to-Month,Fiber Optic,Bank Withdrawal,80.05,1345.65,2109.9700000000003,5,27,3443,0,No,,,Normal
3570-YUEKJ,Female,40,No,No,No,Fresno,California,42,25-48,Month-to-Month,DSL,Bank Withdrawal,49.55,2077.95,2443.77,5,43,3637,0,No,,,Normal
1555-HAPSU,Female,25,No,Yes,Yes,Fresno,California,71,49-72,Two Year,,Credit Card,23.9,1663.5,3751.61,5,59,5471,0,No,,,Normal
8464-EETCQ,Male,45,No,No,No,Salinas,California,57,49-72,Two Year,,Credit Card,18.8,1094.35,2216.6800000000003,5,58,6466,0,No,,,Normal
2419-FSORS,Male,29,No,Yes,No,Salinas,California,72,49-72,Two Year,Fiber Optic,Bank Withdrawal,108.4,7719.5,8488.46,4,33,4394,0,No,,,Normal
8132-YPVBX,Female,28,No,No,No,Salinas,California,6,0-12,Month-to-Month,Fiber Optic,Credit Card,85.95,514.6,758.44,5,80,3291,0,No,,,Normal
6754-LZUKA,Male,29,No,Yes,No,Escondido,California,61,49-72,Two Year,DSL,Bank Withdrawal,80.9,4932.5,6354.41,3,64,4161,0,No,,,Normal
8099-MZPUJ,Male,49,No,Yes,Yes,Carmel,California,48,25-48,Two Year,Fiber Optic,Credit Card,111.8,5443.65,6047.009999999999,3,57,3922,0,No,,,Normal
0787-LHDYT,Male,36,No,No,No,Carmel Valley,California,16,13-24,Month-to-Month,,Credit Card,20.6,330.25,865.29,3,64,5667,0,No,,,Normal
3197-NNYNB,Male,47,No,No,No,Jolon,California,65,49-72,Two Year,Fiber Optic,Credit Card,105.1,6631.85,8435.6,3,28,5649,0,No,,,Normal
3396-DKDEL,Female,45,No,Yes,Yes,King City,California,70,49-72,Two Year,Fiber Optic,Credit Card,115.15,8250.0,9045.2,4,80,4388,0,No,,,Normal
1752-OZXFY,Male,39,No,Yes,No,Lockwood,California,60,49-72,One Year,DSL,Credit Card,59.8,3561.15,4475.55,3,63,5488,0,No,,,Normal
9066-QRSDU,Female,23,No,Yes,No,Marina,California,69,49-72,One Year,,Bank Withdrawal,26.3,1763.55,3287.07,4,25,5418,0,No,,,Normal
9867-NNXLC,Female,43,No,No,No,Pacific Grove,California,22,13-24,Month-to-Month,,Credit Card,20.05,470.2,1216.44,5,44,5555,0,No,,,Normal
5321-NTRKC,Male,25,No,Yes,Yes,Pebble Beach,California,66,49-72,Two Year,DSL,Bank Withdrawal,79.85,5234.95,7545.61,5,56,6236,0,No,,,Normal
3161-GETRM,Male,61,No,Yes,Yes,Soledad,California,34,25-48,Month-to-Month,Fiber Optic,Credit Card,90.05,3097.0,3778.7,4,59,4648,0,No,,,Normal
0402-OAMEN,Female,36,No,Yes,Yes,Spreckels,California,72,49-72,Two Year,,Bank Withdrawal,24.45,1709.1,3189.42,3,64,5335,0,No,,,Normal
6933-VLYFX,Male,64,No,Yes,Yes,Belmont,California,31,25-48,One Year,Cable,Bank Withdrawal,59.95,1848.8,1848.8,3,37,4337,0,No,,,Normal
6754-WKSHP,Male,61,No,No,Yes,Brisbane,California,30,25-48,One Year,,Bank Withdrawal,25.35,723.3,851.4,3,47,5915,0,No,,,Normal
5055-MGMGF,Female,35,No,Yes,No,Half Moon Bay,California,65,49-72,Month-to-Month,Fiber Optic,Bank Withdrawal,105.05,6914.95,9621.1,3,53,5313,0,No,,,Normal
4641-FROLU,Female,49,No,Yes,Yes,La Honda,California,30,25-48,Two Year,,Credit Card,19.3,602.9,950.9,4,30,4453,0,No,,,Normal
2862-JVEOY,Male,33,No,No,No,Loma Mar,California,6,0-12,One Year,,Credit Card,19.15,124.4,187.64,5,41,5322,0,No,,,Normal
9822-BIIGN,Male,61,No,Yes,Yes,Los Altos,California,53,49-72,Month-to-Month,Cable,Bank Withdrawal,71.85,3827.9,5288.58,4,52,4903,0,No,,,Normal
1534-OULXE,Female,34,No,Yes,Yes,Atherton,California,61,49-72,One Year,DSL,Bank Withdrawal,49.7,2961.4,5575.25,3,46,4577,0,No,,,Normal
2971-SGAFL,Female,34,No,No,No,Millbrae,California,13,13-24,Month-to-Month,DSL,Bank Withdrawal,78.75,995.35,1544.55,4,79,5631,0,No,,,High Risk
9391-YZEJW,Female,42,No,No,No,Mountain View,California,62,49-72,One Year,Fiber Optic,Bank Withdrawal,94.0,5757.2,7759.18,3,25,4778,0,No,,,Normal
9958-MEKUC,Male,26,No,Yes,Yes,Pacifica,California,72,49-72,Two Year,Fiber Optic,Credit Card,103.95,7517.7,10824.66,3,26,4495,0,No,,,Normal
0281-CNTZX,Male,56,No,Yes,No,Pescadero,California,63,49-72,Two Year,,Bank Withdrawal,19.95,1234.8,3651.48,3,74,5151,0,No,,,High Risk
9114-VEPUF,Male,19,No,Yes,No,Redwood City,California,62,49-72,One Year,Fiber Optic,Bank Withdrawal,96.1,6001.45,7893.07,4,61,6139,0,No,,,Normal
7876-BEUTG,Female,34,No,No,No,San Bruno,California,15,13-24,Month-to-Month,DSL,Credit Card,48.8,720.1,1118.2,4,57,2577,0,No,,,Normal
2338-BQEZT,Female,38,No,No,No,San Carlos,California,55,49-72,Month-to-Month,DSL,Credit Card,50.55,2832.75,3031.85,3,44,6250,0,No,,,Normal
9873-MNDKV,Female,59,No,No,No,San Gregorio,California,11,0-12,Month-to-Month,DSL,Credit Card,44.65,472.25,793.01,3,64,4492,0,No,,,Normal
8241-JUIQO,Female,24,No,No,No,Sunnyvale,California,61,49-72,One Year,,Bank Withdrawal,19.45,1336.35,2916.86,4,26,4559,0,No,,,Normal
2194-IIQOF,Female,38,No,Yes,No,Sunnyvale,California,71,49-72,Two Year,DSL,Credit Card,89.3,6388.65,7801.549999999999,3,30,4658,0,No,,,Normal
9631-RXVJM,Male,33,No,No,No,San Francisco,California,35,25-48,Two Year,,Credit Card,19.25,677.9,826.3,4,77,2682,0,No,,,Normal
9584-EXCDZ,Female,53,No,No,No,San Francisco,California,17,13-24,Month-to-Month,Fiber Optic,Bank Withdrawal,70.5,1165.6,1875.86,3,53,3650,0,No,,,Normal
5093-FEGLU,Female,21,No,Yes,No,San Francisco,California,47,25-48,Two Year,,Bank Withdrawal,19.65,921.55,3078.8499999999995,5,28,4159,0,No,,,Normal
3410-MHHUM,Female,40,No,Yes,Yes,San Francisco,California,44,25-48,One Year,Fiber Optic,Bank Withdrawal,94.4,4295.35,5422.59,5,73,5019,0,No,,,High Risk
2122-YWVYA,Female,44,No,No,No,San Francisco,California,18,13-24,Month-to-Month,Fiber Optic,Bank Withdrawal,75.4,1380.4,1650.5800000000002,4,53,4792,0,No,,,Normal
2296-DKZFP,Female,25,No,Yes,No,San Francisco,California,65,49-72,Two Year,DSL,Bank Withdrawal,71.0,4386.2,4470.05,4,32,6308,0,No,,,Normal
6603-YRDCJ,Male,19,No,Yes,No,San Francisco,California,33,25-48,Two Year,DSL,Credit Card,61.05,2018.4,2542.77,3,21,3215,0,No,,,Normal
3229-USWAR,Female,40,No,No,No,San Francisco,California,34,25-48,One Year,DSL,Bank Withdrawal,79.95,2727.3,2908.1800000000003,4,26,3570,0,No,,,Normal
2138-VFAPZ,Female,40,No,Yes,Yes,San Francisco,California,14,13-24,Two Year,,Credit Card,19.7,263.65,478.27,4,68,2966,0,No,,,Normal
6131-JLWZM,Female,27,No,No,No,San Francisco,California,13,13-24,Month-to-Month,,Credit Card,20.3,275.4,561.53,4,45,5332,0,No,,,Normal
0269-XFESX,Male,22,No,Yes,Yes,San Francisco,California,23,13-24,One Year,,Credit Card,24.35,538.5,1642.96,5,30,4031,0,No,,,Normal
1709-EJDOX,Female,33,No,Yes,Yes,San Francisco,California,47,25-48,Two Year,,Credit Card,19.75,948.9,2901.28,3,34,3843,0,No,,,Normal
4316-XCSLJ,Male,35,No,No,Yes,Palo Alto,California,17,13-24,Month-to-Month,DSL,Credit Card,50.3,846.8,1622.17,3,33,3202,0,No,,,Normal
0383-CLDDA,Female,42,No,No,No,Stanford,California,69,49-72,Two Year,DSL,Credit Card,85.35,5897.4,7171.83,3,37,6499,0,No,,,Normal
2709-UQGNP,Male,38,No,No,No,San Mateo,California,10,0-12,Month-to-Month,Cable,Credit Card,51.65,524.5,1014.9,4,45,4292,0,No,,,Normal
3549-ZTMNH,Male,56,No,Yes,Yes,San Mateo,California,12,0-12,Two Year,,Bank Withdrawal,24.0,269.65,583.69,3,69,3705,0,No,,,Normal
8033-ATFAS,Female,32,No,Yes,Yes,San Mateo,California,39,25-48,Month-to-Month,Cable,Credit Card,59.85,2341.5,4218.96,3,47,3900,0,No,,,Normal
0562-HKHML,Male,39,No,Yes,Yes,Alameda,California,71,49-72,Two Year,,Credit Card,23.9,1626.4,2974.69,4,71,5574,0,No,,,High Risk
8277-RVRSV,Female,22,No,Yes,Yes,Danville,California,33,25-48,One Year,,Credit Card,24.15,800.3,856.7299999999999,4,73,4501,0,No,,,Normal
7054-ENNGU,Female,19,No,Yes,No,Benicia,California,9,0-12,Month-to-Month,Cable,Credit Card,50.85,466.6,579.9100000000001,4,26,4623,0,No,,,Normal
1455-HFBXA,Male,61,No,Yes,No,Bethel Island,California,52,49-72,Two Year,Fiber Optic,Credit Card,91.6,4627.8,5624.84,3,62,6069,0,No,,,Normal
9402-CXWPL,Female,25,No,No,No,Birds Landing,California,70,49-72,One Year,Fiber Optic,Bank Withdrawal,98.9,6838.6,7425.900000000001,5,20,5980,0,No,,,Normal
5343-SGUBI,Female,43,No,No,No,Concord,California,52,49-72,One Year,Fiber Optic,Credit Card,80.2,4297.6,6528.4,4,51,5597,0,No,,,Normal
0856-NAOES,Male,29,No,No,No,Concord,California,6,0-12,Month-to-Month,DSL,Credit Card,60.9,414.1,688.12,5,80,2191,0,No,,,Normal
1976-AZZPJ,Male,47,No,Yes,No,Concord,California,7,0-12,Month-to-Month,DSL,Credit Card,34.2,256.6,256.6,4,32,5100,0,No,,,Normal
6156-UZDLF,Female,19,No,No,No,Pleasant Hill,California,26,25-48,One Year,Fiber Optic,Credit Card,87.15,2274.1,3466.44,3,77,5689,0,No,,,High Risk
3099-OONVS,Male,34,No,Yes,Yes,Crockett,California,25,25-48,Month-to-Month,DSL,Bank Withdrawal,54.3,1296.8,2246.05,4,63,3971,0,No,,,Normal
9500-WBGRP,Male,19,No,No,No,Danville,California,69,49-72,Two Year,,Credit Card,19.1,1268.85,4200.66,3,31,4535,0,No,,,Normal
5183-KLYEM,Female,30,No,No,No,El Cerrito,California,72,49-72,Two Year,Fiber Optic,Credit Card,112.75,8192.6,10729.88,4,60,4927,0,No,,,Normal
5144-PQCDZ,Male,55,No,No,No,Fairfield,California,4,0-12,Month-to-Month,,Credit Card,19.95,59.25,198.69,5,64,3172,0,No,,,Normal
8514-VZHEB,Male,35,No,Yes,Yes,Travis Afb,California,59,49-72,Two Year,,Credit Card,19.5,1147.85,2254.1,3,50,5293,0,No,,,Normal
6625-IUTTT,Male,29,No,No,No,Fremont,California,67,49-72,Two Year,Cable,Bank Withdrawal,65.55,4361.55,7734.13,4,54,6035,0,No,,,Normal
0068-FIGTF,Female,20,No,No,No,Fremont,California,27,25-48,One Year,DSL,Credit Card,78.2,2078.95,3399.5199999999995,3,54,2297,0,No,,,Normal
5965-GGPRW,Male,41,No,Yes,Yes,Hayward,California,72,49-72,Two Year,Fiber Optic,Bank Withdrawal,105.25,7609.75,10205.35,3,78,4427,0,No,,,Normal
8035-PWSEV,Female,60,No,No,No,Hayward,California,6,0-12,Month-to-Month,Fiber Optic,Bank Withdrawal,89.25,487.05,702.33,3,76,4430,0,No,,,Normal
2236-HILPA,Male,55,No,Yes,Yes,Hayward,California,62,49-72,Two Year,,Credit Card,20.65,1218.45,1909.75,5,40,6403,0,No,,,Normal
1840-BIUOG,Male,23,No,No,No,Hayward,California,20,13-24,One Year,DSL,Bank Withdrawal,68.7,1416.2,2066.2,3,73,2989,0,No,,,Normal
1356-MKYSK,Male,44,No,No,No,Castro Valley,California,6,0-12,Month-to-Month,DSL,Credit Card,78.65,483.3,772.84,3,68,2724,0,No,,,Normal
6080-LNESI,Male,63,No,No,No,Hercules,California,51,49-72,Two Year,,Credit Card,24.75,1234.6,2156.17,3,46,5080,0,No,,,Normal
1830-IPXVJ,Female,44,No,Yes,Yes,Lafayette,California,61,49-72,Two Year,,Credit Card,19.75,1311.6,2861.0,3,22,6108,0,No,,,Normal
8398-TBIYD,Female,45,No,No,No,Castro Valley,California,72,49-72,Two Year,Fiber Optic,Bank Withdrawal,84.7,6185.15,6795.71,3,78,4520,0,No,,,Normal
9418-RUKPH,Female,26,No,Yes,Yes,Newark,California,38,25-48,Two Year,,Credit Card,19.95,756.4,2652.6,4,75,3614,0,No,,,Normal
4712-AUQZO,Male,53,No,No,No,Pinole,California,18,13-24,Month-to-Month,DSL,Credit Card,33.6,550.35,550.35,4,21,5388,0,No,,,Normal
9711-FJTBX,Male,60,No,Yes,Yes,Pittsburg,California,56,49-72,One Year,Fiber Optic,Credit Card,85.85,4793.8,5436.68,4,28,5058,0,No,,,Normal
2908-ZTPNF,Female,41,No,No,No,Pleasanton,California,36,25-48,Month-to-Month,Cable,Bank Withdrawal,34.85,1267.2,1267.2,4,50,4452,0,No,,,Normal
1414-YADCW,Male,45,No,Yes,No,Deer Park,California,70,49-72,Two Year,Fiber Optic,Bank Withdrawal,84.6,5706.2,5781.099999999999,3,39,5679,0,No,,,Normal
8756-RDDLT,Female,53,No,No,No,San Leandro,California,68,49-72,Month-to-Month,Cable,Bank Withdrawal,44.95,3085.35,3085.35,3,63,5750,0,No,,,Normal
5816-QVHRX,Female,26,No,No,No,San Leandro,California,37,25-48,Month-to-Month,Fiber Optic,Credit Card,100.3,3541.4,5208.62,5,44,4040,0,No,,,Normal
4430-YHXGG,Female,20,No,No,Yes,San Lorenzo,California,4,0-12,Month-to-Month,,Credit Card,25.45,84.2,240.08,5,77,2616,0,No,,,Normal
7395-XWZOY,Male,45,No,No,No,Suisun City,California,20,13-24,Month-to-Month,DSL,Credit Card,55.0,1165.55,1165.55,3,68,4481,0,No,,,Normal
7169-YWAMK,Male,52,No,Yes,Yes,Sunol,California,72,49-72,Two Year,DSL,Bank Withdrawal,68.4,4855.35,6004.47,3,79,5504,0,No,,,High Risk
6859-RKMZJ,Male,38,No,Yes,No,Vallejo,California,11,0-12,Month-to-Month,DSL,Bank Withdrawal,55.05,608.15,1094.35,3,21,2762,0,No,,,Normal
2729-VNVAP,Female,35,No,Yes,Yes,Vallejo,California,33,25-48,Two Year,,Credit Card,19.8,641.35,1054.18,4,42,2635,0,No,,,Normal
3842-QTGDL,Male,59,No,Yes,No,Walnut Creek,California,16,13-24,Month-to-Month,Fiber Optic,Bank Withdrawal,80.75,1321.3,2057.3,3,55,2942,0,No,,,Normal
7163-OCEQI,Male,64,No,Yes,Yes,Walnut Creek,California,22,13-24,One Year,DSL,Credit Card,78.65,1663.75,2459.05,3,67,3571,0,No,,,Normal
9782-LGXMC,Female,35,No,Yes,Yes,Walnut Creek,California,49,49-72,Month-to-Month,DSL,Bank Withdrawal,61.75,3024.15,4753.360000000001,3,39,5511,0,No,,,Normal
5975-BAICR,Male,36,No,Yes,Yes,Yountville,California,36,25-48,One Year,DSL,Credit Card,63.7,2188.5,3896.7,3,31,2504,0,No,,,Normal
4673-KKSLS,Female,56,No,No,No,Oakland,California,31,25-48,Month-to-Month,Fiber Optic,Bank Withdrawal,87.6,2724.25,4062.77,4,48,5094,0,No,,,Normal
4853-OITSN,Male,33,No,Yes,No,Oakland,California,5,0-12,Month-to-Month,Fiber Optic,Bank Withdrawal,89.15,413.25,491.95,3,27,2576,0,No,,,Normal
9800-OUIGR,Male,61,No,Yes,Yes,Oakland,California,66,49-72,Two Year,,Credit Card,20.0,1374.2,1890.98,3,74,5011,0,No,,,High Risk
2324-EFHVG,Male,37,No,No,No,Oakland,California,64,49-72,Two Year,Fiber Optic,Bank Withdrawal,104.4,6692.65,9625.13,4,38,5617,0,No,,,Normal
7094-MSZAO,Male,55,No,Yes,Yes,Oakland,California,10,0-12,Month-to-Month,,Credit Card,20.05,218.5,356.8,4,23,2049,0,No,,,Normal
6907-CQGPN,Male,40,No,No,No,Oakland,California,29,25-48,Month-to-Month,DSL,Bank Withdrawal,34.3,1004.75,1004.75,5,65,2555,0,No,,,Normal
0780-XNZFN,Male,60,No,No,No,Oakland,California,57,49-72,Two Year,,Bank Withdrawal,20.65,1125.6,1221.9299999999998,5,49,4193,0,No,,,Normal
0239-OXEXL,Female,37,No,No,No,Oakland,California,46,25-48,Month-to-Month,Fiber Optic,Credit Card,84.25,3847.6,5938.02,4,49,3509,0,No,,,Normal
2675-IJRGJ,Male,62,No,No,No,Oakland,California,53,49-72,Two Year,,Bank Withdrawal,19.65,978.0,2206.01,3,68,5878,0,No,,,Normal
7049-GKVZY,Female,45,No,No,No,Berkeley,California,17,13-24,One Year,Cable,Credit Card,79.85,1387.35,1603.08,3,42,5574,0,No,,,Normal
8577-QSOCG,Female,54,No,Yes,Yes,Berkeley,California,38,25-48,Two Year,,Credit Card,20.2,746.05,1765.9699999999998,4,63,2631,0,No,,,Normal
3721-CNZHX,Male,49,No,No,No,Berkeley,California,15,13-24,One Year,,Credit Card,19.8,304.6,387.7000000000001,4,28,5753,0,No,,,Normal
0212-ISBBF,Female,51,No,No,No,Berkeley,California,22,13-24,Month-to-Month,Cable,Bank Withdrawal,50.35,1098.85,1098.85,3,73,2875,0,No,,,Normal
3585-YNADK,Female,25,No,Yes,No,Berkeley,California,57,49-72,One Year,Cable,Bank Withdrawal,74.6,4368.95,4746.86,4,76,4546,0,No,,,Normal
6828-HMKWP,Male,24,No,Yes,Yes,Berkeley,California,12,0-12,Two Year,,Bank Withdrawal,21.05,262.05,858.45,4,25,4843,0,No,,,Normal
1472-TNCWL,Male,55,No,No,Yes,El Sobrante,California,36,25-48,Month-to-Month,Fiber Optic,Bank Withdrawal,94.7,3512.5,4279.3,3,76,4671,0,No,,,Normal
2193-SFWQW,Male,47,No,Yes,Yes,San Rafael,California,72,49-72,Two Year,Fiber Optic,Bank Withdrawal,111.95,8033.1,9766.86,3,25,4004,0,No,,,Normal
5656-JAMLX,Male,29,No,No,No,Greenbrae,California,62,49-72,Two Year,,Bank Withdrawal,19.85,1253.65,2132.19,5,45,4278,0,No,,,Normal
3462-BJQQA,Female,23,No,No,No,Belvedere Tiburon,California,6,0-12,Month-to-Month,Fiber Optic,Bank Withdrawal,89.75,552.65,819.17,5,63,2370,0,No,,,Normal
0442-TDYUO,Male,44,No,Yes,No,Bodega,California,48,25-48,Two Year,,Credit Card,20.05,1036.0,2622.88,3,28,2964,0,No,,,Normal
6733-LRIZX,Male,42,No,No,No,Bodega Bay,California,35,25-48,Two Year,Fiber Optic,Bank Withdrawal,108.95,4025.5,4727.95,3,32,5903,0,No,,,Normal
9503-XJUME,Male,23,No,No,Yes,Bolinas,California,52,49-72,One Year,,Credit Card,19.65,928.4,2106.2,4,34,4279,0,No,,,Normal
3779-OSWCF,Female,38,No,Yes,No,Dillon Beach,California,71,49-72,Two Year,Cable,Credit Card,93.2,6506.15,7366.67,3,69,4493,0,No,,,Normal
6736-DHUQI,Female,64,No,Yes,Yes,Fairfax,California,67,49-72,One Year,Fiber Optic,Bank Withdrawal,84.8,5598.3,5830.79,4,66,6072,0,No,,,Normal
1360-RCYRT,Male,45,No,Yes,Yes,Forest Knolls,California,23,13-24,Month-to-Month,DSL,Bank Withdrawal,30.35,678.75,678.75,4,62,4960,0,No,,,Normal
2724-FJDYW,Male,31,No,No,Yes,Inverness,California,39,25-48,One Year,DSL,Bank Withdrawal,54.85,2191.7,2191.7,4,72,3884,0,No,,,Normal
4451-RWASJ,Male,35,No,Yes,Yes,Lagunitas,California,15,13-24,One Year,,Credit Card,19.5,239.75,980.15,4,59,5471,0,No,,,Normal
3460-TJBWI,Male,58,No,Yes,Yes,Marshall,California,24,13-24,Two Year,,Credit Card,24.2,609.05,785.93,5,46,5865,0,No,,,Normal
5917-HBSDW,Female,20,No,Yes,Yes,Mill Valley,California,37,25-48,Month-to-Month,,Bank Withdrawal,19.35,683.75,782.91,5,31,2360,0,No,,,Normal
0956-ACVZC,Female,23,No,No,No,Novato,California,54,49-72,One Year,Fiber Optic,Credit Card,94.1,5060.9,7845.28,3,70,4084,0,No,,,Normal
4482-FTFFX,Male,23,No,No,No,Penngrove,California,5,0-12,Month-to-Month,DSL,Bank Withdrawal,56.15,291.45,425.75,4,78,5232,0,No,,,High Risk
8859-DZTGQ,Male,21,No,No,No,Petaluma,California,33,25-48,Two Year,,Credit Card,20.35,689.75,1167.59,3,71,2507,0,No,,,Normal
0440-MOGPM,Female,51,No,No,No,Petaluma,California,41,25-48,One Year,DSL,Bank Withdrawal,80.55,3263.9,3516.46,3,29,4176,0,No,,,Normal
0020-JDNXP,Female,52,No,Yes,Yes,Point Reyes Station,California,34,25-48,One Year,DSL,Credit Card,61.25,1993.2,1993.2,4,37,3607,0,No,,,Normal
3752-CQSJI,Female,59,No,Yes,Yes,San Anselmo,California,13,13-24,Month-to-Month,,Credit Card,20.45,254.5,467.7,3,25,5417,0,No,,,Normal
5025-GOOKI,Female,46,No,No,No,San Geronimo,California,20,13-24,Month-to-Month,,Credit Card,18.9,347.65,1024.85,5,51,4277,0,No,,,Normal
2887-JPYLU,Female,58,No,No,Yes,Stinson Beach,California,41,25-48,Month-to-Month,DSL,Bank Withdrawal,45.2,1841.9,3438.44,5,42,4418,0,No,,,Normal
4770-QAZXN,Female,42,No,No,No,Tomales,California,13,13-24,Month-to-Month,,Credit Card,19.45,232.1,834.0,5,54,2783,0,No,,,Normal
4896-CPRPF,Male,38,No,Yes,Yes,Valley Ford,California,35,25-48,Two Year,,Bank Withdrawal,25.45,809.25,1287.7,4,36,4873,0,No,,,Normal
9714-EDSUC,Male,25,No,No,No,Alviso,California,4,0-12,Month-to-Month,Fiber Optic,Credit Card,94.9,360.55,406.55,4,22,3094,0,No,,,Normal
7353-YOWFP,Female,41,No,No,No,Brookdale,California,7,0-12,One Year,,Credit Card,20.25,129.15,406.28,5,54,4208,0,No,,,Normal
8008-ESFLK,Female,43,No,Yes,No,Capitola,California,53,49-72,One Year,Fiber Optic,Bank Withdrawal,110.5,5835.5,6189.54,3,59,4135,0,No,,,Normal
3363-EWLGO,Female,33,No,No,No,Freedom,California,5,0-12,Month-to-Month,,Credit Card,19.95,109.6,283.6,3,67,5252,0,No,,,Normal
1689-YQBYY,Female,43,No,No,Yes,Los Gatos,California,12,0-12,Month-to-Month,Fiber Optic,Bank Withdrawal,76.6,893.0,1206.56,3,61,3280,0,No,,,Normal
4487-ZYJZK,Female,60,No,Yes,Yes,Los Gatos,California,38,25-48,One Year,,Credit Card,19.6,763.1,2158.46,3,53,4623,0,No,,,Normal
2959-FENLU,Female,64,No,No,No,Los Gatos,California,9,0-12,Month-to-Month,Fiber Optic,Credit Card,85.3,781.4,1226.82,5,28,5850,0,No,,,Normal
0708-LGSMF,Male,56,No,Yes,No,Milpitas,California,13,13-24,Month-to-Month,DSL,Bank Withdrawal,65.85,902.25,1088.41,3,44,2731,0,No,,,Normal
7634-HLQJR,Female,52,No,Yes,Yes,Moss Landing,California,47,25-48,Two Year,,Credit Card,20.05,1016.7,1084.38,5,35,3260,0,No,,,Normal
0487-RPVUM,Male,49,No,Yes,No,Mount Hermon,California,61,49-72,Month-to-Month,Fiber Optic,Bank Withdrawal,99.4,5943.65,6867.799999999999,4,44,5404,0,No,,,Normal
4079-ULGFR,Male,22,No,No,No,Paicines,California,16,13-24,Month-to-Month,,Credit Card,20.0,275.7,341.78,3,75,3705,0,No,,,Normal
2516-XSJKX,Female,20,No,Yes,Yes,San Juan Bautista,California,41,25-48,Two Year,DSL,Bank Withdrawal,78.45,3126.45,4450.34,3,27,5468,0,No,,,Normal
0057-QBUQH,Female,31,No,No,Yes,San Martin,California,43,25-48,Two Year,,Bank Withdrawal,25.1,1070.15,2387.67,4,59,4797,0,No,,,Normal
6599-SFQVE,Female,27,No,No,No,Santa Clara,California,6,0-12,Month-to-Month,Cable,Bank Withdrawal,55.0,340.4,565.8199999999999,5,21,2629,0,No,,,Normal
8331-ZXFOE,Female,56,No,No,No,Santa Clara,California,58,49-72,One Year,Cable,Credit Card,71.1,4299.2,6754.34,3,42,5395,0,No,,,Normal
4003-FUSHP,Male,62,No,No,No,Santa Cruz,California,19,13-24,Month-to-Month,Cable,Credit Card,61.55,1093.2,1976.51,3,60,5831,0,No,,,Normal
0356-ERHVT,Male,54,No,Yes,No,Santa Cruz,California,11,0-12,Month-to-Month,Cable,Bank Withdrawal,45.9,521.9,664.3499999999999,5,41,3880,0,No,,,Normal
7325-ENZFI,Female,37,No,No,No,Santa Cruz,California,39,25-48,One Year,DSL,Bank Withdrawal,40.3,1630.4,1630.4,3,77,3424,0,No,,,Normal
3920-HIHMQ,Female,53,No,No,Yes,Scotts Valley,California,26,25-48,Month-to-Month,DSL,Credit Card,49.5,1265.65,1840.49,5,38,4196,0,No,,,Normal
0613-WUXUM,Female,38,No,Yes,Yes,Soquel,California,70,49-72,Two Year,,Credit Card,19.2,1401.4,4105.5,3,53,5261,0,No,,,Normal
4458-KVRBJ,Male,25,No,No,No,San Jose,California,59,49-72,Two Year,,Credit Card,25.0,1510.5,3038.01,4,69,5537,0,No,,,Normal
1397-XKKWR,Male,47,No,No,No,San Jose,California,7,0-12,One Year,DSL,Credit Card,35.3,264.8,264.8,4,39,3463,0,No,,,Normal
8097-OMULG,Male,63,No,Yes,Yes,San Jose,California,59,49-72,One Year,DSL,Credit Card,76.75,4541.9,5482.36,4,24,5918,0,No,,,Normal
6013-BHCAW,Male,27,No,Yes,Yes,San Jose,California,61,49-72,Two Year,DSL,Bank Withdrawal,81.0,4976.15,6986.709999999999,4,40,4151,0,No,,,Normal
0401-WDBXM,Male,22,No,Yes,Yes,San Jose,California,72,49-72,Two Year,Fiber Optic,Bank Withdrawal,105.55,7542.25,8152.01,3,62,4331,0,No,,,Normal
3387-PLKUI,Female,27,No,Yes,Yes,San Jose,California,13,13-24,Month-to-Month,,Credit Card,18.8,251.25,468.87,5,71,2333,0,No,,,Normal
6096-EGVTU,Female,50,No,Yes,Yes,San Jose,California,64,49-72,One Year,,Credit Card,24.9,1595.5,2826.2200000000003,4,62,5038,0,No,,,Normal
5081-NWSUP,Female,54,No,No,No,San Jose,California,10,0-12,One Year,DSL,Credit Card,64.9,685.55,1060.05,3,62,4883,0,No,,,Normal
2580-ATZSQ,Female,55,No,Yes,Yes,San Jose,California,65,49-72,One Year,DSL,Bank Withdrawal,61.35,3874.1,5125.35,3,36,6354,0,No,,,Normal
8085-MSNLK,Female,21,No,Yes,No,San Jose,California,62,49-72,Two Year,Fiber Optic,Credit Card,113.95,6891.4,9537.56,3,71,6193,0,No,,,High Risk
9691-HKOVS,Female,20,No,Yes,No,San Jose,California,55,49-72,One Year,DSL,Bank Withdrawal,90.15,4916.95,7527.25,3,77,4712,0,No,,,Normal
9881-VCZEP,Female,29,No,Yes,No,San Jose,California,25,25-48,Month-to-Month,Cable,Bank Withdrawal,54.1,1373.0,1786.0,3,64,5701,0,No,,,Normal
5119-KEPFY,Male,50,No,Yes,No,San Jose,California,36,25-48,Month-to-Month,Fiber Optic,Bank Withdrawal,95.0,3440.25,3655.89,5,64,3057,0,No,,,Normal
0916-KNFAJ,Male,37,No,Yes,No,San Jose,California,61,49-72,Two Year,Cable,Credit Card,69.9,4226.7,4512.79,4,76,5117,0,No,,,High Risk
8319-QBEHW,Male,32,No,No,Yes,San Jose,California,26,25-48,One Year,Cable,Bank Withdrawal,39.95,1023.75,1023.75,4,74,2715,0,No,,,Normal
9625-QNLUX,Male,51,No,Yes,Yes,San Jose,California,68,49-72,Two Year,Fiber Optic,Credit Card,103.25,7074.4,8560.88,4,22,4751,0,No,,,Normal
4024-CSNBY,Female,39,No,Yes,No,Mount Hamilton,California,72,49-72,Two Year,Fiber Optic,Bank Withdrawal,94.25,6849.75,7743.19,4,51,6295,0,No,,,Normal
7110-BDTWG,Female,59,No,Yes,No,San Jose,California,71,49-72,Two Year,Cable,Bank Withdrawal,47.05,3263.6,3263.6,4,76,6302,0,No,,,High Risk
7493-GVFIO,Male,56,No,No,No,Stockton,California,57,49-72,Two Year,,Credit Card,20.55,1252.85,1993.28,3,48,4565,0,No,,,Normal
0690-SRQID,Male,20,No,No,No,Stockton,California,4,0-12,Month-to-Month,,Credit Card,19.65,67.55,140.67000000000002,3,72,4925,0,No,,,Normal
9114-DPSIA,Male,22,No,Yes,Yes,Stockton,California,72,49-72,Two Year,DSL,Credit Card,81.0,5750.0,5946.56,3,77,4237,0,No,,,Normal
4700-UBQMV,Male,42,No,Yes,Yes,Stockton,California,21,13-24,One Year,DSL,Bank Withdrawal,75.9,1549.75,2212.3,4,47,3503,0,No,,,Normal
7711-GQBZC,Female,42,No,Yes,Yes,Stockton,California,71,49-72,Two Year,,Bank Withdrawal,24.7,1810.55,3194.34,4,45,5187,0,No,,,Normal
9795-NREXC,Female,41,No,Yes,No,Stockton,California,64,49-72,Two Year,DSL,Credit Card,85.0,5484.4,6242.799999999999,4,56,5472,0,No,,,Normal
8573-CGOCC,Male,48,No,No,No,Stockton,California,16,13-24,Month-to-Month,,Credit Card,19.75,294.9,691.54,5,55,5433,0,No,,,Normal
7356-AYNJP,Female,33,No,No,No,Stockton,California,4,0-12,One Year,,Bank Withdrawal,23.9,97.5,122.94,4,57,5685,0,No,,,Normal
4819-HJPIW,Male,32,No,No,No,Avery,California,18,13-24,Month-to-Month,DSL,Credit Card,25.15,476.8,476.8,3,31,2675,0,No,,,Normal
5438-QMDDL,Female,20,No,Yes,No,Campo Seco,California,19,13-24,Month-to-Month,DSL,Credit Card,59.8,1130.85,1288.55,3,32,3652,0,No,,,Normal
9812-GHVRI,Female,50,No,No,No,Clements,California,40,25-48,Month-to-Month,Fiber Optic,Bank Withdrawal,83.85,3532.25,4878.65,4,31,4294,0,No,,,Normal
1228-ZLNBX,Male,25,No,No,No,Farmington,California,21,13-24,Month-to-Month,Fiber Optic,Credit Card,75.3,1570.7,1639.16,3,50,2847,0,No,,,Normal
4226-KKDON,Male,41,No,No,No,French Camp,California,8,0-12,Month-to-Month,DSL,Bank Withdrawal,66.65,520.95,767.35,4,60,3804,0,No,,,Normal
3831-YCPUO,Female,38,No,Yes,Yes,Glencoe,California,72,49-72,Two Year,Fiber Optic,Credit Card,109.5,7854.9,10175.46,3,55,6419,0,No,,,Normal
7445-WMRBW,Female,49,No,No,No,Hathaway Pines,California,48,25-48,One Year,DSL,Bank Withdrawal,73.85,3581.4,4668.12,4,29,4740,0,No,,,Normal
3308-DGHKL,Male,54,No,No,No,Linden,California,69,49-72,Two Year,,Bank Withdrawal,19.3,1447.9,2671.96,5,63,5028,0,No,,,Normal
9924-JPRMC,Male,60,No,No,No,Lockeford,California,72,49-72,Two Year,Fiber Optic,Bank Withdrawal,118.2,8547.15,11174.43,3,55,4886,0,No,,,Normal
0080-EMYVY,Female,64,No,No,No,Lodi,California,14,13-24,One Year,Cable,Credit Card,51.45,727.85,1064.41,3,57,4298,0,No,,,Normal
6218-KNUBD,Male,58,No,No,No,Lodi,California,6,0-12,Month-to-Month,Cable,Bank Withdrawal,59.45,357.6,422.88,4,54,2393,0,No,,,Normal
7337-CINUD,Female,48,No,Yes,Yes,Mokelumne Hill,California,8,0-12,Two Year,,Bank Withdrawal,19.5,159.35,296.95,4,35,5206,0,No,,,Normal
7609-NRNCA,Female,21,No,No,No,Mountain Ranch,California,17,13-24,One Year,,Credit Card,19.55,280.85,1001.99,3,42,4947,0,No,,,Normal
0623-EJQEG,Male,50,No,No,No,Murphys,California,65,49-72,One Year,Fiber Optic,Bank Withdrawal,93.55,6069.25,6276.05,3,76,5774,0,No,,,High Risk
7153-CHRBV,Female,54,No,Yes,Yes,San Andreas,California,57,49-72,One Year,Cable,Credit Card,59.3,3274.35,4348.8,3,38,6287,0,No,,,Normal
6198-PNNSZ,Female,54,No,Yes,No,Valley Springs,California,56,49-72,One Year,Fiber Optic,Bank Withdrawal,109.8,6109.65,8224.21,4,77,5648,0,No,,,High Risk
3317-VLGQT,Female,50,No,Yes,No,Wallace,California,14,13-24,Month-to-Month,Fiber Optic,Bank Withdrawal,78.1,1122.4,1184.7,4,68,3157,0,No,,,Normal
4132-POCZS,Male,47,No,Yes,No,West Point,California,52,49-72,Month-to-Month,DSL,Bank Withdrawal,39.9,2020.9,2020.9,3,54,6371,0,No,,,Normal
5614-DNZCE,Female,56,No,No,No,Wilseyville,California,58,49-72,Two Year,DSL,Credit Card,64.9,3795.45,5504.71,4,57,5040,0,No,,,Normal
3896-RCYYE,Female,61,No,No,No,Atwater,California,67,49-72,Month-to-Month,DSL,Credit Card,53.4,3579.15,3579.15,5,37,5990,0,No,,,Normal
3726-TBHQT,Male,25,No,Yes,Yes,Catheys Valley,California,71,49-72,Two Year,Fiber Optic,Bank Withdrawal,114.0,8175.9,9982.85,4,23,5600,0,No,,,Normal
3190-ITQXP,Female,42,No,Yes,Yes,Ceres,California,46,25-48,Two Year,,Bank Withdrawal,20.25,890.35,2162.25,3,58,3879,0,No,,,Normal
5774-QPLTF,Male,40,No,Yes,Yes,El Nido,California,50,49-72,One Year,,Credit Card,20.35,938.95,2287.95,5,71,6391,0,No,,,High Risk
5010-IPEAQ,Female,29,No,Yes,Yes,Escalon,California,67,49-72,Two Year,Cable,Credit Card,54.2,3623.95,3623.95,3,58,5261,0,No,,,Normal
8990-YOZLV,Female,46,No,No,No,Hickman,California,69,49-72,Two Year,Cable,Credit Card,66.9,4577.9,5537.69,3,68,5059,0,No,,,Normal
5222-IMUKT,Male,40,No,No,No,Hornitos,California,32,25-48,Month-to-Month,Fiber Optic,Bank Withdrawal,91.05,2871.5,4385.1,4,80,2716,0,No,,,Normal
6685-XSHHU,Male,45,No,Yes,Yes,Keyes,California,60,49-72,Two Year,,Bank Withdrawal,20.95,1270.55,3197.75,5,51,4425,0,No,,,Normal
8901-UPRHR,Female,40,No,Yes,Yes,La Grange,California,72,49-72,Two Year,Fiber Optic,Bank Withdrawal,109.2,7711.45,10881.61,4,68,6130,0,No,,,Normal
0725-CXOTM,Female,29,No,No,No,Manteca,California,36,25-48,One Year,DSL,Credit Card,89.65,3348.1,4957.3,3,68,4844,0,No,,,Normal
4343-EJVQB,Male,48,No,No,No,Mariposa,California,7,0-12,Month-to-Month,Fiber Optic,Credit Card,74.35,533.6,545.2900000000001,4,51,2463,0,No,,,Normal
3427-GGZZI,Female,30,No,Yes,No,Midpines,California,19,13-24,Month-to-Month,Fiber Optic,Bank Withdrawal,89.1,1620.8,2482.83,5,66,3624,0,No,,,Normal
3154-CFSZG,Male,57,No,Yes,Yes,Modesto,California,47,25-48,Month-to-Month,Fiber Optic,Bank Withdrawal,90.05,4137.2,5934.95,4,78,3291,0,No,,,Normal
4377-VDHYI,Male,29,No,Yes,Yes,Patterson,California,32,25-48,One Year,Fiber Optic,Bank Withdrawal,90.8,3023.85,4196.65,3,80,2722,0,No,,,Normal
4937-QPZPO,Male,62,No,Yes,Yes,Snelling,California,61,49-72,One Year,Fiber Optic,Bank Withdrawal,99.9,6241.35,8348.29,5,31,5641,0,No,,,Normal
2925-VDZHY,Male,64,No,Yes,Yes,Sonora,California,72,49-72,Two Year,DSL,Credit Card,88.7,6501.35,8562.710000000001,4,46,4641,0,No,,,Normal
6981-TDRFT,Male,25,No,Yes,Yes,Soulsbyville,California,44,25-48,One Year,DSL,Bank Withdrawal,54.3,2317.1,2327.1,5,39,3423,0,No,,,Normal
3413-CSSTH,Male,40,No,No,No,Stevinson,California,41,25-48,Month-to-Month,Cable,Bank Withdrawal,55.7,2237.55,2508.15,4,26,5590,0,No,,,Normal
8033-VCZGH,Male,27,No,Yes,No,Tracy,California,50,49-72,One Year,Fiber Optic,Bank Withdrawal,103.95,5231.3,6395.3,3,42,4363,0,No,,,Normal
0224-NIJLP,Male,30,No,Yes,Yes,Turlock,California,8,0-12,Two Year,,Credit Card,20.15,165.5,188.46,4,32,3899,0,No,,,Normal
7542-CYDDM,Male,61,No,No,No,Turlock,California,18,13-24,Month-to-Month,,Credit Card,20.05,358.5,771.96,3,22,4204,0,No,,,Normal
4718-WXBGI,Male,21,No,Yes,Yes,Twain Harte,California,72,49-72,Two Year,Cable,Credit Card,91.95,6614.9,8566.1,4,30,4403,0,No,,,Normal
5716-LIBJC,Female,29,No,No,Yes,Winton,California,13,13-24,One Year,Fiber Optic,Credit Card,104.15,1299.1,1452.21,3,33,2810,0,No,,,Normal
2868-LLSKM,Female,50,No,Yes,Yes,Escondido,California,68,49-72,One Year,Fiber Optic,Bank Withdrawal,83.65,5733.4,6770.33,4,43,5958,0,No,,,Normal
2988-QRAJY,Male,27,No,No,No,Santa Rosa,California,69,49-72,Two Year,Fiber Optic,Credit Card,110.05,7430.75,7801.58,3,30,5798,0,No,,,Normal
0071-NDAFP,Male,31,No,Yes,Yes,Santa Rosa,California,25,25-48,Two Year,,Credit Card,25.5,630.6,1178.43,3,65,5230,0,No,,,Normal
7328-ZJAJO,Female,19,No,Yes,Yes,Santa Rosa,California,59,49-72,Two Year,,Credit Card,19.5,1222.65,1783.7400000000002,4,64,4579,0,No,,,Normal
1090-PYKCI,Female,19,No,Yes,Yes,Boonville,California,69,49-72,One Year,Fiber Optic,Credit Card,105.1,7234.8,8933.18,3,27,4686,0,No,,,Normal
3058-WQDRE,Male,37,No,No,No,Branscomb,California,13,13-24,Month-to-Month,Cable,Bank Withdrawal,25.15,331.85,283.26,5,53,4943,0,No,,,Normal
2279-AXJJK,Male,27,No,Yes,No,Cazadero,California,52,49-72,Month-to-Month,Fiber Optic,Credit Card,95.65,5088.4,5541.48,3,45,4465,0,No,,,Normal
0909-SELIE,Male,53,No,Yes,No,Clearlake Oaks,California,61,49-72,Two Year,DSL,Bank Withdrawal,80.8,4860.85,7495.96,4,72,4302,0,No,,,Normal
3417-TSCIC,Male,19,No,No,No,Cloverdale,California,29,25-48,One Year,DSL,Credit Card,24.85,788.05,788.05,5,49,4161,0,No,,,Normal
1042-HFUCW,Female,37,No,No,Yes,Cobb,California,25,25-48,One Year,DSL,Credit Card,54.75,1266.35,2248.09,5,50,5136,0,No,,,Normal
6537-OTKMY,Male,52,No,No,No,Covelo,California,15,13-24,One Year,DSL,Bank Withdrawal,50.75,688.2,655.6500000000001,5,63,5091,0,No,,,Normal
8999-EXMNO,Female,48,No,Yes,Yes,Dos Rios,California,19,13-24,Two Year,,Credit Card,20.15,387.7,989.88,3,26,4246,0,No,,,Normal
6725-TPKJO,Male,28,No,No,No,Duncans Mills,California,44,25-48,Two Year,,Credit Card,20.05,845.25,2921.26,3,41,2798,0,No,,,Normal
7162-WPHPM,Male,44,No,Yes,Yes,Elk,California,58,49-72,Two Year,DSL,Credit Card,71.6,4230.25,6537.77,4,49,4747,0,No,,,Normal
1599-MMYRQ,Male,27,No,Yes,Yes,Forestville,California,62,49-72,One Year,Fiber Optic,Credit Card,81.45,4983.05,7428.44,3,66,5179,0,No,,,Normal
8821-KVZKQ,Female,52,No,Yes,Yes,Fort Bragg,California,70,49-72,One Year,Cable,Bank Withdrawal,58.4,4113.15,4080.62,5,43,4117,0,No,,,Normal
6434-TTGJP,Male,49,No,Yes,Yes,Geyserville,California,10,0-12,Two Year,Cable,Credit Card,53.7,521.0,498.03,3,48,5671,0,No,,,Normal
0042-JVWOJ,Male,64,No,No,No,Glen Ellen,California,26,25-48,One Year,,Bank Withdrawal,19.6,471.85,1430.8000000000002,4,26,3722,0,No,,,Normal
0130-SXOUN,Male,55,No,No,No,Glenhaven,California,66,49-72,Month-to-Month,Fiber Optic,Credit Card,89.4,5976.9,9200.36,3,49,4889,0,No,,,Normal
2330-PQGDQ,Male,36,No,Yes,Yes,Gualala,California,51,49-72,One Year,Fiber Optic,Bank Withdrawal,84.2,4299.75,4744.57,5,33,4952,0,No,,,Normal
1452-UZOSF,Male,31,No,Yes,Yes,Guerneville,California,72,49-72,Two Year,Fiber Optic,Credit Card,106.1,7548.6,8040.73,3,21,4890,0,No,,,Normal
2097-YVPKN,Male,56,No,No,No,Healdsburg,California,65,49-72,Two Year,,Credit Card,25.75,1654.75,1931.51,5,73,5707,0,No,,,High Risk
8597-CTXVJ,Male,31,No,No,Yes,Jenner,California,70,49-72,One Year,Cable,Bank Withdrawal,64.95,4551.5,6394.030000000001,4,65,5392,0,No,,,Normal
6631-HMANX,Male,39,No,Yes,No,Kelseyville,California,72,49-72,Two Year,Cable,Credit Card,85.45,6227.5,8470.3,4,53,5641,0,No,,,Normal
5995-LFTLE,Male,39,No,No,No,Lower Lake,California,58,49-72,Two Year,,Credit Card,25.3,1474.35,4303.59,5,30,4477,0,No,,,Normal
0665-XHDJU,Male,21,No,Yes,No,Monte Rio,California,72,49-72,Two Year,Fiber Optic,Bank Withdrawal,99.4,7285.7,9802.1,5,51,6022,0,No,,,Normal
8265-HKSOW,Female,35,No,Yes,Yes,Occidental,California,72,49-72,Two Year,Fiber Optic,Credit Card,107.45,7658.3,8946.380000000001,4,57,4505,0,No,,,Normal
3544-FBCAS,Female,36,No,Yes,Yes,Philo,California,72,49-72,Two Year,DSL,Credit Card,83.6,5959.3,6883.780000000001,3,67,4116,0,No,,,Normal
4759-PXTAN,Female,34,No,Yes,No,Potter Valley,California,59,49-72,One Year,DSL,Bank Withdrawal,80.1,4693.2,5889.13,5,26,4093,0,No,,,Normal
7054-DMVAS,Male,47,No,No,No,Redwood Valley,California,54,49-72,Two Year,DSL,Bank Withdrawal,65.3,3512.9,4524.86,3,61,4556,0,No,,,Normal
3428-MMGUB,Male,34,No,No,No,Rio Nido,California,60,49-72,Two Year,Fiber Optic,Bank Withdrawal,89.55,5231.2,5657.2,5,74,5874,0,No,,,High Risk
6549-BTYPG,Female,19,No,Yes,No,Sebastopol,California,60,49-72,Two Year,DSL,Credit Card,60.8,3603.45,3603.45,5,80,5784,0,No,,,High Risk
3705-RHRFR,Female,52,No,Yes,No,Ukiah,California,69,49-72,Two Year,Fiber Optic,Bank Withdrawal,99.15,6875.35,10004.5,3,45,5031,0,No,,,Normal
9074-KGVOX,Male,44,No,Yes,Yes,Westport,California,50,49-72,Month-to-Month,DSL,Credit Card,39.45,2021.35,2021.35,3,27,6018,0,No,,,Normal
6128-DAFVY,Female,58,No,No,No,Willits,California,56,49-72,Month-to-Month,DSL,Credit Card,44.85,2564.95,2564.95,5,27,4021,0,No,,,Normal
9933-QRGTX,Female,59,No,Yes,No,Windsor,California,60,49-72,Two Year,Fiber Optic,Bank Withdrawal,97.2,5611.75,7561.75,4,48,4905,0,No,,,Normal
2661-GKBTK,Male,39,No,Yes,Yes,Eureka,California,60,49-72,Two Year,DSL,Bank Withdrawal,76.95,4543.95,6175.95,4,52,5053,0,No,,,Normal
0458-HEUZG,Female,58,No,No,No,Alderpoint,California,13,13-24,Two Year,Cable,Credit Card,35.4,450.4,550.4,3,69,3239,0,No,,,Normal
7268-WNTCP,Male,45,No,Yes,Yes,Blocksburg,California,62,49-72,Two Year,,Bank Withdrawal,20.45,1297.35,1413.29,4,21,5746,0,No,,,Normal
0824-VWDPO,Female,58,No,No,No,Mckinleyville,California,45,25-48,One Year,Fiber Optic,Bank Withdrawal,96.75,4442.75,4513.4,4,73,3682,0,No,,,Normal
8409-WQJUX,Female,37,No,No,No,Arcata,California,25,25-48,One Year,Cable,Bank Withdrawal,54.2,1423.15,1423.15,3,24,4458,0,No,,,Normal
2578-JQPHZ,Male,30,No,No,No,Bayside,California,44,25-48,Two Year,Fiber Optic,Bank Withdrawal,100.1,4378.35,6532.150000000001,3,68,4025,0,No,,,Normal
9746-UGFAC,Female,50,No,No,No,Carlotta,California,22,13-24,One Year,,Bank Withdrawal,20.85,450.65,676.15,5,67,3171,0,No,,,Normal
2946-KIQSP,Female,59,No,No,No,Fallbrook,California,35,25-48,Month-to-Month,Cable,Credit Card,33.45,1175.85,1205.85,5,66,2553,0,No,,,Normal
0625-AFOHS,Female,40,No,Yes,Yes,Ferndale,California,29,25-48,Two Year,,Credit Card,20.2,558.8,1557.56,3,69,2784,0,No,,,Normal
4636-OLWOE,Male,20,No,No,Yes,Fortuna,California,54,49-72,One Year,Cable,Bank Withdrawal,61.0,3283.05,3507.69,4,56,5594,0,No,,,Normal
4685-ERGHK,Male,45,No,No,No,Gasquet,California,57,49-72,One Year,Fiber Optic,Bank Withdrawal,86.9,4939.25,6995.81,5,71,6109,0,No,,,High Risk
0885-HMGPY,Male,55,No,No,No,Honeydew,California,62,49-72,Two Year,Cable,Bank Withdrawal,69.4,4237.5,6787.56,3,67,6469,0,No,,,Normal
5003-OKNNK,Female,44,No,Yes,Yes,Hoopa,California,15,13-24,One Year,,Credit Card,20.35,335.95,1035.55,3,68,3205,0,No,,,Normal
7208-PSIHR,Female,50,No,Yes,No,Klamath,California,70,49-72,Two Year,Fiber Optic,Bank Withdrawal,104.3,7188.5,7600.7,4,70,5583,0,No,,,Normal
4012-ZTHBR,Female,33,No,Yes,Yes,Kneeland,California,21,13-24,Month-to-Month,Cable,Bank Withdrawal,44.95,926.25,1744.2,5,54,3752,0,No,,,Normal
0489-WMEMG,Female,61,No,No,Yes,Korbel,California,23,13-24,One Year,Cable,Bank Withdrawal,49.45,1119.35,1713.9,3,70,5237,0,No,,,Normal
7435-ZNUYY,Male,24,No,No,No,Loleta,California,6,0-12,One Year,,Credit Card,20.6,116.6,189.62,3,20,4439,0,No,,,Normal
1354-YZFNB,Male,53,No,Yes,Yes,Mad River,California,4,0-12,Two Year,,Credit Card,19.55,68.8,185.16,4,57,5573,0,No,,,Normal
2985-FMWYF,Female,46,No,No,No,Myers Flat,California,23,13-24,Month-to-Month,Fiber Optic,Bank Withdrawal,93.5,2341.55,2758.3100000000004,3,73,4861,0,No,,,Normal
2812-ENYMO,Male,22,No,No,No,Orick,California,26,25-48,One Year,Cable,Credit Card,54.55,1362.85,1362.85,4,54,4296,0,No,,,Normal
2717-HVIZY,Female,24,No,No,Yes,Orleans,California,8,0-12,Month-to-Month,,Credit Card,20.05,163.6,288.88,4,32,2675,0,No,,,Normal
2890-WFBHU,Female,26,No,No,No,Salyer,California,59,49-72,One Year,DSL,Credit Card,79.85,4786.1,4900.56,3,64,6041,0,No,,,Normal
0327-WFZSY,Male,62,No,Yes,Yes,Samoa,California,39,25-48,One Year,Fiber Optic,Bank Withdrawal,100.0,3835.55,4509.860000000001,3,64,5434,0,No,,,Normal
7977-HXJKU,Male,45,No,No,Yes,Scotia,California,21,13-24,Two Year,,Credit Card,19.6,397.0,976.6,3,46,2447,0,No,,,Normal
7033-CLAMM,Female,60,No,Yes,Yes,Somes Bar,California,48,25-48,Two Year,,Bank Withdrawal,20.2,1027.25,1921.97,5,33,3828,0,No,,,Normal
0864-FVJNJ,Female,63,No,Yes,Yes,Trinidad,California,64,49-72,One Year,Fiber Optic,Bank Withdrawal,113.35,7222.75,7679.87,3,20,4952,0,No,,,Normal
7356-IWLFW,Male,43,No,Yes,Yes,Weott,California,46,25-48,Month-to-Month,Fiber Optic,Bank Withdrawal,80.0,3769.7,4023.62,5,51,3315,0,No,,,Normal
9541-PWTWO,Female,32,No,No,No,Willow Creek,California,52,49-72,Two Year,DSL,Bank Withdrawal,80.95,4233.95,6246.87,5,28,4924,0,No,,,Normal
3967-VQOGC,Female,54,No,Yes,Yes,Leggett,California,67,49-72,Two Year,,Credit Card,24.9,1680.25,2848.06,5,59,5847,0,No,,,Normal
6308-CQRBU,Female,32,No,Yes,No,Zenia,California,71,49-72,Two Year,Fiber Optic,Bank Withdrawal,109.25,7707.7,9822.08,3,42,5044,0,No,,,Normal
0186-CAERR,Male,22,No,No,No,Auburn,California,71,49-72,One Year,Fiber Optic,Bank Withdrawal,116.3,8309.55,8514.029999999999,4,59,4644,0,No,,,Normal
3043-SUDUA,Female,35,No,No,No,West Sacramento,California,32,25-48,Month-to-Month,,Bank Withdrawal,19.9,601.55,1098.51,3,29,4374,0,No,,,Normal
2169-RRLFW,Female,48,No,Yes,No,Capay,California,71,49-72,Two Year,,Credit Card,25.6,1888.25,2682.03,5,68,5063,0,No,,,Normal
5872-OEQNH,Female,29,No,No,No,Carmichael,California,60,49-72,One Year,DSL,Bank Withdrawal,44.45,2773.9,2773.9,4,48,4928,0,No,,,Normal
8873-GLDMH,Female,45,No,No,No,Courtland,California,6,0-12,Month-to-Month,Fiber Optic,Credit Card,73.85,401.3,567.44,4,76,4220,0,No,,,Normal
5696-JVVQY,Female,56,No,Yes,Yes,Davis,California,48,25-48,Two Year,DSL,Credit Card,70.1,3238.4,3482.0,4,27,5476,0,No,,,Normal
8946-BFWSG,Male,19,No,Yes,Yes,Davis,California,63,49-72,Two Year,,Credit Card,25.25,1573.05,3116.55,5,39,6245,0,No,,,Normal
0547-HURJB,Male,19,No,No,Yes,Dixon,California,12,0-12,Month-to-Month,,Credit Card,21.05,235.8,468.36,3,70,4001,0,No,,,Normal
8845-LWKGE,Female,56,No,Yes,Yes,El Dorado,California,30,25-48,One Year,Cable,Bank Withdrawal,64.5,1985.15,3087.3500000000004,5,60,2215,0,No,,,Normal
0691-NIKRI,Female,41,No,No,No,Elverta,California,40,25-48,One Year,Fiber Optic,Credit Card,105.95,4335.2,5004.4,5,31,3784,0,No,,,Normal
5022-JNQEQ,Female,39,No,Yes,Yes,Esparto,California,9,0-12,Month-to-Month,Fiber Optic,Bank Withdrawal,75.85,647.5,720.4,5,51,4843,0,No,,,Normal
3249-VHRIP,Female,38,No,No,No,Fiddletown,California,62,49-72,Two Year,Cable,Credit Card,43.6,2748.7,2748.7,4,53,4507,0,No,,,Normal
3736-BLEPA,Male,50,No,No,No,Folsom,California,28,25-48,One Year,Fiber Optic,Bank Withdrawal,91.25,2483.65,2866.9700000000003,5,41,2886,0,No,,,Normal
4701-LKOZD,Female,64,No,No,No,Foresthill,California,70,49-72,Two Year,Cable,Credit Card,89.75,6367.2,8544.3,4,78,5150,0,No,,,High Risk
6603-QWSPR,Female,20,No,No,No,Galt,California,46,25-48,Two Year,Fiber Optic,Bank Withdrawal,104.4,4904.2,5173.76,4,24,4190,0,No,,,Normal
9921-QFQUL,Female,33,No,Yes,No,Garden Valley,California,23,13-24,Month-to-Month,Fiber Optic,Credit Card,90.15,2044.95,2554.86,4,50,5110,0,No,,,Normal
1929-ZCBHE,Male,27,No,Yes,Yes,Georgetown,California,47,25-48,One Year,DSL,Bank Withdrawal,40.3,1794.8,1794.8,3,29,5040,0,No,,,Normal
4378-MYPGO,Male,41,No,Yes,Yes,Greenwood,California,68,49-72,Two Year,Fiber Optic,Bank Withdrawal,105.25,7173.15,9308.35,3,36,5795,0,No,,,Normal
4129-LYCOI,Female,28,No,No,Yes,Guinda,California,67,49-72,Two Year,Fiber Optic,Bank Withdrawal,104.0,7039.05,7879.23,3,39,4741,0,No,,,Normal
7798-JVXYM,Female,52,No,No,No,Herald,California,14,13-24,Month-to-Month,DSL,Bank Withdrawal,69.65,921.4,1439.54,3,69,5351,0,No,,,Normal
8647-SDTWQ,Male,59,No,Yes,Yes,Hood,California,57,49-72,Month-to-Month,Fiber Optic,Bank Withdrawal,74.3,4018.35,6935.5,5,65,4133,0,No,,,Normal
2696-ECXKC,Female,34,No,Yes,Yes,Ione,California,55,49-72,One Year,Fiber Optic,Credit Card,100.9,5448.6,7713.5,4,55,6153,0,No,,,Normal
3323-CPBWR,Male,61,No,No,No,Knights Landing,California,23,13-24,Month-to-Month,Fiber Optic,Credit Card,96.9,2085.45,2280.95,4,22,3875,0,No,,,Normal
3384-CTMSF,Male,61,No,Yes,No,Lincoln,California,47,25-48,Month-to-Month,Fiber Optic,Bank Withdrawal,104.1,5135.15,7423.58,5,71,3142,0,No,,,Normal
0902-RFHOF,Male,38,No,No,No,Loomis,California,38,25-48,One Year,,Credit Card,20.1,730.1,1574.84,3,26,2907,0,No,,,Normal
7718-RXDGG,Male,54,No,Yes,No,Newcastle,California,15,13-24,Month-to-Month,Fiber Optic,Bank Withdrawal,68.6,1108.6,1561.15,4,47,3351,0,No,,,Normal
1025-FALIX,Female,49,No,No,No,Nicolaus,California,26,25-48,Month-to-Month,Fiber Optic,Credit Card,69.05,1815.65,2790.91,3,23,5379,0,No,,,Normal
3451-VAWLI,Female,62,No,Yes,Yes,North Highlands,California,35,25-48,Two Year,,Credit Card,19.7,730.4,1269.75,4,43,5636,0,No,,,Normal
2347-WKKAE,Male,52,No,Yes,No,Penryn,California,42,25-48,Month-to-Month,Fiber Optic,Bank Withdrawal,94.4,4014.6,5743.32,3,47,2662,0,No,,,Normal
8735-DCXNF,Male,34,No,Yes,No,Pilot Hill,California,10,0-12,Month-to-Month,DSL,Credit Card,54.95,568.85,787.35,3,26,3519,0,No,,,Normal
3214-IYUUQ,Female,19,No,Yes,No,Pine Grove,California,61,49-72,One Year,Fiber Optic,Bank Withdrawal,93.7,5860.7,6483.51,3,48,4300,0,No,,,Normal
1936-UAFEH,Female,43,No,No,No,Pioneer,California,68,49-72,Two Year,Fiber Optic,Credit Card,110.25,7279.35,10629.11,4,36,5502,0,No,,,Normal
3587-PMCOY,Male,37,No,No,No,Placerville,California,10,0-12,One Year,Fiber Optic,Bank Withdrawal,98.9,1064.95,1528.25,3,50,4614,0,No,,,Normal
1027-LKKQQ,Female,35,No,Yes,Yes,Plymouth,California,72,49-72,Two Year,DSL,Bank Withdrawal,80.45,5886.85,6819.97,3,54,4480,0,No,,,Normal
7148-XZPHA,Male,43,No,Yes,Yes,Rancho Cordova,California,55,49-72,Month-to-Month,Fiber Optic,Bank Withdrawal,79.4,4238.45,4978.2,4,32,4162,0,No,,,Normal
5309-TAIKL,Female,42,No,No,No,Rio Linda,California,7,0-12,Month-to-Month,DSL,Bank Withdrawal,62.8,418.3,476.33,4,46,4080,0,No,,,Normal
8778-LMWTJ,Female,28,No,No,No,River Pines,California,9,0-12,Month-to-Month,Fiber Optic,Bank Withdrawal,74.85,708.2,825.6500000000001,3,66,5770,0,No,,,Normal
9717-IOAAF,Male,54,No,No,Yes,Rocklin,California,27,25-48,Two Year,,Credit Card,25.85,788.55,860.0999999999999,5,21,2682,0,No,,,Normal
2845-KDHVX,Female,57,No,Yes,No,Sheridan,California,64,49-72,Two Year,DSL,Credit Card,68.3,4378.8,5869.360000000001,5,31,5425,0,No,,,Normal
0848-SOMKO,Male,23,No,No,No,Shingle Springs,California,70,49-72,Two Year,DSL,Bank Withdrawal,48.4,3442.8,3442.8,3,66,4483,0,No,,,Normal
1535-VTJOQ,Female,19,No,No,No,Thornton,California,24,13-24,Two Year,,Credit Card,25.15,553.0,1192.36,5,56,3904,0,No,,,Normal
6368-TZZDT,Male,62,No,Yes,Yes,Vacaville,California,4,0-12,Two Year,,Credit Card,19.5,96.85,111.13,4,31,5390,0,No,,,Normal
0943-ZQPXH,Male,46,No,Yes,Yes,Vacaville,California,44,25-48,Month-to-Month,Fiber Optic,Bank Withdrawal,92.95,4122.9,5277.9,5,78,5635,0,No,,,High Risk
1293-BSEUN,Female,64,No,Yes,Yes,Volcano,California,72,49-72,Two Year,,Credit Card,20.7,1482.3,1979.1,5,40,4528,0,No,,,Normal
1302-TPUBN,Male,58,No,No,No,West Sacramento,California,66,49-72,Two Year,,Bank Withdrawal,19.35,1240.8,2641.98,3,23,5637,0,No,,,Normal
8608-OZTLB,Male,59,No,Yes,Yes,Applegate,California,38,25-48,One Year,DSL,Bank Withdrawal,74.05,2802.3,3997.4,3,59,5975,0,No,,,Normal
2335-GSODA,Male,36,No,No,Yes,Camino,California,23,13-24,Two Year,DSL,Credit Card,40.1,857.75,857.75,4,24,2327,0,No,,,Normal
1952-DVVSW,Female,23,No,Yes,No,Colfax,California,10,0-12,One Year,,Credit Card,20.1,184.4,324.79999999999995,5,77,3509,0,No,,,Normal
6656-GULJQ,Male,25,No,Yes,Yes,Emigrant Gap,California,72,49-72,Two Year,DSL,Credit Card,83.55,6093.3,7710.42,3,28,5940,0,No,,,Normal
9853-JFZDU,Female,20,No,Yes,No,Gold Run,California,35,25-48,Month-to-Month,DSL,Bank Withdrawal,56.85,1861.1,2588.75,4,46,3102,0,No,,,Normal
3777-XROBG,Female,52,No,Yes,Yes,Echo Lake,California,58,49-72,Two Year,,Credit Card,19.55,1079.65,3603.81,4,78,4125,0,No,,,Normal
6994-FGRHH,Male,37,No,Yes,Yes,Meadow Vista,California,70,49-72,One Year,Fiber Optic,Bank Withdrawal,106.15,7475.1,7732.0,4,50,4649,0,No,,,Normal
4000-VGMQP,Male,56,No,Yes,Yes,Pollock Pines,California,38,25-48,One Year,Cable,Credit Card,78.95,2862.55,3382.01,5,60,2125,0,No,,,Normal
3999-WRNGR,Female,39,No,Yes,Yes,Soda Springs,California,60,49-72,Month-to-Month,Cable,Bank Withdrawal,49.75,3069.45,3069.45,3,77,6307,0,No,,,High Risk
3466-RITXD,Male,34,No,No,No,Twin Bridges,California,26,25-48,Month-to-Month,Fiber Optic,Credit Card,92.4,2349.8,3327.1400000000003,3,75,5461,0,No,,,High Risk
2680-XKKNJ,Female,60,No,No,No,Weimar,California,8,0-12,One Year,DSL,Bank Withdrawal,58.2,469.25,639.41,4,52,3325,0,No,,,Normal
2101-RANCD,Female,50,No,No,No,El Dorado Hills,California,55,49-72,Month-to-Month,Fiber Optic,Bank Withdrawal,73.1,4144.9,4636.049999999999,4,46,5832,0,No,,,Normal
7921-BEPCI,Female,40,No,No,No,Rocklin,California,72,49-72,Two Year,DSL,Bank Withdrawal,59.75,4265.0,5174.36,3,59,4515,0,No,,,Normal
8510-TMWYB,Female,61,No,Yes,Yes,Sacramento,California,54,49-72,Two Year,Cable,Bank Withdrawal,59.8,3246.45,4489.53,5,24,5898,0,No,,,Normal
3258-ZKPAI,Male,26,No,Yes,Yes,Sacramento,California,72,49-72,Two Year,Fiber Optic,Bank Withdrawal,116.6,8337.45,9843.63,3,59,5227,0,No,,,Normal
1428-IEDPR,Male,54,No,No,No,Sacramento,California,52,49-72,Two Year,Fiber Optic,Bank Withdrawal,109.3,5731.4,6869.15,4,33,5624,0,No,,,Normal
4450-YOOHP,Female,56,No,No,No,Sacramento,California,39,25-48,Month-to-Month,DSL,Credit Card,50.65,1905.4,1901.89,4,31,5433,0,No,,,Normal
6728-CZFEI,Female,28,No,No,No,Sacramento,California,15,13-24,One Year,DSL,Credit Card,56.15,931.9,995.07,4,25,5473,0,No,,,Normal
3653-NCRDJ,Male,39,No,Yes,Yes,Sacramento,California,43,25-48,One Year,,Credit Card,19.2,776.25,1410.48,4,74,5594,0,No,,,High Risk
6519-ZHPXP,Female,51,No,Yes,Yes,Sacramento,California,72,49-72,Two Year,Fiber Optic,Bank Withdrawal,108.3,7679.65,10685.12,4,33,4183,0,No,,,Normal
3472-QPRCH,Male,43,No,Yes,Yes,Sacramento,California,40,25-48,Two Year,,Credit Card,25.25,1006.9,2080.39,5,53,3217,0,No,,,Normal
8224-UAXBZ,Female,55,No,Yes,No,Sacramento,California,58,49-72,One Year,DSL,Bank Withdrawal,45.35,2540.1,2536.02,3,41,5137,0,No,,,Normal
9610-WCESF,Male,44,No,No,No,Sacramento,California,67,49-72,Two Year,Cable,Bank Withdrawal,43.9,3097.2,3062.75,4,62,6344,0,No,,,Normal
2486-WYVVE,Male,47,No,Yes,No,Sacramento,California,31,25-48,One Year,DSL,Credit Card,79.3,2484.0,2580.72,5,34,5238,0,No,,,Normal
1422-DGUBX,Male,64,No,Yes,No,Sacramento,California,32,25-48,One Year,Fiber Optic,Bank Withdrawal,79.25,2619.15,3981.71,5,43,2735,0,No,,,Normal
2999-AANRQ,Female,23,No,No,No,Sacramento,California,21,13-24,Two Year,DSL,Credit Card,71.05,1524.85,2012.29,4,56,5138,0,No,,,Normal
8668-KNZTI,Male,42,No,No,No,Sacramento,California,52,49-72,One Year,DSL,Bank Withdrawal,53.75,2790.65,5238.33,3,23,5957,0,No,,,Normal
0480-KYJVA,Female,42,No,Yes,Yes,Sacramento,California,72,49-72,Two Year,,Credit Card,24.25,1784.5,5161.9400000000005,4,26,5897,0,No,,,Normal
9746-YKGXB,Male,48,No,Yes,Yes,Sacramento,California,52,49-72,One Year,DSL,Bank Withdrawal,44.25,2276.1,2252.6,3,30,6340,0,No,,,Normal
3926-YZVVX,Female,62,No,No,No,Sacramento,California,41,25-48,One Year,Cable,Bank Withdrawal,50.05,2029.05,2538.27,5,64,2157,0,No,,,Normal
6000-UKLWI,Male,46,No,No,No,Sacramento,California,41,25-48,Two Year,,Credit Card,20.15,802.35,2279.56,3,47,4982,0,No,,,Normal
6332-FBZRI,Male,39,No,Yes,Yes,Sacramento,California,67,49-72,One Year,DSL,Credit Card,69.35,4653.25,7069.33,3,40,5589,0,No,,,Normal
2096-XOTMO,Female,40,No,Yes,Yes,Marysville,California,16,13-24,Month-to-Month,,Credit Card,19.35,275.9,447.78,5,31,4146,0,No,,,Normal
3266-FTKHB,Male,35,No,No,No,Beale Afb,California,17,13-24,Two Year,,Credit Card,19.15,343.45,785.04,3,60,2717,0,No,,,Normal
8221-EQDGL,Male,27,No,Yes,No,Alleghany,California,35,25-48,Month-to-Month,DSL,Credit Card,61.0,2130.45,3005.95,3,79,4355,0,No,,,Normal
2346-LOCWC,Female,52,No,Yes,Yes,Arbuckle,California,58,49-72,Two Year,,Credit Card,20.5,1191.4,2654.36,4,72,6186,0,No,,,High Risk
0298-XACET,Male,35,No,Yes,Yes,Berry Creek,California,52,49-72,Two Year,DSL,Credit Card,50.2,2554.0,2526.99,4,47,5396,0,No,,,Normal
7560-QJAVJ,Female,60,No,No,No,Biggs,California,70,49-72,Two Year,DSL,Bank Withdrawal,79.6,5589.45,8887.51,3,38,5474,0,No,,,Normal
2995-YWTCD,Female,20,No,Yes,Yes,Browns Valley,California,19,13-24,Two Year,,Bank Withdrawal,24.9,467.7,1067.72,3,79,5396,0,No,,,High Risk
9137-UIYPG,Female,33,No,Yes,Yes,Butte City,California,35,25-48,Month-to-Month,Fiber Optic,Bank Withdrawal,106.9,3756.45,4785.13,3,80,5447,0,No,,,High Risk
2809-ZMYOQ,Female,33,No,No,No,Camptonville,California,32,25-48,Month-to-Month,Fiber Optic,Bank Withdrawal,101.35,3334.9,4663.860000000001,5,72,4341,0,No,,,Normal
5084-OOVCJ,Female,25,No,Yes,Yes,Canyon Dam,California,17,13-24,Month-to-Month,DSL,Credit Card,55.35,920.5,1264.41,4,57,5465,0,No,,,Normal
0254-WWRKD,Female,44,No,Yes,Yes,Challenge,California,67,49-72,One Year,Cable,Credit Card,50.55,3431.75,6574.049999999999,5,51,5122,0,No,,,Normal
7727-SHVZV,Female,56,No,No,No,Chico,California,9,0-12,Month-to-Month,,Bank Withdrawal,19.5,150.35,544.8199999999999,4,54,4883,0,No,,,Normal
5339-PXDVH,Male,43,No,No,No,Clipper Mills,California,4,0-12,Month-to-Month,Fiber Optic,Bank Withdrawal,90.65,367.95,494.23,3,70,3559,0,No,,,Normal
8782-NUUOL,Male,62,No,No,No,Crescent Mills,California,60,49-72,One Year,DSL,Credit Card,79.0,4801.1,6908.900000000001,3,43,4807,0,No,,,Normal
4609-KNNWG,Female,36,No,Yes,Yes,Dunnigan,California,27,25-48,Two Year,,Credit Card,19.9,550.1,614.9,5,49,4870,0,No,,,Normal
9529-OFXHY,Male,20,No,No,No,Elk Creek,California,15,13-24,Month-to-Month,Fiber Optic,Bank Withdrawal,87.75,1242.2,1449.2,3,61,5415,0,No,,,Normal
2669-QVCRG,Female,32,No,No,No,Forest Ranch,California,41,25-48,Month-to-Month,Fiber Optic,Credit Card,81.3,3190.65,3511.6800000000003,4,62,2299,0,No,,,Normal
2478-EEWWM,Male,21,No,Yes,No,Glenn,California,59,49-72,Month-to-Month,DSL,Bank Withdrawal,44.3,2666.75,2686.75,4,28,5905,0,No,,,Normal
9174-IHETN,Female,45,No,No,Yes,Goodyears Bar,California,50,49-72,Two Year,Fiber Optic,Credit Card,70.35,3533.6,5339.1,3,50,5521,0,No,,,Normal
2233-TXSIU,Male,20,No,Yes,Yes,Grass Valley,California,17,13-24,One Year,DSL,Credit Card,44.45,792.15,792.15,3,73,3522,0,No,,,Normal
9644-UMGQA,Male,48,No,Yes,Yes,Penn Valley,California,6,0-12,Month-to-Month,DSL,Bank Withdrawal,49.15,295.65,503.85,3,43,4076,0,No,,,Normal
0419-YAAPX,Male,44,No,Yes,No,Grass Valley,California,49,49-72,Month-to-Month,Fiber Optic,Credit Card,85.3,4297.95,4994.24,4,71,4696,0,No,,,Normal
0872-CASZJ,Male,30,No,Yes,No,Hamilton City,California,59,49-72,One Year,Cable,Credit Card,69.1,4096.9,5306.4,3,29,4765,0,No,,,Normal
8164-OCKUJ,Female,45,No,Yes,Yes,Magalia,California,59,49-72,Two Year,,Credit Card,20.6,1286.0,1431.73,5,55,6325,0,No,,,Normal
3094-JOJAI,Male,63,No,No,No,Maxwell,California,18,13-24,Month-to-Month,Fiber Optic,Credit Card,74.15,1387.0,1465.84,5,49,2643,0,No,,,Normal
9494-MRNYX,Male,22,No,No,No,Meadow Valley,California,10,0-12,Month-to-Month,Fiber Optic,Bank Withdrawal,75.05,786.3,966.1,4,23,3399,0,No,,,Normal
2599-CZABP,Male,57,No,Yes,No,Meridian,California,14,13-24,One Year,DSL,Bank Withdrawal,44.6,641.25,1270.5500000000002,3,51,4612,0,No,,,Normal
7945-PRBVF,Male,47,No,No,No,Nevada City,California,35,25-48,Two Year,,Bank Withdrawal,21.45,705.45,1307.45,3,71,3967,0,No,,,Normal
4544-RXFMG,Male,48,No,Yes,Yes,North San Juan,California,8,0-12,One Year,DSL,Credit Card,43.45,345.5,399.74,3,50,4184,0,No,,,Normal
0859-YGKFW,Male,56,No,Yes,Yes,Olivehurst,California,18,13-24,One Year,,Bank Withdrawal,20.05,345.9,850.98,5,63,4458,0,No,,,Normal
1150-FTQGN,Female,35,No,Yes,Yes,Oregon House,California,60,49-72,One Year,Fiber Optic,Bank Withdrawal,94.15,5811.8,8694.2,4,60,6399,0,No,,,Normal
7196-LIWRH,Female,61,No,No,No,Oroville,California,6,0-12,Two Year,,Credit Card,19.55,124.45,168.55,5,61,5980,0,No,,,Normal
5448-VWNAM,Female,49,No,No,Yes,Oroville,California,19,13-24,Month-to-Month,DSL,Credit Card,75.9,1375.6,1527.98,4,69,4198,0,No,,,Normal
1177-XZBJL,Male,35,No,Yes,Yes,Palermo,California,53,49-72,One Year,DSL,Bank Withdrawal,64.15,3491.55,5482.76,3,45,5570,0,No,,,Normal
9330-VOFSZ,Female,34,No,Yes,No,Princeton,California,60,49-72,Two Year,Fiber Optic,Credit Card,110.8,6640.7,8444.71,5,79,5942,0,No,,,High Risk
0939-EREMR,Female,40,No,No,Yes,Chico,California,13,13-24,Month-to-Month,Cable,Credit Card,53.45,718.1,1021.02,5,40,4335,0,No,,,Normal
9389-ACWBI,Female,47,No,Yes,Yes,Richvale,California,5,0-12,Month-to-Month,Fiber Optic,Credit Card,69.95,320.4,327.29999999999995,3,73,3850,0,No,,,Normal
3644-QXEHN,Male,60,No,Yes,Yes,Smartville,California,13,13-24,Month-to-Month,Fiber Optic,Bank Withdrawal,97.0,1334.45,1907.1,3,35,5282,0,No,,,Normal
2911-IJORQ,Male,42,No,No,No,Stirling City,California,37,25-48,One Year,DSL,Bank Withdrawal,90.6,3358.65,4996.93,4,26,2546,0,No,,,Normal
5921-NGYRH,Male,40,No,Yes,No,Stonyford,California,64,49-72,Month-to-Month,Fiber Optic,Credit Card,73.55,4764.0,7840.34,3,50,5018,0,No,,,Normal
5998-DZLYR,Female,55,No,Yes,No,Sutter,California,61,49-72,Two Year,Fiber Optic,Bank Withdrawal,94.35,5703.0,7206.66,5,48,4676,0,No,,,Normal
3985-HOYPM,Male,29,No,No,No,Washington,California,26,25-48,One Year,,Credit Card,19.4,525.55,687.18,4,71,4602,0,No,,,Normal
9548-LERKT,Male,32,No,Yes,No,Willows,California,24,13-24,Two Year,,Credit Card,19.75,483.15,1123.71,3,34,3455,0,No,,,Normal
6576-FBXOJ,Male,29,No,Yes,No,Yuba City,California,17,13-24,One Year,DSL,Bank Withdrawal,54.6,934.8,887.0699999999999,4,22,4590,0,No,,,Normal
4310-KEDTB,Female,24,No,No,Yes,Yuba City,California,26,25-48,Month-to-Month,DSL,Credit Card,29.8,786.5,776.22,3,27,3746,0,No,,,Normal
4062-HBMOS,Male,33,No,No,No,Redding,California,52,49-72,Month-to-Month,Fiber Optic,Bank Withdrawal,103.05,5364.8,5599.97,4,80,5432,0,No,,,High Risk
9236-NDUCW,Female,34,No,No,No,Bella Vista,California,21,13-24,Two Year,DSL,Credit Card,35.1,770.4,770.4,4,25,2991,0,No,,,Normal
4753-PADAS,Female,23,No,Yes,No,Bieber,California,67,49-72,One Year,Fiber Optic,Bank Withdrawal,105.7,6816.95,8522.77,4,68,5027,0,No,,,Normal
6103-QCKFX,Female,36,No,Yes,Yes,Big Bar,California,44,25-48,Month-to-Month,DSL,Bank Withdrawal,56.25,2419.55,4367.57,3,28,3918,0,No,,,Normal
7781-EWARA,Male,19,No,Yes,Yes,Big Bend,California,70,49-72,One Year,Cable,Bank Withdrawal,60.35,4138.7,4089.47,3,56,4122,0,No,,,Normal
7018-FPXHH,Male,45,No,Yes,Yes,Callahan,California,56,49-72,Two Year,DSL,Bank Withdrawal,59.8,3457.45,4695.879999999999,3,72,4964,0,No,,,Normal
0572-ZJKLT,Female,32,No,Yes,Yes,Chester,California,46,25-48,Two Year,Fiber Optic,Credit Card,99.65,4630.2,6886.81,3,58,4736,0,No,,,Normal
5135-RDDQL,Female,37,No,Yes,Yes,Corning,California,63,49-72,Two Year,DSL,Bank Withdrawal,50.65,3221.25,4779.37,3,36,4847,0,No,,,Normal
1353-LJWEM,Male,23,No,No,No,Cottonwood,California,11,0-12,Month-to-Month,DSL,Bank Withdrawal,60.9,688.5,955.62,3,58,2726,0,No,,,Normal
1794-SWWKL,Male,22,No,Yes,Yes,Dorris,California,15,13-24,Month-to-Month,DSL,Bank Withdrawal,59.65,867.1,1199.85,4,75,3974,0,No,,,Normal
6166-YIPFO,Male,33,No,Yes,No,Douglas City,California,72,49-72,Two Year,DSL,Bank Withdrawal,64.7,4746.05,4886.05,3,36,6075,0,No,,,Normal
9332-GYWLO,Female,23,No,Yes,Yes,Fall River Mills,California,6,0-12,Month-to-Month,DSL,Bank Withdrawal,54.85,355.1,496.97,3,80,5729,0,No,,,High Risk
4184-VODJZ,Male,62,No,Yes,Yes,Forks Of Salmon,California,63,49-72,One Year,Fiber Optic,Bank Withdrawal,91.35,5764.7,8808.98,4,47,4512,0,No,,,Normal
1092-WPIVQ,Female,33,No,Yes,Yes,French Gulch,California,18,13-24,Two Year,,Credit Card,25.1,428.45,1125.96,4,55,3675,0,No,,,Normal
7233-IOQNP,Female,34,No,Yes,No,Gazelle,California,43,25-48,Month-to-Month,Cable,Bank Withdrawal,34.0,1505.35,1456.13,3,74,5409,0,No,,,High Risk
2834-JKOOW,Female,60,No,No,No,Gerber,California,15,13-24,One Year,DSL,Credit Card,45.9,693.45,677.1800000000001,3,51,3572,0,No,,,Normal
2400-FEQME,Male,57,No,Yes,Yes,Grenada,California,55,49-72,Two Year,,Credit Card,20.5,1177.95,3423.82,5,25,5011,0,No,,,Normal
4957-SREEC,Male,38,No,Yes,Yes,Fallbrook,California,70,49-72,Two Year,,Credit Card,20.35,1458.1,3647.26,5,69,5748,0,No,,,Normal
4923-ADWXJ,Female,33,No,No,No,Igo,California,25,25-48,Month-to-Month,DSL,Bank Withdrawal,65.8,1679.65,1680.86,5,66,3962,0,No,,,Normal
5949-HGVJL,Female,35,No,Yes,No,Mccloud,California,26,25-48,Month-to-Month,DSL,Bank Withdrawal,73.05,1959.5,2567.9700000000003,5,46,2753,0,No,,,Normal
5203-XEHAX,Female,55,No,No,No,Macdoel,California,34,25-48,One Year,DSL,Bank Withdrawal,64.35,2053.05,3555.7,3,48,3445,0,No,,,Normal
1635-HDGFT,Female,29,No,No,Yes,Manton,California,19,13-24,Two Year,,Credit Card,20.5,398.55,1048.0300000000002,4,69,4855,0,No,,,Normal
8050-XGRVL,Female,22,No,Yes,Yes,Millville,California,62,49-72,One Year,DSL,Credit Card,54.75,3425.35,5457.89,4,71,5010,0,No,,,High Risk
9828-QHFBK,Male,60,No,No,No,Montgomery Creek,California,24,13-24,Month-to-Month,DSL,Bank Withdrawal,51.15,1275.7,2090.98,3,35,5796,0,No,,,Normal
5012-YSPJJ,Male,20,No,Yes,Yes,Nubieber,California,31,25-48,Month-to-Month,DSL,Credit Card,54.35,1647.0,2423.24,3,41,3615,0,No,,,Normal
6728-VOIFY,Female,20,No,Yes,No,Palo Cedro,California,63,49-72,One Year,Fiber Optic,Bank Withdrawal,96.0,6109.75,7431.88,3,80,5016,0,No,,,High Risk
4891-NLUBA,Female,46,No,Yes,Yes,Paynes Creek,California,61,49-72,Two Year,DSL,Bank Withdrawal,61.45,3751.15,3751.15,3,20,5063,0,No,,,Normal
8969-PRHFK,Male,32,No,No,No,Red Bluff,California,18,13-24,One Year,,Credit Card,19.65,411.25,436.81,3,32,4695,0,No,,,Normal
0661-KQHNK,Female,38,No,Yes,Yes,Round Mountain,California,6,0-12,One Year,,Credit Card,19.0,105.5,285.56,5,46,5518,0,No,,,Normal
8709-KRDVL,Female,44,No,No,No,Scott Bar,California,33,25-48,Month-to-Month,Fiber Optic,Bank Withdrawal,100.0,3320.6,3867.41,5,76,4643,0,No,,,Normal
1427-VERSM,Female,62,No,Yes,No,Shasta,California,56,49-72,Month-to-Month,Fiber Optic,Bank Withdrawal,98.7,5669.5,6061.5,4,44,5141,0,No,,,Normal
9801-NOSHQ,Male,50,No,No,Yes,Shingletown,California,23,13-24,One Year,,Credit Card,19.8,465.45,493.05,3,49,3058,0,No,,,Normal
6339-YPSAH,Male,54,No,No,No,Tehama,California,9,0-12,Month-to-Month,Fiber Optic,Bank Withdrawal,73.8,704.3,770.9499999999999,3,52,4895,0,No,,,Normal
2159-TURXX,Male,26,No,No,No,Weaverville,California,5,0-12,Month-to-Month,,Credit Card,20.05,95.55,206.35,4,51,2483,0,No,,,Normal
1548-FEHVL,Male,40,No,Yes,No,Weed,California,61,49-72,Month-to-Month,Fiber Optic,Bank Withdrawal,106.2,6375.2,8062.46,4,74,6298,0,No,,,High Risk
3795-CAWEX,Male,21,No,Yes,Yes,Whitmore,California,70,49-72,Two Year,Fiber Optic,Credit Card,116.55,8152.3,11006.2,3,40,6116,0,No,,,Normal
6215-NQCPY,Male,53,No,No,No,Yreka,California,15,13-24,Month-to-Month,Fiber Optic,Bank Withdrawal,99.7,1566.75,1718.55,3,60,4157,0,No,,,Normal
5647-URDKA,Male,27,No,Yes,Yes,Alturas,California,8,0-12,Two Year,,Credit Card,19.7,130.25,222.81,4,29,5962,0,No,,,Normal
2229-DPMBI,Female,19,No,Yes,Yes,Blairsden Graeagle,California,8,0-12,Two Year,,Credit Card,19.5,162.15,267.83000000000004,5,58,3598,0,No,,,Normal
9626-WEQRM,Female,53,No,No,No,Cedarville,California,4,0-12,Month-to-Month,DSL,Credit Card,29.15,110.05,120.05,4,78,2657,0,No,,,Normal
2188-SXWVT,Female,31,No,No,No,Chilcoot,California,34,25-48,One Year,DSL,Credit Card,55.0,1885.15,3352.9300000000003,4,46,4027,0,No,,,Normal
6258-PVZWJ,Male,38,No,Yes,No,Clio,California,68,49-72,Two Year,DSL,Credit Card,90.8,6302.85,7107.290000000001,4,69,4265,0,No,,,Normal
1094-BKOSX,Female,52,No,Yes,Yes,Coleville,California,45,25-48,One Year,Cable,Bank Withdrawal,51.0,2264.5,2264.5,4,22,4534,0,No,,,Normal
2978-XXSOG,Female,33,No,No,No,Doyle,California,22,13-24,Month-to-Month,DSL,Credit Card,59.05,1253.5,1974.0,4,47,3995,0,No,,,Normal
6953-PBDIN,Male,50,No,Yes,No,Fort Bidwell,California,70,49-72,Two Year,DSL,Bank Withdrawal,72.95,5265.55,8026.15,4,70,6466,0,No,,,Normal
3898-BSJYF,Female,23,No,No,Yes,Herlong,California,10,0-12,One Year,Cable,Credit Card,73.55,693.3,835.6999999999999,3,29,4434,0,No,,,Normal
3938-YFPXD,Male,55,No,No,No,Janesville,California,72,49-72,Two Year,DSL,Credit Card,84.3,5997.1,8087.26,4,35,6012,0,No,,,Normal
7696-AMHOD,Female,23,No,Yes,Yes,Fallbrook,California,49,49-72,One Year,DSL,Credit Card,78.0,3824.2,4268.63,5,69,4200,0,No,,,Normal
9558-IHEZX,Female,57,No,No,No,Litchfield,California,71,49-72,Two Year,Fiber Optic,Credit Card,106.75,7283.25,7491.28,3,32,5610,0,No,,,Normal
9617-UDPEU,Female,50,No,No,No,Loyalton,California,22,13-24,One Year,,Credit Card,19.25,412.55,1191.35,3,52,2691,0,No,,,Normal
6340-DACFT,Female,37,No,Yes,Yes,Madeline,California,50,49-72,Two Year,,Credit Card,20.55,1070.25,1576.75,4,34,4878,0,No,,,Normal
4955-VCWBI,Female,51,No,Yes,Yes,Markleeville,California,43,25-48,One Year,,Credit Card,20.0,817.95,2331.55,5,76,4882,0,No,,,Normal
6813-GZQCG,Female,21,No,Yes,Yes,Milford,California,45,25-48,Two Year,,Credit Card,24.65,1171.3,2861.95,3,63,2194,0,No,,,Normal
3389-KTRXV,Female,61,No,Yes,Yes,Ravendale,California,23,13-24,Two Year,,Credit Card,23.85,625.65,789.18,5,78,5945,0,No,,,High Risk
3118-UHVVQ,Female,41,No,Yes,No,Calpine,California,68,49-72,Two Year,,Credit Card,25.8,1911.5,3075.66,4,21,4747,0,No,,,Normal
3205-MXZRA,Male,47,No,No,No,Standish,California,26,25-48,One Year,DSL,Credit Card,59.45,1507.0,1591.76,4,41,2074,0,No,,,Normal
8317-BVKSO,Male,27,No,No,No,Termo,California,14,13-24,Month-to-Month,,Bank Withdrawal,20.05,299.3,427.96,5,32,5728,0,No,,,Normal
5702-KVQRD,Male,34,No,Yes,No,Topaz,California,71,49-72,Two Year,DSL,Bank Withdrawal,82.55,5832.65,7835.559999999999,3,68,4668,0,No,,,Normal
0083-PIVIK,Male,25,No,No,No,Tulelake,California,64,49-72,One Year,DSL,Bank Withdrawal,81.25,5567.55,5958.91,3,67,4761,0,No,,,Normal
6169-PGNCD,Female,61,No,No,No,Westwood,California,57,49-72,Two Year,DSL,Credit Card,74.3,4166.35,4534.0,4,54,5741,0,No,,,Normal
4657-FWVFY,Female,51,No,Yes,Yes,Kings Beach,California,40,25-48,Month-to-Month,Fiber Optic,Credit Card,96.35,3915.4,5092.200000000001,5,52,2004,0,No,,,Normal
2257-BOVXD,Male,48,No,Yes,No,Tahoe City,California,14,13-24,Month-to-Month,DSL,Credit Card,66.6,979.5,1289.46,3,36,3516,0,No,,,Normal
9696-RMYBA,Male,56,No,No,No,Los Angeles,California,5,0-12,Month-to-Month,Fiber Optic,Credit Card,80.1,398.55,460.3,3,22,5225,0,No,,,Normal
8690-UPCZI,Male,26,No,Yes,Yes,Los Angeles,California,29,25-48,One Year,DSL,Bank Withdrawal,69.05,1958.45,3062.75,4,33,4459,0,No,,,Normal
4086-WITJG,Male,53,No,Yes,Yes,Los Angeles,California,71,49-72,Two Year,,Credit Card,19.7,1301.1,2356.16,5,30,4808,0,No,,,Normal
8344-WFMFH,Male,34,No,No,Yes,Los Angeles,California,9,0-12,Month-to-Month,Cable,Bank Withdrawal,50.1,484.05,732.81,4,56,4738,0,No,,,Normal
8822-KNBHV,Female,30,No,No,No,Los Angeles,California,48,25-48,One Year,DSL,Credit Card,83.45,3887.85,6072.33,4,58,4250,0,No,,,Normal
8404-FYDIB,Male,19,No,No,No,Los Angeles,California,26,25-48,Month-to-Month,Fiber Optic,Credit Card,86.65,2208.75,3505.37,3,54,4469,0,No,,,Normal
2791-SFVEW,Female,63,No,No,No,Los Angeles,California,9,0-12,Month-to-Month,,Bank Withdrawal,20.15,238.15,551.26,4,27,3772,0,No,,,Normal
6762-NSODU,Female,46,No,Yes,Yes,Los Angeles,California,46,25-48,Two Year,,Credit Card,19.4,958.15,1541.4299999999998,4,77,4630,0,No,,,Normal
9888-ZCUMM,Male,48,No,Yes,Yes,Los Angeles,California,64,49-72,Two Year,DSL,Bank Withdrawal,60.05,3845.45,3845.45,4,77,4120,0,No,,,Normal
1074-WVEVG,Female,29,No,Yes,No,Los Angeles,California,59,49-72,One Year,,Credit Card,20.35,1267.0,3121.37,5,57,5757,0,No,,,Normal
9979-RGMZT,Female,20,No,No,No,Los Angeles,California,7,0-12,One Year,Fiber Optic,Credit Card,94.05,633.45,888.8800000000001,3,38,5545,0,No,,,Normal
2108-GLPQB,Male,49,No,Yes,No,Los Angeles,California,25,25-48,Month-to-Month,DSL,Credit Card,55.55,1405.3,1695.3,5,49,2950,0,No,,,Normal
5474-LAMUQ,Male,56,No,Yes,No,Los Angeles,California,24,13-24,One Year,,Credit Card,20.1,533.9,1393.1,3,69,5689,0,No,,,Normal
3468-DRVQJ,Female,42,No,Yes,Yes,Los Angeles,California,10,0-12,One Year,Cable,Bank Withdrawal,70.3,676.15,939.85,4,36,5496,0,No,,,Normal
1122-YJBCS,Male,36,No,Yes,No,Los Angeles,California,69,49-72,One Year,DSL,Credit Card,53.65,3804.4,4782.82,3,55,6092,0,No,,,Normal
4990-ALDGW,Male,37,No,No,No,Los Angeles,California,57,49-72,Two Year,,Credit Card,20.75,1118.8,3326.41,3,60,6271,0,No,,,Normal
4816-OKWNX,Male,38,No,Yes,Yes,Los Angeles,California,50,49-72,One Year,Fiber Optic,Bank Withdrawal,103.4,5236.4,7046.9,5,68,5437,0,No,,,Normal
3315-IKYZQ,Male,42,No,Yes,Yes,Los Angeles,California,28,25-48,One Year,DSL,Credit Card,50.8,1386.8,1386.8,4,45,3240,0,No,,,Normal
4747-LCAQL,Male,28,No,No,No,Los Angeles,California,25,25-48,Month-to-Month,DSL,Credit Card,79.0,1902.0,2090.75,4,52,5263,0,No,,,Normal
0898-XCGTF,Male,46,No,Yes,No,Los Angeles,California,61,49-72,One Year,Fiber Optic,Bank Withdrawal,96.5,5673.7,7013.26,5,49,5926,0,No,,,Normal
8249-THVEC,Male,38,No,Yes,Yes,Los Angeles,California,51,49-72,One Year,,Credit Card,19.4,997.75,2916.88,4,73,4025,0,No,,,Normal
8722-PRFDV,Female,21,No,Yes,Yes,Los Angeles,California,71,49-72,Two Year,Cable,Credit Card,77.55,5574.35,9036.31,3,27,5097,0,No,,,Normal
2164-SOQXL,Female,31,No,Yes,Yes,Los Angeles,California,20,13-24,Month-to-Month,,Credit Card,20.05,406.05,701.8499999999999,3,43,2698,0,No,,,Normal
4020-KIUDI,Male,54,No,Yes,Yes,Los Angeles,California,6,0-12,Month-to-Month,,Credit Card,19.85,138.85,281.23,5,42,2186,0,No,,,Normal
5850-BDWCY,Female,64,No,No,No,Los Angeles,California,6,0-12,Month-to-Month,,Credit Card,20.2,123.65,382.73,5,26,5029,0,No,,,Normal
2038-YSEZE,Female,48,No,No,No,Los Angeles,California,29,25-48,Month-to-Month,DSL,Credit Card,67.45,1801.1,2199.56,3,65,3152,0,No,,,Normal
0827-ITJPH,Male,33,No,No,No,Los Angeles,California,36,25-48,Two Year,,Credit Card,18.55,689.0,995.0,3,28,5703,0,No,,,Normal
8799-OXZMD,Female,35,No,No,No,Los Angeles,California,28,25-48,Month-to-Month,DSL,Credit Card,29.75,790.7,790.7,5,67,5463,0,No,,,Normal
1705-GUHPV,Female,64,No,No,No,Los Angeles,California,63,49-72,Two Year,,Credit Card,24.2,1618.2,3302.82,3,64,4948,0,No,,,Normal
4779-ZGICK,Male,39,No,Yes,Yes,Los Angeles,California,48,25-48,Two Year,,Credit Card,23.55,1173.35,1742.63,3,66,5019,0,No,,,Normal
0048-PIHNL,Female,48,No,Yes,No,Los Angeles,California,49,49-72,One Year,,Bank Withdrawal,20.45,900.9,3330.32,3,20,6061,0,No,,,Normal
3967-KXAPS,Male,42,No,Yes,No,Los Angeles,California,72,49-72,Two Year,DSL,Credit Card,92.3,6719.9,7698.379999999999,4,56,5136,0,No,,,Normal
3704-IEAXF,Female,49,No,Yes,Yes,Los Angeles,California,72,49-72,Two Year,DSL,Credit Card,53.65,3784.0,3784.0,3,47,5498,0,No,,,Normal
6810-VCAEX,Female,57,No,No,No,Los Angeles,California,47,25-48,One Year,DSL,Credit Card,39.65,1798.65,1798.65,4,26,4670,0,No,,,Normal
4480-MBMLB,Female,52,No,No,No,Los Angeles,California,36,25-48,One Year,Fiber Optic,Bank Withdrawal,104.8,3886.45,4909.21,3,68,5319,0,No,,,Normal
1395-OFUWC,Male,44,No,Yes,Yes,Los Angeles,California,43,25-48,Month-to-Month,Cable,Credit Card,29.3,1224.05,1224.05,3,70,4741,0,No,,,Normal
2832-KJCRD,Female,22,No,No,No,Los Angeles,California,38,25-48,Month-to-Month,Fiber Optic,Bank Withdrawal,103.65,3988.5,5038.6,5,47,2511,0,No,,,Normal
4075-WKNIU,Female,25,No,Yes,Yes,Bell,California,10,0-12,Two Year,DSL,Credit Card,73.35,733.5,789.4,4,44,2342,0,No,,,Normal
5090-EMGTC,Female,32,No,Yes,No,Beverly Hills,California,59,49-72,Two Year,Fiber Optic,Credit Card,100.05,6034.85,8734.1,3,70,4521,0,No,,,Normal
2346-CZYIL,Male,42,No,No,No,Beverly Hills,California,27,25-48,Two Year,,Credit Card,20.35,531.6,1605.3900000000003,3,52,4962,0,No,,,Normal
6258-NGCNG,Male,54,No,No,No,Compton,California,7,0-12,Month-to-Month,,Credit Card,23.5,173.0,182.87,4,33,5508,0,No,,,Normal
4186-ZBUEW,Female,55,No,No,No,Compton,California,36,25-48,One Year,DSL,Credit Card,70.7,2511.95,3625.67,3,71,3566,0,No,,,Normal
5274-XHAKY,Female,19,No,Yes,Yes,Compton,California,41,25-48,Month-to-Month,Fiber Optic,Bank Withdrawal,94.3,3893.6,3959.2,4,43,2196,0,No,,,Normal
1442-BQPVU,Female,33,No,No,No,Culver City,California,13,13-24,Month-to-Month,DSL,Bank Withdrawal,29.15,357.15,357.15,4,71,2876,0,No,,,Normal
3978-YNKDD,Male,62,No,No,Yes,Culver City,California,19,13-24,Two Year,,Credit Card,20.85,467.5,1154.54,4,43,2654,0,No,,,Normal
4940-KHCWD,Female,61,No,Yes,No,Downey,California,60,49-72,Two Year,Cable,Bank Withdrawal,37.7,2288.7,2288.7,4,54,5148,0,No,,,Normal
9589-ABEPT,Male,47,No,Yes,No,El Segundo,California,69,49-72,Two Year,Fiber Optic,Credit Card,92.45,6460.55,6673.070000000001,3,56,4452,0,No,,,Normal
9388-ZEYVT,Male,63,No,No,No,Gardena,California,43,25-48,One Year,DSL,Bank Withdrawal,44.15,1931.3,1931.3,4,42,2522,0,No,,,Normal
0305-SQECB,Female,54,No,No,Yes,Gardena,California,11,0-12,One Year,DSL,Credit Card,36.05,402.6,502.6,4,67,4265,0,No,,,Normal
7605-SNLQG,Female,42,No,Yes,No,Gardena,California,45,25-48,Month-to-Month,DSL,Credit Card,50.25,2221.55,2513.6000000000004,4,44,2036,0,No,,,Normal
4670-TABXH,Male,53,No,Yes,No,Hawthorne,California,72,49-72,Two Year,Fiber Optic,Credit Card,109.75,7758.9,9411.3,3,71,5791,0,No,,,High Risk
0064-SUDOG,Female,48,No,Yes,Yes,Huntington Park,California,12,0-12,Two Year,,Bank Withdrawal,20.3,224.5,455.86,5,57,5190,0,No,,,Normal
8561-NMTBD,Female,20,No,Yes,Yes,Lawndale,California,67,49-72,One Year,Fiber Optic,Credit Card,112.35,7388.45,8755.92,4,46,5427,0,No,,,Normal
5161-XEUVX,Male,23,No,Yes,No,Lynwood,California,37,25-48,Two Year,Fiber Optic,Credit Card,94.3,3460.95,3946.76,3,49,2615,0,No,,,Normal
8292-FRFZQ,Female,19,No,No,No,Malibu,California,39,25-48,One Year,DSL,Bank Withdrawal,41.15,1700.9,1700.9,4,67,3445,0,No,,,Normal
8591-NXRCV,Female,47,No,No,No,Malibu,California,41,25-48,Month-to-Month,DSL,Bank Withdrawal,74.65,3090.65,4464.93,4,77,3859,0,No,,,Normal
7895-VONWT,Female,20,No,No,No,Manhattan Beach,California,25,25-48,Month-to-Month,Cable,Bank Withdrawal,48.25,1293.8,1293.8,5,46,4284,0,No,,,Normal
4526-RMTLL,Male,32,No,Yes,Yes,Maywood,California,8,0-12,Two Year,DSL,Credit Card,76.15,645.8,944.04,4,64,4457,0,No,,,Normal
6253-GNHWH,Female,63,No,Yes,Yes,Pacific Palisades,California,71,49-72,Two Year,DSL,Credit Card,71.1,5224.95,8477.46,4,57,6090,0,No,,,Normal
4566-NECEV,Male,40,No,No,No,Palos Verdes Peninsula,California,5,0-12,Month-to-Month,Fiber Optic,Bank Withdrawal,96.55,500.1,695.75,3,56,3787,0,No,,,Normal
8080-POTJR,Female,59,No,No,No,Rancho Palos Verdes,California,30,25-48,One Year,DSL,Credit Card,79.3,2427.1,2629.3,3,78,2655,0,No,,,Normal
6906-MPARY,Male,30,No,No,No,Redondo Beach,California,40,25-48,One Year,Fiber Optic,Credit Card,89.6,3488.15,4778.950000000001,4,22,2524,0,No,,,Normal
3662-FXJFO,Female,44,No,No,No,Redondo Beach,California,54,49-72,Two Year,,Credit Card,20.5,1035.7,1620.52,5,30,5946,0,No,,,Normal
8107-RZLNV,Male,22,No,Yes,No,South Gate,California,72,49-72,Two Year,Fiber Optic,Bank Withdrawal,106.3,7565.35,8651.83,5,62,4634,0,No,,,Normal
0516-OOHAR,Male,39,No,Yes,Yes,Topanga,California,28,25-48,One Year,Fiber Optic,Bank Withdrawal,100.35,2799.0,3015.44,3,50,3411,0,No,,,Normal
2027-CWDNU,Male,45,No,Yes,Yes,Venice,California,18,13-24,Month-to-Month,Fiber Optic,Bank Withdrawal,85.6,1601.5,2106.22,4,63,5968,0,No,,,Normal
9912-OMZDS,Female,63,No,Yes,Yes,Playa Del Rey,California,59,49-72,One Year,Fiber Optic,Bank Withdrawal,106.15,6256.2,8334.77,5,51,5096,0,No,,,Normal
3733-ZEECP,Male,29,No,Yes,Yes,Inglewood,California,22,13-24,Month-to-Month,Cable,Bank Withdrawal,51.1,1232.9,1846.92,5,34,5329,0,No,,,Normal
7103-IPXPJ,Male,44,No,Yes,No,Inglewood,California,50,49-72,One Year,Fiber Optic,Bank Withdrawal,99.4,5059.75,6362.75,4,75,6479,0,No,,,High Risk
4342-HFXWS,Female,19,No,Yes,Yes,Santa Monica,California,48,25-48,One Year,DSL,Bank Withdrawal,69.7,3023.65,5167.33,3,50,3442,0,No,,,Normal
3545-CNWRG,Female,52,No,Yes,Yes,Santa Monica,California,49,49-72,Month-to-Month,Fiber Optic,Bank Withdrawal,98.35,4889.2,6230.82,5,39,4325,0,No,,,Normal
1785-BPHTP,Male,64,No,Yes,Yes,Santa Monica,California,28,25-48,Month-to-Month,Fiber Optic,Bank Withdrawal,85.45,2289.9,2378.94,3,26,4022,0,No,,,Normal
7315-WYOAW,Male,29,No,No,No,Santa Monica,California,13,13-24,Month-to-Month,Fiber Optic,Bank Withdrawal,100.75,1313.25,2010.84,3,80,5985,0,No,,,High Risk
1173-XZPYF,Female,60,No,No,No,Torrance,California,11,0-12,Month-to-Month,Fiber Optic,Bank Withdrawal,89.2,990.3,1110.75,4,32,3734,0,No,,,Normal
2509-TFPJU,Male,62,No,Yes,No,Torrance,California,72,49-72,Two Year,,Credit Card,25.75,1864.2,4747.08,5,24,4413,0,No,,,Normal
9530-GRMJG,Male,63,No,Yes,Yes,Whittier,California,70,49-72,Two Year,DSL,Bank Withdrawal,84.1,5979.7,8697.8,4,48,5568,0,No,,,Normal
6898-RBTLU,Female,47,No,Yes,Yes,Whittier,California,49,49-72,Two Year,DSL,Bank Withdrawal,79.3,3902.45,4715.85,5,59,6366,0,No,,,Normal
2068-WWXQZ,Male,61,No,No,No,Whittier,California,46,25-48,Two Year,,Bank Withdrawal,20.05,902.0,2293.5,5,38,2942,0,No,,,Normal
2061-VVFST,Female,57,No,Yes,No,Whittier,California,37,25-48,Month-to-Month,,Bank Withdrawal,19.5,805.2,2477.23,4,72,3924,0,No,,,Normal
2380-DAMQP,Female,63,No,Yes,No,La Palma,California,72,49-72,Two Year,Fiber Optic,Bank Withdrawal,115.15,8349.7,11272.18,4,67,4761,0,No,,,Normal
2256-YLYLP,Male,45,No,Yes,Yes,Cypress,California,68,49-72,Two Year,DSL,Bank Withdrawal,72.95,4953.25,7274.09,4,27,4499,0,No,,,Normal
1272-ILHFG,Male,48,No,Yes,Yes,La Habra,California,15,13-24,One Year,,Credit Card,19.65,332.65,591.85,5,71,5928,0,No,,,High Risk
0164-XAIRP,Female,51,No,No,No,La Mirada,California,24,13-24,Two Year,,Bank Withdrawal,19.55,470.2,725.56,5,34,2511,0,No,,,Normal
5666-CYCYZ,Female,21,No,No,No,Montebello,California,24,13-24,Month-to-Month,Fiber Optic,Bank Withdrawal,89.55,2259.35,2693.03,4,76,5352,0,No,,,High Risk
4011-ARPHK,Male,59,No,No,No,Norwalk,California,27,25-48,Month-to-Month,DSL,Credit Card,50.35,1411.35,2061.12,3,77,5578,0,No,,,High Risk
6365-HITVU,Female,24,No,Yes,Yes,Santa Fe Springs,California,71,49-72,Two Year,Cable,Credit Card,87.25,6328.7,9742.38,4,38,4135,0,No,,,Normal
7558-IMLMT,Male,48,No,Yes,Yes,Stanton,California,67,49-72,Two Year,,Credit Card,20.8,1411.9,2002.84,4,77,5626,0,No,,,High Risk
9488-FYQAU,Female,64,No,Yes,No,Artesia,California,63,49-72,Two Year,Fiber Optic,Bank Withdrawal,109.25,6841.4,7513.61,4,78,5700,0,No,,,High Risk
6994-KERXL,Male,51,No,No,No,Avalon,California,4,0-12,Month-to-Month,DSL,Bank Withdrawal,55.9,238.5,309.3,3,25,3545,0,No,,,Normal
1960-UOTYM,Male,61,No,Yes,Yes,Lakewood,California,52,49-72,Two Year,DSL,Bank Withdrawal,79.2,4016.3,4875.860000000001,4,22,4509,0,No,,,Normal
2740-JFBOK,Male,35,No,No,No,Lakewood,California,10,0-12,Month-to-Month,,Bank Withdrawal,24.0,226.55,256.65000000000003,5,71,5299,0,No,,,High Risk
6500-JVEGC,Male,56,No,No,No,Lakewood,California,68,49-72,One Year,Fiber Optic,Bank Withdrawal,101.35,7110.75,7873.71,4,60,4941,0,No,,,Normal
5245-VDBUR,Female,58,No,Yes,No,Los Alamitos,California,52,49-72,One Year,DSL,Credit Card,35.45,1958.95,1958.95,4,47,5509,0,No,,,Normal
8469-SNFFH,Male,40,No,Yes,No,San Pedro,California,70,49-72,One Year,DSL,Bank Withdrawal,79.4,5528.9,8571.1,4,38,5991,0,No,,,Normal
2144-ESWKO,Male,47,No,No,No,San Pedro,California,43,25-48,One Year,Cable,Credit Card,35.2,1463.7,1463.7,3,70,5268,0,No,,,Normal
1241-FPMOF,Male,31,No,No,No,Seal Beach,California,52,49-72,Two Year,,Credit Card,19.65,1025.05,2168.01,4,24,5157,0,No,,,Normal
9928-BZVLZ,Female,58,No,No,No,Sunset Beach,California,12,0-12,Two Year,DSL,Credit Card,49.85,552.1,552.1,3,20,3100,0,No,,,Normal
4114-QMKVN,Female,25,No,Yes,Yes,Surfside,California,56,49-72,One Year,DSL,Bank Withdrawal,68.75,3815.4,4334.76,3,53,6494,0,No,,,Normal
2775-SEFEE,Male,56,No,No,Yes,Wilmington,California,10,0-12,Two Year,DSL,Bank Withdrawal,61.9,619.0,918.5,4,65,5188,0,No,,,Normal
9003-CPATH,Male,53,No,No,No,Carson,California,42,25-48,Month-to-Month,Fiber Optic,Bank Withdrawal,79.9,3313.4,3687.250000000001,4,70,2583,0,No,,,Normal
7956-XQWGU,Male,43,No,No,No,Long Beach,California,27,25-48,Month-to-Month,,Credit Card,19.4,460.25,500.59,4,25,5975,0,No,,,Normal
5115-SQAAU,Female,55,No,Yes,Yes,Long Beach,California,69,49-72,Two Year,,Bank Withdrawal,25.6,1673.4,3092.9300000000003,4,60,6053,0,No,,,Normal
9845-QOMAD,Male,38,No,Yes,Yes,Long Beach,California,14,13-24,One Year,,Credit Card,19.75,309.35,680.72,3,58,3958,0,No,,,Normal
7672-VFMXZ,Male,31,No,Yes,No,Long Beach,California,57,49-72,Month-to-Month,Cable,Bank Withdrawal,55.7,3171.6,4019.37,3,22,4607,0,No,,,Normal
9739-JLPQJ,Female,58,No,Yes,Yes,Long Beach,California,72,49-72,Two Year,Fiber Optic,Credit Card,117.5,8670.1,11025.19,4,47,6009,0,No,,,Normal
9916-AYHTC,Male,63,No,No,No,Altadena,California,48,25-48,Two Year,,Credit Card,19.85,916.0,2453.92,5,38,3779,0,No,,,Normal
3855-ONCAR,Female,35,No,Yes,Yes,Arcadia,California,4,0-12,Month-to-Month,Fiber Optic,Credit Card,78.9,299.75,430.46,4,50,5775,0,No,,,Normal
1488-SYSFC,Male,31,No,Yes,Yes,Arcadia,California,31,25-48,Month-to-Month,,Bank Withdrawal,20.65,702.05,954.65,4,79,2990,0,No,,,Normal
5893-KCLGT,Female,56,No,No,Yes,Sunland,California,72,49-72,Two Year,,Credit Card,19.75,1567.0,2636.1400000000003,4,78,5478,0,No,,,High Risk
0076-LVEPS,Male,57,No,No,Yes,Tujunga,California,29,25-48,Month-to-Month,DSL,Credit Card,45.0,1242.45,1230.19,4,73,3290,0,No,,,Normal
3640-JQGJG,Male,25,No,Yes,Yes,Pasadena,California,13,13-24,Month-to-Month,Cable,Bank Withdrawal,44.8,559.2,692.0500000000001,3,44,4680,0,No,,,Normal
1596-OQSPS,Female,64,No,No,No,Pasadena,California,11,0-12,Month-to-Month,DSL,Bank Withdrawal,51.1,531.15,563.6,4,60,4467,0,No,,,Normal
9867-XOBQA,Female,59,No,No,Yes,Pasadena,California,21,13-24,Two Year,DSL,Credit Card,53.15,1183.2,1164.07,4,29,3461,0,No,,,Normal
9546-KDTRB,Female,62,No,No,No,Pasadena,California,19,13-24,Month-to-Month,,Bank Withdrawal,24.7,465.85,689.54,5,46,3612,0,No,,,Normal
3174-RKMOW,Male,24,No,Yes,Yes,Glendale,California,35,25-48,Month-to-Month,Fiber Optic,Bank Withdrawal,109.95,3782.4,5441.0,3,71,5721,0,No,,,High Risk
1760-CAZHT,Male,55,No,No,Yes,Glendale,California,25,25-48,Month-to-Month,,Credit Card,20.8,460.2,515.14,5,60,3274,0,No,,,Normal
8441-SHIPE,Female,53,No,No,No,Glendale,California,67,49-72,Two Year,,Bank Withdrawal,25.6,1790.35,2864.53,3,34,5183,0,No,,,Normal
1320-GVNHT,Male,56,No,Yes,Yes,Glendale,California,72,49-72,Two Year,Fiber Optic,Credit Card,108.4,7767.25,9804.61,4,20,4419,0,No,,,Normal
1047-RNXZV,Male,57,No,No,No,Glendale,California,43,25-48,Two Year,,Credit Card,19.55,876.15,997.72,5,67,4871,0,No,,,Normal
3541-ZNUHK,Female,51,No,Yes,Yes,La Crescenta,California,55,49-72,Month-to-Month,Fiber Optic,Bank Withdrawal,85.1,4600.95,5692.15,3,76,4026,0,No,,,Normal
8725-JEDFD,Male,26,No,No,No,Calabasas,California,27,25-48,Month-to-Month,Fiber Optic,Credit Card,69.05,1793.25,2714.99,5,27,3241,0,No,,,Normal
7562-UXTPG,Female,40,No,No,No,Canoga Park,California,13,13-24,Month-to-Month,Fiber Optic,Credit Card,70.15,886.7,1217.86,4,56,2992,0,No,,,Normal
8071-SBTRN,Female,63,No,No,No,Canoga Park,California,70,49-72,Two Year,Fiber Optic,Credit Card,111.15,7737.55,9311.79,4,62,4240,0,No,,,Normal
6668-CNMFP,Female,24,No,Yes,Yes,West Hills,California,19,13-24,One Year,Fiber Optic,Bank Withdrawal,89.35,1686.85,2388.33,4,57,4473,0,No,,,Normal
5626-MGTUK,Female,50,No,No,No,Chatsworth,California,20,13-24,Month-to-Month,Fiber Optic,Bank Withdrawal,89.1,1879.25,2388.42,3,70,3027,0,No,,,Normal
5681-LLOEI,Male,59,No,Yes,Yes,Encino,California,43,25-48,One Year,Fiber Optic,Credit Card,91.25,4013.8,5803.77,3,30,5884,0,No,,,Normal
8212-DJRCH,Male,33,No,Yes,Yes,Newbury Park,California,5,0-12,Month-to-Month,Fiber Optic,Credit Card,90.35,434.5,492.22,4,66,4014,0,No,,,Normal
4933-BSAIP,Female,39,No,Yes,No,Northridge,California,40,25-48,Two Year,,Credit Card,19.1,780.1,1989.3,3,59,2056,0,No,,,Normal
2030-BTZRO,Male,54,No,Yes,Yes,Northridge,California,6,0-12,Two Year,,Credit Card,20.4,107.6,355.76,5,57,4628,0,No,,,Normal
1116-DXXDF,Male,38,No,No,No,Porter Ranch,California,39,25-48,Two Year,Fiber Optic,Bank Withdrawal,100.45,3801.7,5281.36,4,45,2698,0,No,,,Normal
0270-THENM,Male,62,No,Yes,Yes,Mission Hills,California,72,49-72,Two Year,DSL,Bank Withdrawal,69.85,5102.35,7119.750000000001,3,77,6233,0,No,,,High Risk
4707-MAXGU,Male,36,No,Yes,No,Canyon Country,California,72,49-72,Two Year,,Credit Card,25.85,1872.2,4460.63,5,45,5514,0,No,,,Normal
6300-BWMJX,Female,45,No,Yes,No,Valencia,California,59,49-72,Month-to-Month,Fiber Optic,Bank Withdrawal,93.35,5386.5,6576.450000000001,3,44,4814,0,No,,,Normal
7009-LGECI,Female,24,No,No,No,Westlake Village,California,4,0-12,Month-to-Month,DSL,Bank Withdrawal,50.55,235.65,323.93,4,78,4164,0,No,,,Normal
5022-KVDQT,Male,20,No,No,No,Woodland Hills,California,27,25-48,Month-to-Month,Fiber Optic,Bank Withdrawal,81.3,2272.8,3061.6400000000003,5,72,5158,0,No,,,High Risk
7976-CICYS,Male,49,No,No,No,Woodland Hills,California,4,0-12,Month-to-Month,,Credit Card,20.7,83.75,191.91,4,76,3027,0,No,,,Normal
1036-GUDCL,Male,59,No,Yes,Yes,Oak Park,California,60,49-72,Month-to-Month,DSL,Credit Card,79.05,4663.4,7049.0,4,60,5275,0,No,,,Normal
2005-DWQZJ,Female,26,No,Yes,Yes,Stevenson Ranch,California,8,0-12,Two Year,,Credit Card,19.05,201.7,543.06,3,47,3153,0,No,,,Normal
8148-WOCMK,Male,54,No,Yes,Yes,Castaic,California,8,0-12,Two Year,,Credit Card,19.6,125.0,232.44,5,67,3214,0,No,,,Normal
7815-PDTHL,Male,64,No,No,No,Van Nuys,California,35,25-48,Two Year,,Credit Card,20.2,684.4,2182.4,3,45,3481,0,No,,,Normal
9173-IVZVP,Female,48,No,Yes,Yes,Sherman Oaks,California,53,49-72,Two Year,,Credit Card,20.9,1146.05,3462.6800000000003,5,64,4254,0,No,,,Normal
3635-JBPSG,Female,49,No,No,No,Van Nuys,California,15,13-24,Two Year,DSL,Credit Card,38.8,603.0,603.0,4,55,2118,0,No,,,Normal
7964-ZRKKG,Male,44,No,Yes,No,Van Nuys,California,67,49-72,One Year,Fiber Optic,Bank Withdrawal,88.4,5798.3,8317.5,5,49,6251,0,No,,,Normal
8217-QYOHV,Male,27,No,No,No,Burbank,California,5,0-12,Month-to-Month,Cable,Credit Card,55.75,266.95,421.55,4,22,4545,0,No,,,Normal
5546-QUERU,Male,42,No,No,No,Burbank,California,13,13-24,One Year,,Credit Card,19.95,257.0,469.55,3,70,5221,0,No,,,Normal
6897-UUBNU,Male,39,No,No,No,North Hollywood,California,29,25-48,Month-to-Month,Fiber Optic,Credit Card,89.65,2623.65,3008.33,4,51,2681,0,No,,,Normal
8930-XOTDP,Female,33,No,Yes,Yes,North Hollywood,California,18,13-24,Month-to-Month,DSL,Credit Card,55.95,1082.8,1415.26,4,76,2035,0,No,,,Normal
5060-TQUQN,Male,19,No,Yes,Yes,Rancho Cucamonga,California,30,25-48,Month-to-Month,Fiber Optic,Bank Withdrawal,83.55,2570.2,2877.4,3,31,3558,0,No,,,Normal
0531-XBKMM,Male,37,No,No,Yes,Azusa,California,66,49-72,Two Year,DSL,Bank Withdrawal,65.7,4378.9,6498.82,3,57,5058,0,No,,,Normal
8465-SBRXP,Male,32,No,Yes,Yes,Baldwin Park,California,38,25-48,Two Year,Fiber Optic,Bank Withdrawal,94.9,3616.25,4598.17,3,33,2436,0,No,,,Normal
2408-PSJVE,Male,41,No,Yes,Yes,Chino Hills,California,44,25-48,Month-to-Month,DSL,Credit Card,61.9,2924.05,4581.97,4,63,4388,0,No,,,Normal
8738-JOKAR,Female,55,No,No,No,Covina,California,42,25-48,One Year,Cable,Credit Card,67.7,2882.25,4533.6900000000005,4,36,5034,0,No,,,Normal
4534-WGCIR,Female,56,No,Yes,Yes,Covina,California,58,49-72,Two Year,,Credit Card,25.15,1509.9,3220.9,4,71,6444,0,No,,,High Risk
1930-WNXSB,Male,38,No,Yes,Yes,Covina,California,58,49-72,Month-to-Month,Fiber Optic,Bank Withdrawal,92.85,5305.05,8071.07,5,36,4879,0,No,,,Normal
3508-CFVZL,Female,55,No,No,No,El Monte,California,71,49-72,Two Year,Fiber Optic,Credit Card,111.3,7985.9,11501.82,3,46,5957,0,No,,,Normal
0657-DOGUM,Female,35,No,Yes,No,Rancho Cucamonga,California,48,25-48,One Year,DSL,Bank Withdrawal,60.6,2985.25,5231.81,4,76,4077,0,No,,,Normal
8792-AOROI,Female,23,No,Yes,No,Glendora,California,8,0-12,Two Year,DSL,Credit Card,65.5,564.35,753.79,3,72,2985,0,No,,,Normal
5146-YYFRZ,Male,32,No,No,No,Hacienda Heights,California,67,49-72,Two Year,,Bank Withdrawal,19.95,1311.75,2338.19,5,80,6212,0,No,,,High Risk
3452-SRFEG,Male,39,No,No,No,La Verne,California,49,49-72,Month-to-Month,Fiber Optic,Bank Withdrawal,74.6,3720.35,4887.53,5,79,4516,0,No,,,Normal
4070-OKWVH,Female,60,No,Yes,No,Mira Loma,California,52,49-72,Month-to-Month,Fiber Optic,Bank Withdrawal,94.6,5025.8,6545.76,3,57,6212,0,No,,,Normal
5297-MDOIR,Female,20,No,Yes,No,Monterey Park,California,63,49-72,One Year,Fiber Optic,Credit Card,81.15,5224.5,7398.629999999999,4,60,5294,0,No,,,Normal
6369-MCAKO,Female,50,No,Yes,Yes,Monterey Park,California,68,49-72,Two Year,DSL,Bank Withdrawal,89.05,6185.8,9443.68,3,49,5001,0,No,,,Normal
4926-UMJZD,Female,51,No,Yes,No,Mt Baldy,California,31,25-48,Month-to-Month,DSL,Credit Card,49.2,1498.55,1635.75,5,52,2157,0,No,,,Normal
6848-HJTXY,Female,41,No,Yes,No,Ontario,California,64,49-72,Two Year,,Credit Card,19.45,1208.6,2487.32,3,28,5628,0,No,,,Normal
6341-AEVKX,Female,37,No,Yes,No,Ontario,California,62,49-72,One Year,Fiber Optic,Bank Withdrawal,104.3,6613.65,9400.55,4,23,5905,0,No,,,Normal
0682-USIXD,Female,40,No,Yes,No,Diamond Bar,California,21,13-24,Month-to-Month,Fiber Optic,Bank Withdrawal,86.05,1818.9,2129.91,3,23,2937,0,No,,,Normal
6976-BWGLQ,Female,64,No,Yes,Yes,Pomona,California,72,49-72,Two Year,,Bank Withdrawal,25.2,1787.35,4616.95,3,31,4382,0,No,,,Normal
7078-NVFAM,Female,57,No,Yes,Yes,Pomona,California,32,25-48,Month-to-Month,Cable,Bank Withdrawal,35.15,1051.05,1051.05,4,77,3163,0,No,,,Normal
2133-TSRRM,Female,47,No,No,Yes,Rosemead,California,34,25-48,Month-to-Month,Fiber Optic,Bank Withdrawal,105.35,3688.6,4918.56,4,39,5432,0,No,,,Normal
2511-ALLCS,Female,38,No,Yes,Yes,Temple City,California,35,25-48,Two Year,,Bank Withdrawal,24.3,821.6,1481.7,4,32,5998,0,No,,,Normal
7470-DYNOE,Male,37,No,No,No,Walnut,California,53,49-72,One Year,DSL,Bank Withdrawal,61.1,3357.9,3613.36,5,35,5940,0,No,,,Normal
7853-OETYL,Female,40,No,Yes,No,West Covina,California,4,0-12,Month-to-Month,DSL,Bank Withdrawal,29.05,129.6,129.6,3,35,3306,0,No,,,Normal
1545-ACTAS,Female,53,No,Yes,Yes,West Covina,California,48,25-48,One Year,Fiber Optic,Bank Withdrawal,99.7,4977.2,6713.84,3,29,5921,0,No,,,Normal
5126-RCXYW,Male,41,No,Yes,Yes,Alhambra,California,54,49-72,Two Year,DSL,Credit Card,46.0,2424.05,2514.05,4,71,4451,0,No,,,Normal
2363-BJLSL,Male,49,No,No,No,Bonita,California,62,49-72,Month-to-Month,DSL,Bank Withdrawal,80.4,4981.15,8001.789999999999,5,79,5157,0,No,,,High Risk
1956-YIFGE,Male,36,No,Yes,Yes,Boulevard,California,22,13-24,One Year,Fiber Optic,Credit Card,100.05,2090.25,2289.35,4,64,3274,0,No,,,Normal
2925-MXLSX,Female,37,No,No,No,Chula Vista,California,30,25-48,One Year,DSL,Credit Card,68.95,2038.7,2717.9,5,30,4403,0,No,,,Normal
9609-BENEA,Male,50,No,Yes,No,Chula Vista,California,35,25-48,One Year,DSL,Bank Withdrawal,69.0,2441.7,4050.65,3,59,5283,0,No,,,Normal
4459-BBGHE,Male,61,No,No,Yes,Descanso,California,30,25-48,Month-to-Month,DSL,Bank Withdrawal,44.5,1307.8,1307.8,4,58,5833,0,No,,,Normal
9945-PSVIP,Female,36,No,Yes,Yes,Dulzura,California,25,25-48,Two Year,,Credit Card,18.7,383.65,454.15,4,42,2289,0,No,,,Normal
0530-IJVDB,Male,36,No,No,Yes,Jamul,California,70,49-72,Two Year,Fiber Optic,Bank Withdrawal,114.6,7882.5,9749.4,4,65,5414,0,No,,,Normal
0508-SQWPL,Female,32,No,Yes,Yes,La Mesa,California,57,49-72,Two Year,,Bank Withdrawal,20.1,1087.7,2607.8900000000003,5,23,5506,0,No,,,Normal
2215-ZAFGX,Male,35,No,No,No,La Mesa,California,9,0-12,Month-to-Month,Fiber Optic,Bank Withdrawal,85.5,791.7,895.2,5,69,4867,0,No,,,Normal
8213-TAZPM,Female,45,No,Yes,Yes,Lemon Grove,California,69,49-72,One Year,Fiber Optic,Bank Withdrawal,108.75,7493.05,10798.1,4,46,5874,0,No,,,Normal
1304-SEGFY,Female,57,No,Yes,No,National City,California,72,49-72,Two Year,Fiber Optic,Bank Withdrawal,97.85,6841.3,7025.62,4,22,4508,0,No,,,Normal
7242-EDTYC,Male,48,No,No,Yes,Pine Valley,California,44,25-48,Two Year,,Bank Withdrawal,19.55,819.95,1452.23,3,40,5860,0,No,,,Normal
2904-GGUAZ,Female,24,No,Yes,No,Potrero,California,72,49-72,Two Year,Fiber Optic,Bank Withdrawal,84.05,6052.25,7215.05,4,47,5515,0,No,,,Normal
5136-GFPMB,Male,44,No,No,No,Spring Valley,California,54,49-72,Month-to-Month,Fiber Optic,Credit Card,89.4,4869.5,6776.78,5,56,5871,0,No,,,Normal
2595-KIWPV,Male,48,No,No,Yes,Tecate,California,27,25-48,Two Year,,Credit Card,19.7,509.3,1380.86,3,79,4052,0,No,,,Normal
5243-SAOTC,Male,36,No,No,No,Bonsall,California,54,49-72,Month-to-Month,Fiber Optic,Bank Withdrawal,79.85,4308.25,4720.81,4,46,5166,0,No,,,Normal
7619-PLRLP,Female,41,No,Yes,No,Cardiff By The Sea,California,53,49-72,One Year,Cable,Bank Withdrawal,74.1,3833.95,5802.37,4,37,5136,0,No,,,Normal
6508-NJYRO,Male,36,No,Yes,No,Carlsbad,California,15,13-24,One Year,,Credit Card,18.8,294.95,509.0,4,31,3977,0,No,,,Normal
4710-NKCAW,Male,42,No,Yes,Yes,El Cajon,California,5,0-12,Month-to-Month,DSL,Credit Card,64.4,316.9,403.75,3,31,3260,0,No,,,Normal
5306-BVTKJ,Male,20,No,Yes,Yes,El Cajon,California,48,25-48,One Year,DSL,Credit Card,55.8,2651.2,4489.599999999999,4,27,3446,0,No,,,Normal
0357-NVCRI,Female,41,No,No,Yes,El Cajon,California,25,25-48,Month-to-Month,,Credit Card,20.05,471.7,793.45,5,24,2192,0,No,,,Normal
2371-KFUOG,Male,54,No,No,No,Escondido,California,58,49-72,One Year,Fiber Optic,Bank Withdrawal,99.15,5720.95,7615.809999999999,3,26,6409,0,No,,,Normal
0463-ZSDNT,Male,23,No,No,No,Escondido,California,10,0-12,Month-to-Month,DSL,Bank Withdrawal,56.75,503.25,836.25,5,70,2037,0,No,,,Normal
6257-DTAYD,Male,27,No,Yes,No,Fallbrook,California,71,49-72,Two Year,Fiber Optic,Credit Card,104.15,7365.3,7639.360000000001,4,65,5973,0,No,,,Normal
4616-ULAOA,Female,33,No,Yes,Yes,Escondido,California,65,49-72,Two Year,Fiber Optic,Credit Card,110.8,7245.9,10184.55,3,23,6332,0,No,,,Normal
7746-AWNQW,Female,62,No,No,No,La Jolla,California,28,25-48,Month-to-Month,DSL,Mailed Check,35.75,961.4,961.4,4,69,2431,0,No,,,Normal
5996-EBTKM,Female,46,No,Yes,Yes,Lakeside,California,67,49-72,Two Year,DSL,Bank Withdrawal,69.9,4615.9,5609.509999999999,3,21,6079,0,No,,,Normal
2758-RNWXS,Male,60,No,No,No,Oceanside,California,35,25-48,One Year,Fiber Optic,Bank Withdrawal,89.2,3251.3,4987.65,4,39,4446,0,No,,,Normal
2314-TNDJQ,Female,28,No,Yes,Yes,Oceanside,California,72,49-72,Two Year,Cable,Credit Card,55.65,3880.05,3880.05,4,35,5192,0,No,,,Normal
2405-LBMUW,Female,25,No,Yes,Yes,Oceanside,California,61,49-72,One Year,DSL,Bank Withdrawal,50.7,3088.75,3108.75,4,22,5024,0,No,,,Normal
9013-AQORL,Female,26,No,No,Yes,Ramona,California,48,25-48,Month-to-Month,DSL,Credit Card,45.55,2108.35,2108.35,3,52,4106,0,No,,,Normal
2898-MRKPI,Male,36,No,Yes,Yes,Ranchita,California,68,49-72,One Year,Fiber Optic,Credit Card,101.05,6770.5,9124.66,4,32,5570,0,No,,,Normal
2750-BJLSB,Female,32,No,No,No,Rancho Santa Fe,California,47,25-48,One Year,Fiber Optic,Bank Withdrawal,103.7,4730.6,4845.75,4,20,4543,0,No,,,Normal
3648-GZPHF,Male,48,No,Yes,Yes,San Marcos,California,32,25-48,One Year,DSL,Mailed Check,36.25,1151.05,1151.05,5,45,2609,0,No,,,Normal
2075-RMJIK,Female,54,No,Yes,Yes,Santa Ysabel,California,5,0-12,Month-to-Month,Cable,Mailed Check,49.4,232.55,477.85,4,44,5756,0,No,,,Normal
9588-YRFHY,Male,19,No,No,No,Santee,California,49,49-72,Two Year,,Credit Card,19.9,1022.6,1329.34,3,71,5240,0,No,,,High Risk
9364-YKUVW,Male,53,No,No,No,Valley Center,California,15,13-24,Month-to-Month,,Mailed Check,19.8,309.4,551.3499999999999,5,73,2681,0,No,,,Normal
5392-AKEMH,Female,50,No,No,No,Vista,California,12,0-12,Month-to-Month,DSL,Bank Withdrawal,45.05,523.1,897.74,4,37,5624,0,No,,,Normal
3914-FDRHP,Male,25,No,No,No,Warner Springs,California,9,0-12,Month-to-Month,Fiber Optic,Bank Withdrawal,86.25,770.5,1187.56,5,42,4754,0,No,,,Normal
3078-ZKNTS,Female,45,No,Yes,Yes,Rancho Santa Fe,California,13,13-24,Two Year,,Bank Withdrawal,19.75,246.7,319.24,3,22,4314,0,No,,,Normal
1024-KPRBB,Female,63,No,No,No,San Diego,California,38,25-48,One Year,Fiber Optic,Mailed Check,89.1,3342.0,4575.42,4,56,2675,0,No,,,Normal
9547-ITEFG,Male,32,No,Yes,Yes,San Diego,California,9,0-12,Month-to-Month,Fiber Optic,Credit Card,102.6,897.75,1108.53,5,32,4062,0,No,,,Normal
1264-FUHCX,Female,51,No,Yes,No,San Diego,California,49,49-72,One Year,DSL,Credit Card,56.3,2780.6,2780.6,5,20,5913,0,No,,,Normal
6598-KELSS,Male,40,No,No,Yes,San Diego,California,50,49-72,One Year,DSL,Bank Withdrawal,43.05,2208.05,2208.05,3,41,5409,0,No,,,Normal
0422-UXFAP,Female,34,No,Yes,No,San Diego,California,51,49-72,One Year,Fiber Optic,Bank Withdrawal,98.85,4947.55,7511.27,5,43,6034,0,No,,,Normal
1904-WAJAA,Female,23,No,Yes,Yes,Coronado,California,24,13-24,Two Year,DSL,Bank Withdrawal,64.35,1558.65,2675.61,4,60,5461,0,No,,,Normal
5130-YPIRV,Female,22,No,Yes,No,San Diego,California,62,49-72,Two Year,Cable,Credit Card,72.0,4284.2,4681.62,4,48,6489,0,No,,,Normal
2843-CQMEG,Male,21,No,No,No,San Diego,California,24,13-24,Month-to-Month,Cable,Mailed Check,49.7,1218.25,1307.53,3,38,2911,0,No,,,Normal
6439-PKTRR,Female,50,No,Yes,Yes,San Diego,California,70,49-72,Two Year,Cable,Bank Withdrawal,80.7,5617.95,5905.65,4,49,4412,0,No,,,Normal
5568-DMXZS,Female,36,No,No,No,San Diego,California,8,0-12,Month-to-Month,Cable,Bank Withdrawal,65.45,554.45,853.4100000000001,5,80,5227,0,No,,,High Risk
8468-FZTOE,Female,61,No,Yes,Yes,San Diego,California,72,49-72,Two Year,Cable,Bank Withdrawal,74.35,5237.4,6526.52,4,78,4874,0,No,,,Normal
6633-SYEUS,Female,23,No,No,No,San Diego,California,23,13-24,Month-to-Month,Fiber Optic,Bank Withdrawal,83.2,2032.3,2467.59,3,28,2061,0,No,,,Normal
6447-GORXK,Male,20,No,No,Yes,San Diego,California,31,25-48,Month-to-Month,Cable,Credit Card,25.0,789.2,766.8000000000001,4,65,4242,0,No,,,Normal
6967-PEJLL,Male,23,No,Yes,Yes,San Diego,California,37,25-48,One Year,Cable,Bank Withdrawal,40.2,1525.35,1525.35,4,48,2308,0,No,,,Normal
1684-FLBGS,Female,60,No,Yes,Yes,San Diego,California,23,13-24,Month-to-Month,Cable,Credit Card,69.5,1652.1,2267.48,4,66,2159,0,No,,,Normal
1389-WNUIB,Female,21,No,Yes,Yes,San Diego,California,20,13-24,One Year,Cable,Bank Withdrawal,76.0,1588.75,1957.25,4,69,4085,0,No,,,Normal
0376-OIWME,Male,24,No,Yes,No,San Ysidro,California,36,25-48,Month-to-Month,Fiber Optic,Bank Withdrawal,93.6,3366.05,4837.37,4,53,2701,0,No,,,Normal
0218-QNVAS,Male,22,No,Yes,Yes,Indio,California,71,49-72,One Year,Fiber Optic,Bank Withdrawal,100.55,7113.75,9108.9,5,37,5876,0,No,,,Normal
0804-YGEQV,Female,59,No,Yes,Yes,Palm Desert,California,43,25-48,One Year,,Bank Withdrawal,24.45,993.15,2157.11,4,77,5119,0,No,,,High Risk
7164-BPTUT,Male,55,No,No,Yes,Banning,California,57,49-72,Two Year,Cable,Mailed Check,89.55,5012.35,5515.42,4,22,4260,0,No,,,Normal
2523-EWWZL,Female,26,No,Yes,No,Blythe,California,27,25-48,Month-to-Month,Fiber Optic,Bank Withdrawal,76.1,2093.4,3134.3500000000004,3,43,3291,0,No,,,Normal
0928-XUTSN,Female,22,No,No,No,Brawley,California,13,13-24,Month-to-Month,Fiber Optic,Bank Withdrawal,80.5,1011.8,1571.6799999999998,4,37,3895,0,No,,,Normal
0052-YNYOT,Female,28,No,No,No,Calexico,California,67,49-72,One Year,,Bank Withdrawal,20.55,1343.4,2861.91,5,72,5462,0,No,,,High Risk
9586-JGQKH,Female,61,No,Yes,No,Cathedral City,California,64,49-72,Two Year,Fiber Optic,Bank Withdrawal,105.4,6794.75,9915.15,3,24,4512,0,No,,,Normal
4501-VCPFK,Male,25,No,No,No,Coachella,California,26,25-48,Month-to-Month,Cable,Bank Withdrawal,35.75,1022.5,1022.5,5,65,2734,0,No,,,Normal
6075-SLNIL,Male,47,No,No,No,Desert Center,California,38,25-48,Month-to-Month,Fiber Optic,Credit Card,95.1,3691.2,3946.18,3,62,5393,0,No,,,Normal
9347-AERRL,Male,60,No,Yes,No,Desert Hot Springs,California,23,13-24,One Year,,Credit Card,19.3,486.2,1317.42,5,68,2111,0,No,,,Normal
6691-CCIHA,Female,46,No,Yes,No,Joshua Tree,California,62,49-72,Two Year,Cable,Bank Withdrawal,84.95,5150.55,5437.27,4,39,6307,0,No,,,Normal
1685-BQULA,Female,54,No,No,No,La Quinta,California,40,25-48,Month-to-Month,Fiber Optic,Bank Withdrawal,93.4,3756.4,3865.42,3,53,3819,0,No,,,Normal
9053-EJUNL,Male,35,No,No,No,Mecca,California,41,25-48,Month-to-Month,Fiber Optic,Bank Withdrawal,89.2,3645.75,5359.39,5,77,3259,0,No,,,Normal
4807-IZYOZ,Female,25,No,No,No,North Palm Springs,California,51,49-72,Two Year,,Bank Withdrawal,20.65,1020.75,1982.16,3,70,4725,0,No,,,Normal
9710-NJERN,Female,30,No,No,No,Palm Desert,California,39,25-48,Two Year,,Mailed Check,20.15,826.0,861.3100000000001,3,44,2007,0,No,,,Normal
9837-FWLCH,Male,39,No,Yes,Yes,Palm Springs,California,12,0-12,Month-to-Month,,Bank Withdrawal,19.2,239.0,497.5,3,73,3101,0,No,,,Normal
7203-OYKCT,Male,45,No,No,No,Palo Verde,California,72,49-72,One Year,Fiber Optic,Bank Withdrawal,104.95,7544.3,9961.84,5,20,5760,0,No,,,Normal
7398-LXGYX,Male,53,No,Yes,No,Pioneertown,California,44,25-48,Month-to-Month,Fiber Optic,Credit Card,84.8,3626.35,4523.55,4,44,2770,0,No,,,Normal
2823-LKABH,Female,51,No,No,No,Rancho Mirage,California,18,13-24,Month-to-Month,Fiber Optic,Bank Withdrawal,95.05,1679.4,1774.31,4,60,4524,0,No,,,Normal
0550-DCXLH,Male,64,No,No,No,Thermal,California,13,13-24,Month-to-Month,DSL,Mailed Check,73.35,931.55,1415.4,4,65,4645,0,No,,,Normal
9281-CEDRU,Female,23,No,Yes,No,Salton City,California,68,49-72,Two Year,DSL,Bank Withdrawal,64.1,4326.25,4893.29,5,48,5553,0,No,,,Normal
9767-FFLEM,Male,63,No,No,No,Westmorland,California,38,25-48,Month-to-Month,Fiber Optic,Credit Card,69.5,2625.25,3936.58,3,35,4591,0,No,,,Normal
8456-QDAVC,Male,57,No,No,No,Winterhaven,California,19,13-24,Month-to-Month,Fiber Optic,Bank Withdrawal,78.7,1495.1,2029.71,3,20,2464,0,No,,,Normal
7750-EYXWZ,Female,62,No,No,No,Yucca Valley,California,12,0-12,One Year,Cable,Bank Withdrawal,60.65,743.3,702.89,3,24,3740,0,No,,,Normal
2569-WGERO,Female,30,No,No,No,Landers,California,72,49-72,Two Year,,Bank Withdrawal,21.15,1419.4,3039.53,5,45,5306,0,No,,,Normal
6840-RESVB,Male,38,No,Yes,Yes,Adelanto,California,24,13-24,One Year,Cable,Mailed Check,84.8,1990.5,2807.47,3,59,2140,0,No,,,Normal
2234-XADUH,Female,30,No,Yes,Yes,Amboy,California,72,49-72,One Year,Fiber Optic,Credit Card,103.2,7362.9,9453.04,4,71,5560,0,No,,,High Risk
4801-JZAZL,Female,32,No,Yes,Yes,Angelus Oaks,California,11,0-12,Month-to-Month,DSL,Bank Withdrawal,29.6,346.45,319.21,4,59,2793,0,No,,,Normal
3186-AJIEK,Male,44,No,No,No,Apple Valley,California,66,49-72,Two Year,Fiber Optic,Bank Withdrawal,105.65,6844.5,8887.86,4,38,5097,0,No,,,Normal
